time,pm2_5,pm10,nitrogen_dioxide,temperature_2m,relative_humidity_2m,wind_speed_10m,wind_direction_10m,surface_pressure,precipitation,country,city,latitude,longitude
2026-05-01 00:00:00,116.6,635.2,25.3,23.3,71,10.1,115,979.5,0.0,India,Delhi,28.6139,77.209
2026-05-01 01:00:00,105.2,517.8,22.9,23.5,71,8.0,108,980.5,0.0,India,Delhi,28.6139,77.209
2026-05-01 02:00:00,90.8,453.6,19.4,24.5,68,8.0,96,981.4,0.0,India,Delhi,28.6139,77.209
2026-05-01 03:00:00,79.6,427.5,16.0,26.1,64,9.3,108,981.7,0.0,India,Delhi,28.6139,77.209
2026-05-01 04:00:00,74.7,436.8,12.7,28.1,57,10.2,108,981.8,0.0,India,Delhi,28.6139,77.209
2026-05-01 05:00:00,74.0,448.9,9.4,30.0,51,9.7,109,981.9,0.0,India,Delhi,28.6139,77.209
2026-05-01 06:00:00,76.6,471.2,7.0,31.5,45,9.2,110,981.3,0.0,India,Delhi,28.6139,77.209
2026-05-01 07:00:00,78.0,486.2,5.7,33.4,39,8.1,102,980.9,0.0,India,Delhi,28.6139,77.209
2026-05-01 08:00:00,78.7,482.4,5.2,34.6,36,6.6,99,980.0,0.0,India,Delhi,28.6139,77.209
2026-05-01 09:00:00,78.2,462.9,5.5,35.6,32,3.8,85,978.9,0.0,India,Delhi,28.6139,77.209
2026-05-01 10:00:00,78.0,443.3,6.4,36.1,29,2.4,42,977.6,0.0,India,Delhi,28.6139,77.209
2026-05-01 11:00:00,77.1,419.1,8.1,36.6,25,5.1,328,976.8,0.0,India,Delhi,28.6139,77.209
2026-05-01 12:00:00,65.0,295.2,9.4,33.7,33,9.8,113,977.1,0.0,India,Delhi,28.6139,77.209
2026-05-01 13:00:00,67.1,253.3,16.8,33.0,34,9.2,106,977.3,0.0,India,Delhi,28.6139,77.209
2026-05-01 14:00:00,70.5,224.4,26.8,32.3,35,6.4,101,978.1,0.0,India,Delhi,28.6139,77.209
2026-05-01 15:00:00,71.7,244.9,33.0,31.6,37,8.3,104,977.7,0.0,India,Delhi,28.6139,77.209
2026-05-01 16:00:00,71.7,272.9,31.9,30.5,41,7.3,99,978.9,0.0,India,Delhi,28.6139,77.209
2026-05-01 17:00:00,70.5,290.6,27.0,29.5,44,6.6,99,979.2,0.0,India,Delhi,28.6139,77.209
2026-05-01 18:00:00,71.5,319.4,22.5,29.0,48,8.9,114,978.9,0.0,India,Delhi,28.6139,77.209
2026-05-01 19:00:00,73.1,346.5,19.7,28.5,49,8.9,114,978.5,0.0,India,Delhi,28.6139,77.209
2026-05-01 20:00:00,74.3,360.4,17.3,28.0,51,7.5,130,978.2,0.0,India,Delhi,28.6139,77.209
2026-05-01 21:00:00,74.3,361.4,15.8,27.4,53,7.0,134,978.0,0.0,India,Delhi,28.6139,77.209
2026-05-01 22:00:00,72.6,352.0,15.3,27.1,54,6.9,131,977.8,0.0,India,Delhi,28.6139,77.209
2026-05-01 23:00:00,71.7,340.9,15.6,26.9,52,6.5,134,977.4,0.0,India,Delhi,28.6139,77.209
2026-05-02 00:00:00,71.5,316.6,16.9,26.3,62,8.6,157,977.8,0.0,India,Delhi,28.6139,77.209
2026-05-02 01:00:00,72.6,299.0,19.0,27.0,60,3.5,152,978.7,0.0,India,Delhi,28.6139,77.209
2026-05-02 02:00:00,72.4,304.5,21.6,28.5,55,3.0,142,979.6,0.0,India,Delhi,28.6139,77.209
2026-05-02 03:00:00,75.0,333.4,22.1,30.6,49,5.1,138,979.7,0.0,India,Delhi,28.6139,77.209
2026-05-02 04:00:00,78.7,386.5,18.3,33.0,40,7.4,139,979.8,0.0,India,Delhi,28.6139,77.209
2026-05-02 05:00:00,83.6,441.4,12.3,34.7,35,5.5,128,979.9,0.0,India,Delhi,28.6139,77.209
2026-05-02 06:00:00,86.8,476.8,7.6,35.7,31,7.2,109,979.7,0.0,India,Delhi,28.6139,77.209
2026-05-02 07:00:00,89.4,489.9,5.6,36.1,30,11.0,89,979.5,0.0,India,Delhi,28.6139,77.209
2026-05-02 08:00:00,84.1,434.9,4.9,34.7,38,10.6,88,978.8,1.5,India,Delhi,28.6139,77.209
2026-05-02 09:00:00,76.6,376.3,5.1,33.5,38,7.5,156,977.7,0.8,India,Delhi,28.6139,77.209
2026-05-02 10:00:00,72.9,347.4,5.3,34.9,32,6.1,192,976.3,0.0,India,Delhi,28.6139,77.209
2026-05-02 11:00:00,71.2,334.3,6.4,35.4,30,6.5,204,975.5,0.0,India,Delhi,28.6139,77.209
2026-05-02 12:00:00,99.0,627.7,13.0,34.1,31,14.5,120,974.7,0.0,India,Delhi,28.6139,77.209
2026-05-02 13:00:00,96.9,530.9,18.9,34.0,31,11.4,101,974.9,0.0,India,Delhi,28.6139,77.209
2026-05-02 14:00:00,96.9,449.8,26.9,32.8,33,13.7,120,975.0,0.0,India,Delhi,28.6139,77.209
2026-05-02 15:00:00,100.6,486.2,31.7,32.1,36,10.2,107,975.9,0.0,India,Delhi,28.6139,77.209
2026-05-02 16:00:00,102.0,519.7,30.5,31.3,38,6.7,88,977.4,0.0,India,Delhi,28.6139,77.209
2026-05-02 17:00:00,102.9,547.6,26.1,30.5,39,8.0,96,977.8,0.0,India,Delhi,28.6139,77.209
2026-05-02 18:00:00,102.7,556.9,22.1,30.9,41,10.4,163,977.4,0.0,India,Delhi,28.6139,77.209
2026-05-02 19:00:00,102.2,555.1,19.7,30.0,42,9.0,160,977.0,0.0,India,Delhi,28.6139,77.209
2026-05-02 20:00:00,100.6,540.2,17.6,28.6,46,5.2,166,976.8,0.0,India,Delhi,28.6139,77.209
2026-05-02 21:00:00,96.4,491.7,16.2,28.0,47,9.3,172,976.8,0.0,India,Delhi,28.6139,77.209
2026-05-02 22:00:00,92.7,451.7,15.6,27.4,46,8.9,162,976.5,0.0,India,Delhi,28.6139,77.209
2026-05-02 23:00:00,90.8,446.1,15.6,26.4,49,4.3,132,976.3,0.0,India,Delhi,28.6139,77.209
2026-05-03 00:00:00,123.9,717.1,11.7,25.8,55,9.8,118,976.9,0.0,India,Delhi,28.6139,77.209
2026-05-03 01:00:00,117.1,625.8,13.5,25.8,56,9.2,118,977.6,0.0,India,Delhi,28.6139,77.209
2026-05-03 02:00:00,110.4,607.2,15.8,27.0,54,11.5,124,978.0,0.0,India,Delhi,28.6139,77.209
2026-05-03 03:00:00,107.1,607.2,16.5,29.4,50,10.9,128,978.8,0.0,India,Delhi,28.6139,77.209
2026-05-03 04:00:00,108.0,637.0,13.9,32.0,43,10.7,131,979.4,0.0,India,Delhi,28.6139,77.209
2026-05-03 05:00:00,107.3,651.9,9.7,34.1,38,7.7,126,979.8,0.0,India,Delhi,28.6139,77.209
2026-05-03 06:00:00,105.9,661.2,6.5,34.8,32,11.8,70,980.4,0.0,India,Delhi,28.6139,77.209
2026-05-03 07:00:00,105.0,685.5,5.2,34.6,31,14.2,66,981.0,0.0,India,Delhi,28.6139,77.209
2026-05-03 08:00:00,104.3,715.3,5.0,32.5,37,15.1,78,980.9,0.0,India,Delhi,28.6139,77.209
2026-05-03 09:00:00,103.8,743.2,5.4,33.3,39,15.9,100,979.9,0.0,India,Delhi,28.6139,77.209
2026-05-03 10:00:00,104.5,771.1,6.6,34.5,33,15.3,108,979.0,0.0,India,Delhi,28.6139,77.209
2026-05-03 11:00:00,99.2,717.1,8.6,33.4,36,15.8,111,978.0,0.0,India,Delhi,28.6139,77.209
2026-05-03 12:00:00,100.6,786.0,11.5,33.2,39,15.7,107,977.6,0.0,India,Delhi,28.6139,77.209
2026-05-03 13:00:00,99.9,750.6,13.4,32.5,44,13.8,99,977.8,0.0,India,Delhi,28.6139,77.209
2026-05-03 14:00:00,88.7,601.6,16.0,32.1,45,14.0,83,978.0,0.0,India,Delhi,28.6139,77.209
2026-05-03 15:00:00,61.0,252.4,17.7,31.2,47,14.8,91,978.7,0.0,India,Delhi,28.6139,77.209
2026-05-03 16:00:00,61.0,264.5,17.7,30.3,50,14.9,105,979.3,0.0,India,Delhi,28.6139,77.209
2026-05-03 17:00:00,68.0,380.9,16.8,29.4,53,13.9,109,979.8,0.0,India,Delhi,28.6139,77.209
2026-05-03 18:00:00,88.7,558.8,15.7,28.9,54,12.8,273,980.9,0.0,India,Delhi,28.6139,77.209
2026-05-03 19:00:00,101.3,638.9,14.6,26.4,60,20.2,321,981.9,0.0,India,Delhi,28.6139,77.209
2026-05-03 20:00:00,96.4,562.5,13.3,24.1,73,16.2,339,982.1,0.0,India,Delhi,28.6139,77.209
2026-05-03 21:00:00,85.7,455.4,12.4,23.0,77,8.6,11,982.2,0.7,India,Delhi,28.6139,77.209
2026-05-03 22:00:00,81.5,461.9,11.9,22.6,78,13.5,95,980.4,0.6,India,Delhi,28.6139,77.209
2026-05-03 23:00:00,103.1,674.3,11.8,22.8,72,9.2,84,980.3,1.0,India,Delhi,28.6139,77.209
2026-05-04 00:00:00,44.8,285.0,12.7,21.8,89,7.2,93,982.7,1.6,India,Delhi,28.6139,77.209
2026-05-04 01:00:00,31.9,129.5,14.7,21.1,95,15.4,76,982.2,1.0,India,Delhi,28.6139,77.209
2026-05-04 02:00:00,28.8,102.7,17.3,21.0,88,19.6,87,979.9,0.5,India,Delhi,28.6139,77.209
2026-05-04 03:00:00,28.1,99.7,18.0,22.2,77,10.4,233,981.6,0.1,India,Delhi,28.6139,77.209
2026-05-04 04:00:00,52.3,369.7,15.0,24.5,63,6.7,82,983.0,0.0,India,Delhi,28.6139,77.209
2026-05-04 05:00:00,46.7,271.9,10.1,26.2,57,12.0,57,984.0,0.0,India,Delhi,28.6139,77.209
2026-05-04 06:00:00,45.3,238.0,6.9,26.9,59,15.0,100,984.1,0.0,India,Delhi,28.6139,77.209
2026-05-04 07:00:00,42.6,214.2,7.0,28.0,54,15.1,102,983.8,0.0,India,Delhi,28.6139,77.209
2026-05-04 08:00:00,38.4,155.1,8.8,29.1,45,15.4,101,983.2,0.0,India,Delhi,28.6139,77.209
2026-05-04 09:00:00,30.7,89.6,10.8,29.8,40,11.2,116,982.6,0.0,India,Delhi,28.6139,77.209
2026-05-04 10:00:00,43.7,251.5,12.7,29.6,42,9.7,108,982.0,0.0,India,Delhi,28.6139,77.209
2026-05-04 11:00:00,55.1,370.7,14.9,29.6,43,8.4,127,981.6,0.0,India,Delhi,28.6139,77.209
2026-05-04 12:00:00,35.0,125.7,17.8,28.6,49,11.9,95,980.2,0.0,India,Delhi,28.6139,77.209
2026-05-04 13:00:00,42.4,209.5,17.8,27.8,55,8.7,94,980.7,0.0,India,Delhi,28.6139,77.209
2026-05-04 14:00:00,41.6,164.8,17.9,26.6,62,8.6,92,981.8,0.0,India,Delhi,28.6139,77.209
2026-05-04 15:00:00,29.7,58.2,18.8,26.1,62,10.2,122,981.9,0.0,India,Delhi,28.6139,77.209
2026-05-04 16:00:00,29.3,44.6,21.5,25.4,66,8.6,82,982.8,0.0,India,Delhi,28.6139,77.209
2026-05-04 17:00:00,34.9,88.9,25.1,24.9,70,8.3,72,983.6,0.0,India,Delhi,28.6139,77.209
2026-05-04 18:00:00,43.0,119.2,27.1,24.7,75,7.4,72,984.0,0.0,India,Delhi,28.6139,77.209
2026-05-04 19:00:00,46.2,130.9,26.3,24.0,79,7.5,163,983.8,0.0,India,Delhi,28.6139,77.209
2026-05-04 20:00:00,44.0,109.9,23.9,23.8,79,6.2,165,983.8,0.0,India,Delhi,28.6139,77.209
2026-05-04 21:00:00,41.8,95.5,21.9,23.6,84,0.6,18,983.2,0.0,India,Delhi,28.6139,77.209
2026-05-04 22:00:00,39.1,85.7,20.6,23.5,82,4.1,49,982.9,0.0,India,Delhi,28.6139,77.209
2026-05-04 23:00:00,41.7,144.8,19.6,22.7,85,9.0,78,983.2,0.0,India,Delhi,28.6139,77.209
2026-05-05 00:00:00,37.8,61.0,19.4,22.6,84,11.0,67,983.9,0.0,India,Delhi,28.6139,77.209
2026-05-05 01:00:00,38.5,53.1,21.6,22.9,83,9.2,79,984.3,0.0,India,Delhi,28.6139,77.209
2026-05-05 02:00:00,41.1,62.2,24.5,24.2,79,5.3,98,985.4,0.0,India,Delhi,28.6139,77.209
2026-05-05 03:00:00,41.2,74.7,24.8,25.9,73,6.2,57,986.3,0.0,India,Delhi,28.6139,77.209
2026-05-05 04:00:00,39.3,101.5,20.3,27.1,66,6.0,83,987.0,0.0,India,Delhi,28.6139,77.209
2026-05-05 05:00:00,40.0,140.6,13.3,27.9,62,4.6,101,987.2,0.0,India,Delhi,28.6139,77.209
2026-05-05 06:00:00,32.5,94.1,7.9,29.4,50,4.4,128,987.4,0.0,India,Delhi,28.6139,77.209
2026-05-05 07:00:00,32.7,100.1,5.6,27.4,57,14.2,112,987.3,0.4,India,Delhi,28.6139,77.209
2026-05-05 08:00:00,34.9,114.1,4.9,27.5,55,6.7,121,986.9,0.0,India,Delhi,28.6139,77.209
2026-05-05 09:00:00,35.7,117.1,5.6,29.5,47,2.9,79,985.8,0.0,India,Delhi,28.6139,77.209
2026-05-05 10:00:00,37.1,123.9,7.5,27.8,55,6.3,85,985.5,0.9,India,Delhi,28.6139,77.209
2026-05-05 11:00:00,38.5,127.6,10.7,27.6,57,7.6,117,984.9,0.0,India,Delhi,28.6139,77.209
2026-05-05 12:00:00,34.1,78.5,17.6,30.5,34,2.3,225,983.4,0.0,India,Delhi,28.6139,77.209
2026-05-05 13:00:00,35.7,80.1,23.2,29.2,46,3.1,13,983.7,0.0,India,Delhi,28.6139,77.209
2026-05-05 14:00:00,42.8,81.0,30.9,27.2,49,10.5,31,984.4,0.0,India,Delhi,28.6139,77.209
2026-05-05 15:00:00,47.3,81.0,37.2,26.0,58,5.0,71,984.6,0.0,India,Delhi,28.6139,77.209
2026-05-05 16:00:00,50.9,76.6,40.3,25.2,63,5.6,69,985.1,0.0,India,Delhi,28.6139,77.209
2026-05-05 17:00:00,54.0,75.0,41.8,24.5,71,3.6,81,985.2,0.0,India,Delhi,28.6139,77.209
2026-05-05 18:00:00,56.1,72.9,43.2,24.0,76,1.0,202,984.6,0.0,India,Delhi,28.6139,77.209
2026-05-05 19:00:00,58.8,73.3,44.0,23.7,79,1.0,239,984.0,0.0,India,Delhi,28.6139,77.209
2026-05-05 20:00:00,61.7,75.4,44.7,23.4,79,0.9,270,983.6,0.0,India,Delhi,28.6139,77.209
2026-05-05 21:00:00,64.5,78.0,47.6,23.0,80,2.2,312,983.4,0.0,India,Delhi,28.6139,77.209
2026-05-05 22:00:00,68.7,84.1,56.7,22.5,80,3.4,354,983.7,0.0,India,Delhi,28.6139,77.209
2026-05-05 23:00:00,74.3,91.7,68.0,21.9,83,3.2,3,983.6,0.0,India,Delhi,28.6139,77.209
2026-05-06 00:00:00,75.0,82.0,63.5,22.0,84,2.0,190,983.6,0.0,India,Delhi,28.6139,77.209
2026-05-06 01:00:00,74.3,82.0,53.3,23.2,78,3.1,239,984.6,0.0,India,Delhi,28.6139,77.209
2026-05-06 02:00:00,68.5,82.7,39.0,24.8,70,1.4,270,985.3,0.0,India,Delhi,28.6139,77.209
2026-05-06 03:00:00,62.2,104.1,26.6,27.0,58,1.0,301,985.6,0.0,India,Delhi,28.6139,77.209
2026-05-06 04:00:00,55.8,152.3,17.9,29.1,47,2.3,328,985.5,0.0,India,Delhi,28.6139,77.209
2026-05-06 05:00:00,56.1,257.0,11.0,30.9,36,3.7,346,985.3,0.0,India,Delhi,28.6139,77.209
2026-05-06 06:00:00,46.3,213.7,6.2,31.8,32,4.8,22,985.1,0.0,India,Delhi,28.6139,77.209
2026-05-06 07:00:00,37.7,170.9,3.9,32.9,28,5.4,21,984.5,0.0,India,Delhi,28.6139,77.209
2026-05-06 08:00:00,36.9,166.2,3.8,33.7,26,5.2,16,983.3,0.0,India,Delhi,28.6139,77.209
2026-05-06 09:00:00,38.6,182.5,4.4,34.3,23,5.4,2,982.1,0.0,India,Delhi,28.6139,77.209
2026-05-06 10:00:00,40.2,208.2,4.9,34.7,22,5.2,326,981.1,0.0,India,Delhi,28.6139,77.209
2026-05-06 11:00:00,44.2,248.7,6.3,34.5,22,7.5,287,980.5,0.0,India,Delhi,28.6139,77.209
2026-05-06 12:00:00,44.2,285.9,9.8,34.1,21,9.8,265,980.1,0.0,India,Delhi,28.6139,77.209
2026-05-06 13:00:00,53.1,283.1,28.7,33.5,22,8.8,255,980.2,0.0,India,Delhi,28.6139,77.209
2026-05-06 14:00:00,72.9,310.1,54.2,31.9,26,1.3,56,980.6,0.0,India,Delhi,28.6139,77.209
2026-05-06 15:00:00,76.1,299.0,68.8,30.4,30,9.0,93,981.2,0.0,India,Delhi,28.6139,77.209
2026-05-06 16:00:00,70.8,327.8,62.0,28.6,38,8.8,125,981.7,0.0,India,Delhi,28.6139,77.209
2026-05-06 17:00:00,67.8,338.1,44.2,27.7,39,8.1,118,981.8,0.0,India,Delhi,28.6139,77.209
2026-05-06 18:00:00,63.1,292.4,29.5,27.2,46,10.9,73,981.4,0.0,India,Delhi,28.6139,77.209
2026-05-06 19:00:00,59.5,272.9,23.1,26.8,46,8.1,84,981.1,0.0,India,Delhi,28.6139,77.209
2026-05-06 20:00:00,53.0,214.2,19.7,26.0,49,9.2,84,981.1,0.0,India,Delhi,28.6139,77.209
2026-05-06 21:00:00,46.9,176.5,17.2,25.4,49,9.4,91,981.0,0.1,India,Delhi,28.6139,77.209
2026-05-06 22:00:00,56.0,314.8,14.8,24.5,52,12.1,123,981.7,0.0,India,Delhi,28.6139,77.209
2026-05-06 23:00:00,56.9,331.6,13.4,23.0,60,12.6,121,981.9,0.0,India,Delhi,28.6139,77.209
2026-05-07 00:00:00,93.4,597.9,12.1,23.7,60,9.4,144,981.8,0.0,India,Delhi,28.6139,77.209
2026-05-07 01:00:00,83.1,434.0,14.6,24.3,58,11.2,138,982.4,0.0,India,Delhi,28.6139,77.209
2026-05-07 02:00:00,87.5,461.0,17.9,25.2,57,11.6,126,983.2,0.0,India,Delhi,28.6139,77.209
2026-05-07 03:00:00,83.8,489.9,18.9,26.9,54,13.3,122,983.9,0.0,India,Delhi,28.6139,77.209
2026-05-07 04:00:00,85.4,592.3,15.3,28.1,49,16.0,105,984.7,0.0,India,Delhi,28.6139,77.209
2026-05-07 05:00:00,106.6,791.6,9.5,29.9,43,19.2,126,984.4,0.0,India,Delhi,28.6139,77.209
2026-05-07 06:00:00,107.6,823.3,5.3,30.1,43,17.4,124,985.2,0.0,India,Delhi,28.6139,77.209
2026-05-07 07:00:00,102.0,797.2,4.4,29.6,45,17.9,122,985.1,0.0,India,Delhi,28.6139,77.209
2026-05-07 08:00:00,102.9,821.4,5.2,29.1,46,18.3,104,984.8,0.0,India,Delhi,28.6139,77.209
2026-05-07 09:00:00,107.6,877.3,6.4,29.9,42,13.5,115,984.4,0.0,India,Delhi,28.6139,77.209
2026-05-07 10:00:00,116.6,961.1,7.7,29.9,41,14.7,104,983.4,0.0,India,Delhi,28.6139,77.209
2026-05-07 11:00:00,116.6,953.7,9.4,29.9,41,14.3,124,983.2,0.0,India,Delhi,28.6139,77.209
2026-05-07 12:00:00,105.5,855.0,11.6,30.5,36,15.1,115,982.5,0.0,India,Delhi,28.6139,77.209
2026-05-07 13:00:00,94.5,687.3,13.9,29.5,39,12.0,106,983.0,0.0,India,Delhi,28.6139,77.209
2026-05-07 14:00:00,78.7,530.9,16.9,27.7,46,12.6,88,983.5,0.0,India,Delhi,28.6139,77.209
2026-05-07 15:00:00,70.1,430.3,18.8,26.5,53,12.3,93,984.1,0.0,India,Delhi,28.6139,77.209
2026-05-07 16:00:00,65.7,381.8,18.4,25.7,60,12.1,95,984.5,0.0,India,Delhi,28.6139,77.209
2026-05-07 17:00:00,63.6,357.6,16.8,25.1,63,11.0,104,984.3,0.0,India,Delhi,28.6139,77.209
2026-05-07 18:00:00,63.8,350.2,15.5,24.8,68,11.3,110,984.1,0.0,India,Delhi,28.6139,77.209
2026-05-07 19:00:00,64.5,346.5,15.0,24.0,73,9.2,118,983.7,0.0,India,Delhi,28.6139,77.209
2026-05-07 20:00:00,64.3,329.7,14.8,23.5,76,8.9,117,983.0,0.0,India,Delhi,28.6139,77.209
2026-05-07 21:00:00,62.2,299.0,14.7,23.0,79,9.2,106,982.9,0.0,India,Delhi,28.6139,77.209
2026-05-07 22:00:00,60.3,292.4,14.5,22.5,84,9.0,106,982.9,0.0,India,Delhi,28.6139,77.209
2026-05-07 23:00:00,58.1,292.4,14.4,22.1,86,8.5,102,983.3,0.0,India,Delhi,28.6139,77.209
2026-05-08 00:00:00,61.9,297.1,16.1,22.2,87,10.5,121,983.9,0.0,India,Delhi,28.6139,77.209
2026-05-08 01:00:00,65.7,326.9,17.4,22.7,84,9.7,105,984.3,0.0,India,Delhi,28.6139,77.209
2026-05-08 02:00:00,68.5,325.0,19.0,24.2,76,9.8,120,985.0,0.0,India,Delhi,28.6139,77.209
2026-05-08 03:00:00,71.0,367.9,18.9,26.4,64,11.0,124,985.4,0.0,India,Delhi,28.6139,77.209
2026-05-08 04:00:00,73.3,427.5,15.3,28.7,54,12.3,120,985.8,0.0,India,Delhi,28.6139,77.209
2026-05-08 05:00:00,76.1,482.4,10.0,30.6,45,13.3,117,985.8,0.0,India,Delhi,28.6139,77.209
2026-05-08 06:00:00,75.9,508.5,5.9,32.0,38,14.5,120,985.2,0.0,India,Delhi,28.6139,77.209
2026-05-08 07:00:00,75.0,523.4,4.3,33.2,34,13.6,114,984.8,0.0,India,Delhi,28.6139,77.209
2026-05-08 08:00:00,74.0,529.0,4.0,34.0,31,12.6,114,984.2,0.0,India,Delhi,28.6139,77.209
2026-05-08 09:00:00,73.8,530.9,4.6,34.4,30,10.7,110,983.4,0.0,India,Delhi,28.6139,77.209
2026-05-08 10:00:00,71.9,517.8,6.1,34.3,30,9.9,92,982.7,0.0,India,Delhi,28.6139,77.209
2026-05-08 11:00:00,68.0,482.4,8.6,31.1,40,11.3,42,983.7,0.4,India,Delhi,28.6139,77.209
2026-05-08 12:00:00,68.2,478.7,10.8,32.7,32,10.4,92,982.3,0.0,India,Delhi,28.6139,77.209
2026-05-08 13:00:00,64.5,361.4,16.4,31.7,34,11.7,79,982.5,0.0,India,Delhi,28.6139,77.209
2026-05-08 14:00:00,62.9,287.8,24.1,30.6,38,9.7,79,983.2,0.0,India,Delhi,28.6139,77.209
2026-05-08 15:00:00,60.5,273.8,29.2,29.7,41,8.7,83,983.5,0.0,India,Delhi,28.6139,77.209
2026-05-08 16:00:00,57.5,236.1,29.5,28.7,45,8.5,85,983.9,0.0,India,Delhi,28.6139,77.209
2026-05-08 17:00:00,55.5,205.8,27.3,28.0,48,7.8,83,984.1,0.0,India,Delhi,28.6139,77.209
2026-05-08 18:00:00,55.1,207.7,24.8,27.5,52,7.1,100,983.7,0.0,India,Delhi,28.6139,77.209
2026-05-08 19:00:00,55.1,221.2,22.2,27.3,53,6.5,92,983.2,0.0,India,Delhi,28.6139,77.209
2026-05-08 20:00:00,55.3,226.8,19.3,26.6,57,7.5,98,983.0,0.0,India,Delhi,28.6139,77.209
2026-05-08 21:00:00,55.6,228.6,17.3,25.9,59,8.0,99,983.1,0.0,India,Delhi,28.6139,77.209
2026-05-08 22:00:00,56.2,233.3,16.7,25.3,61,7.8,97,983.3,0.0,India,Delhi,28.6139,77.209
2026-05-08 23:00:00,56.9,244.0,17.0,24.8,63,7.2,108,983.7,0.0,India,Delhi,28.6139,77.209
2026-05-09 00:00:00,58.8,170.4,24.6,24.8,68,7.2,102,984.0,0.0,India,Delhi,28.6139,77.209
2026-05-09 01:00:00,60.1,200.2,24.3,25.3,65,6.5,95,984.6,0.0,India,Delhi,28.6139,77.209
2026-05-09 02:00:00,59.0,217.9,23.7,26.6,59,6.7,92,985.3,0.0,India,Delhi,28.6139,77.209
2026-05-09 03:00:00,58.4,249.6,21.7,28.7,52,7.4,94,985.8,0.0,India,Delhi,28.6139,77.209
2026-05-09 04:00:00,57.4,265.4,16.9,30.8,45,8.4,105,986.1,0.0,India,Delhi,28.6139,77.209
2026-05-09 05:00:00,52.2,263.6,10.7,32.6,38,8.7,112,985.8,0.0,India,Delhi,28.6139,77.209
2026-05-09 06:00:00,52.9,293.4,6.1,33.5,34,9.2,107,985.3,0.0,India,Delhi,28.6139,77.209
2026-05-09 07:00:00,54.7,308.3,4.4,34.7,32,8.3,103,984.9,0.0,India,Delhi,28.6139,77.209
2026-05-09 08:00:00,54.1,299.0,4.4,35.3,30,7.1,97,984.2,0.0,India,Delhi,28.6139,77.209
2026-05-09 09:00:00,53.7,284.1,5.0,35.5,29,7.3,97,983.3,0.0,India,Delhi,28.6139,77.209
2026-05-09 10:00:00,52.9,265.4,5.8,35.5,28,6.7,82,982.6,0.0,India,Delhi,28.6139,77.209
2026-05-09 11:00:00,51.2,241.2,7.3,35.3,28,7.5,66,982.2,0.0,India,Delhi,28.6139,77.209
2026-05-09 12:00:00,55.5,284.1,10.0,34.5,30,8.9,82,981.7,0.0,India,Delhi,28.6139,77.209
2026-05-09 13:00:00,53.2,235.2,13.8,33.4,33,11.9,75,982.2,0.0,India,Delhi,28.6139,77.209
2026-05-09 14:00:00,56.2,237.0,19.1,32.2,37,9.9,61,982.7,0.0,India,Delhi,28.6139,77.209
2026-05-09 15:00:00,58.0,235.2,23.3,31.0,43,9.0,70,983.0,0.0,India,Delhi,28.6139,77.209
2026-05-09 16:00:00,58.9,221.7,25.3,30.0,48,9.4,91,983.6,0.0,India,Delhi,28.6139,77.209
2026-05-09 17:00:00,60.1,205.4,26.2,29.2,50,6.8,107,983.7,0.0,India,Delhi,28.6139,77.209
2026-05-09 18:00:00,61.0,200.7,26.3,28.8,54,7.3,130,983.7,0.0,India,Delhi,28.6139,77.209
2026-05-09 19:00:00,61.7,202.1,25.3,28.3,56,5.5,117,983.3,0.0,India,Delhi,28.6139,77.209
2026-05-09 20:00:00,63.8,208.2,23.5,27.7,58,5.6,130,982.8,0.0,India,Delhi,28.6139,77.209
2026-05-09 21:00:00,66.1,217.5,22.0,27.2,59,5.6,140,982.5,0.0,India,Delhi,28.6139,77.209
2026-05-09 22:00:00,68.9,238.4,21.3,26.9,59,6.1,133,982.8,0.0,India,Delhi,28.6139,77.209
2026-05-09 23:00:00,72.6,273.8,21.1,26.5,59,6.9,127,983.2,0.0,India,Delhi,28.6139,77.209
2026-05-10 00:00:00,73.6,262.6,23.5,26.3,63,7.7,139,983.6,0.0,India,Delhi,28.6139,77.209
2026-05-10 01:00:00,76.1,278.5,23.5,26.9,60,6.9,118,984.7,0.0,India,Delhi,28.6139,77.209
2026-05-10 02:00:00,75.9,279.4,23.3,28.1,55,6.9,123,985.4,0.0,India,Delhi,28.6139,77.209
2026-05-10 03:00:00,72.9,277.5,21.5,30.2,49,5.8,126,985.9,0.0,India,Delhi,28.6139,77.209
2026-05-10 04:00:00,65.9,279.4,16.6,32.4,40,8.1,133,986.3,0.0,India,Delhi,28.6139,77.209
2026-05-10 05:00:00,61.9,296.2,10.2,33.8,35,10.1,125,985.7,0.0,India,Delhi,28.6139,77.209
2026-05-10 06:00:00,62.9,312.0,5.5,34.8,34,11.7,117,985.1,0.0,India,Delhi,28.6139,77.209
2026-05-10 07:00:00,64.3,326.9,4.0,35.8,31,9.3,118,984.5,0.0,India,Delhi,28.6139,77.209
2026-05-10 08:00:00,65.7,329.7,4.1,36.7,28,6.4,126,983.7,0.0,India,Delhi,28.6139,77.209
2026-05-10 09:00:00,68.0,334.3,5.1,37.2,26,6.6,145,982.4,0.0,India,Delhi,28.6139,77.209
2026-05-10 10:00:00,68.5,320.4,6.5,37.3,24,8.3,138,981.4,0.0,India,Delhi,28.6139,77.209
2026-05-10 11:00:00,68.0,295.2,8.8,36.9,26,6.7,128,980.8,0.0,India,Delhi,28.6139,77.209
2026-05-10 12:00:00,65.4,258.0,11.7,35.4,29,9.6,98,980.5,0.0,India,Delhi,28.6139,77.209
2026-05-10 13:00:00,63.1,219.3,16.2,34.1,32,12.2,82,980.9,0.0,India,Delhi,28.6139,77.209
2026-05-10 14:00:00,65.0,204.9,21.3,32.5,37,11.6,66,981.4,0.0,India,Delhi,28.6139,77.209
2026-05-10 15:00:00,67.3,221.2,24.8,31.6,39,8.3,85,981.9,0.0,India,Delhi,28.6139,77.209
2026-05-10 16:00:00,68.5,235.2,25.2,30.8,41,7.9,103,982.6,0.0,India,Delhi,28.6139,77.209
2026-05-10 17:00:00,68.7,233.3,24.0,30.0,43,8.5,95,982.7,0.0,India,Delhi,28.6139,77.209
2026-05-10 18:00:00,68.0,221.2,22.5,29.9,46,8.5,102,982.8,0.0,India,Delhi,28.6139,77.209
2026-05-10 19:00:00,66.6,207.7,21.1,29.8,47,8.7,107,982.8,0.0,India,Delhi,28.6139,77.209
2026-05-10 20:00:00,65.9,199.3,19.5,29.3,49,7.8,98,982.6,0.0,India,Delhi,28.6139,77.209
2026-05-10 21:00:00,66.8,205.8,18.2,28.7,51,8.4,110,982.4,0.0,India,Delhi,28.6139,77.209
2026-05-10 22:00:00,68.2,221.2,17.3,28.2,52,8.0,108,982.6,0.0,India,Delhi,28.6139,77.209
2026-05-10 23:00:00,70.3,244.0,16.8,27.8,53,7.2,108,983.2,0.0,India,Delhi,28.6139,77.209
2026-05-11 00:00:00,53.1,100.8,24.4,27.3,57,8.8,123,983.8,0.0,India,Delhi,28.6139,77.209
2026-05-11 01:00:00,59.8,183.9,24.3,27.8,56,8.3,106,984.5,0.0,India,Delhi,28.6139,77.209
2026-05-11 02:00:00,60.5,194.6,23.9,29.0,52,9.2,111,984.9,0.0,India,Delhi,28.6139,77.209
2026-05-11 03:00:00,61.7,230.0,22.2,30.9,47,10.0,120,985.3,0.0,India,Delhi,28.6139,77.209
2026-05-11 04:00:00,63.1,266.4,18.0,33.1,40,6.8,125,985.9,0.0,India,Delhi,28.6139,77.209
2026-05-11 05:00:00,64.5,285.9,12.5,34.7,35,7.3,138,985.7,0.0,India,Delhi,28.6139,77.209
2026-05-11 06:00:00,67.8,317.6,8.3,34.4,34,4.2,170,985.3,0.0,India,Delhi,28.6139,77.209
2026-05-11 07:00:00,72.2,351.1,6.3,35.2,33,7.6,128,984.0,0.0,India,Delhi,28.6139,77.209
2026-05-11 08:00:00,75.9,368.8,5.6,36.1,31,7.4,133,983.0,0.0,India,Delhi,28.6139,77.209
2026-05-11 09:00:00,77.3,364.1,5.7,37.0,29,7.4,141,981.9,0.0,India,Delhi,28.6139,77.209
2026-05-11 10:00:00,77.3,349.2,6.3,37.4,28,4.6,149,981.1,0.0,India,Delhi,28.6139,77.209
2026-05-11 11:00:00,74.0,319.4,7.7,37.7,27,1.1,162,980.8,0.0,India,Delhi,28.6139,77.209
2026-05-11 12:00:00,66.6,228.2,12.0,36.7,30,3.8,335,980.8,0.0,India,Delhi,28.6139,77.209
2026-05-11 13:00:00,71.0,201.2,20.6,36.3,31,2.4,347,980.4,0.0,India,Delhi,28.6139,77.209
2026-05-11 14:00:00,78.7,171.8,32.4,35.1,33,3.7,35,980.8,0.0,India,Delhi,28.6139,77.209
2026-05-11 15:00:00,77.8,164.8,40.2,33.9,37,7.0,80,981.1,0.0,India,Delhi,28.6139,77.209
2026-05-11 16:00:00,76.4,183.9,40.5,32.6,42,7.2,102,981.5,0.0,India,Delhi,28.6139,77.209
2026-05-11 17:00:00,77.5,198.8,36.8,31.6,45,6.8,108,981.6,0.0,India,Delhi,28.6139,77.209
2026-05-11 18:00:00,78.0,210.0,32.7,30.9,49,9.9,123,980.8,0.0,India,Delhi,28.6139,77.209
2026-05-11 19:00:00,77.1,226.8,29.0,30.3,51,8.9,115,980.4,0.0,India,Delhi,28.6139,77.209
2026-05-11 20:00:00,77.3,242.1,24.8,29.9,51,8.5,117,980.4,0.0,India,Delhi,28.6139,77.209
2026-05-11 21:00:00,78.0,253.3,21.7,29.5,51,8.5,122,980.2,0.0,India,Delhi,28.6139,77.209
2026-05-11 22:00:00,78.2,257.0,20.2,29.1,52,7.5,130,980.4,0.0,India,Delhi,28.6139,77.209
2026-05-11 23:00:00,78.5,261.7,19.8,28.8,53,7.7,143,980.6,0.0,India,Delhi,28.6139,77.209
2026-05-12 00:00:00,77.5,316.6,16.9,28.1,61,8.7,120,981.0,0.0,India,Delhi,28.6139,77.209
2026-05-12 01:00:00,82.2,357.6,18.5,28.5,59,9.0,120,981.5,0.0,India,Delhi,28.6139,77.209
2026-05-12 02:00:00,85.2,401.4,20.5,29.7,54,11.0,128,981.7,0.0,India,Delhi,28.6139,77.209
2026-05-12 03:00:00,89.9,476.8,20.5,31.6,46,11.8,140,982.1,0.0,India,Delhi,28.6139,77.209
2026-05-12 04:00:00,96.4,553.2,16.7,31.3,50,17.3,31,983.9,1.0,India,Delhi,28.6139,77.209
2026-05-12 05:00:00,103.8,638.9,10.8,27.9,68,15.3,128,982.8,5.5,India,Delhi,28.6139,77.209
2026-05-12 06:00:00,105.0,668.7,6.5,37.1,30,15.7,132,981.7,0.0,India,Delhi,28.6139,77.209
2026-05-12 07:00:00,102.7,672.4,4.7,38.1,28,14.8,138,980.8,0.0,India,Delhi,28.6139,77.209
2026-05-12 08:00:00,96.4,640.7,4.3,38.6,27,13.1,143,979.8,0.0,India,Delhi,28.6139,77.209
2026-05-12 09:00:00,87.8,583.0,5.6,38.8,26,11.2,136,978.9,0.0,India,Delhi,28.6139,77.209
2026-05-12 10:00:00,72.4,380.0,8.5,38.0,27,8.9,144,978.5,0.0,India,Delhi,28.6139,77.209
2026-05-12 11:00:00,67.3,324.1,13.0,36.9,30,8.7,76,978.4,0.3,India,Delhi,28.6139,77.209
2026-05-12 12:00:00,74.7,381.8,19.8,35.6,34,14.2,116,977.3,0.2,India,Delhi,28.6139,77.209
2026-05-12 13:00:00,82.7,407.0,31.4,34.2,38,13.2,104,977.5,0.0,India,Delhi,28.6139,77.209
2026-05-12 14:00:00,87.5,336.2,45.1,33.0,43,9.6,81,977.9,0.0,India,Delhi,28.6139,77.209
2026-05-12 15:00:00,88.5,269.2,53.8,32.0,49,8.3,85,978.6,0.0,India,Delhi,28.6139,77.209
2026-05-12 16:00:00,87.3,237.0,53.7,31.1,53,8.9,65,979.1,0.0,India,Delhi,28.6139,77.209
2026-05-12 17:00:00,83.4,205.4,48.6,30.4,55,7.3,70,979.3,0.0,India,Delhi,28.6139,77.209
2026-05-12 18:00:00,77.5,192.3,42.3,30.0,57,8.4,109,979.5,0.0,India,Delhi,28.6139,77.209
2026-05-12 19:00:00,72.2,197.0,35.0,29.2,59,8.3,91,978.7,0.0,India,Delhi,28.6139,77.209
2026-05-12 20:00:00,70.1,212.8,26.6,28.2,61,8.7,103,978.2,0.0,India,Delhi,28.6139,77.209
2026-05-12 21:00:00,71.2,238.4,20.2,27.5,63,8.6,121,978.0,0.0,India,Delhi,28.6139,77.209
2026-05-12 22:00:00,74.3,274.7,17.3,27.0,64,7.8,127,978.4,0.0,India,Delhi,28.6139,77.209
2026-05-12 23:00:00,77.3,303.6,16.5,26.8,65,6.5,84,978.8,0.0,India,Delhi,28.6139,77.209
2026-05-13 00:00:00,93.8,299.9,24.3,26.7,69,10.1,114,979.0,0.0,India,Delhi,28.6139,77.209
2026-05-13 01:00:00,91.7,292.4,25.8,26.8,70,7.8,116,979.5,0.0,India,Delhi,28.6139,77.209
2026-05-13 02:00:00,91.7,277.5,27.7,28.2,65,8.5,102,980.2,0.0,India,Delhi,28.6139,77.209
2026-05-13 03:00:00,96.2,333.4,27.3,30.4,58,9.1,82,980.8,0.0,India,Delhi,28.6139,77.209
2026-05-13 04:00:00,102.2,380.9,22.3,32.7,49,9.6,86,981.1,0.0,India,Delhi,28.6139,77.209
2026-05-13 05:00:00,105.9,416.3,15.1,35.1,41,8.5,114,980.7,0.0,India,Delhi,28.6139,77.209
2026-05-13 06:00:00,111.3,455.4,9.5,36.1,33,11.3,136,980.7,0.0,India,Delhi,28.6139,77.209
2026-05-13 07:00:00,115.9,486.2,7.2,36.7,32,7.5,117,979.7,0.0,India,Delhi,28.6139,77.209
2026-05-13 08:00:00,116.2,493.6,6.6,37.7,29,6.2,116,978.6,0.0,India,Delhi,28.6139,77.209
2026-05-13 09:00:00,112.2,458.2,7.2,38.3,27,5.3,128,977.0,0.0,India,Delhi,28.6139,77.209
2026-05-13 10:00:00,100.6,373.5,8.8,38.7,25,3.0,155,976.3,0.0,India,Delhi,28.6139,77.209
2026-05-13 11:00:00,96.6,354.8,11.5,39.1,23,6.9,275,976.3,0.0,India,Delhi,28.6139,77.209
2026-05-13 12:00:00,75.0,275.7,17.1,37.8,31,7.9,135,974.4,0.3,India,Delhi,28.6139,77.209
2026-05-13 13:00:00,85.0,230.0,33.3,36.4,35,5.4,143,975.1,0.0,India,Delhi,28.6139,77.209
2026-05-13 14:00:00,94.3,229.6,56.0,35.4,39,3.9,156,975.7,0.0,India,Delhi,28.6139,77.209
2026-05-13 15:00:00,100.1,224.0,75.3,34.7,46,2.0,153,976.9,0.0,India,Delhi,28.6139,77.209
2026-05-13 16:00:00,106.2,226.3,87.6,34.0,47,0.6,146,977.6,0.0,India,Delhi,28.6139,77.209
2026-05-13 17:00:00,118.5,252.4,96.5,33.5,49,0.5,45,977.5,0.0,India,Delhi,28.6139,77.209
2026-05-13 18:00:00,129.5,275.7,102.5,29.0,58,11.7,36,978.4,0.0,India,Delhi,28.6139,77.209
2026-05-13 19:00:00,136.4,292.4,105.2,28.1,59,7.9,47,977.2,0.0,India,Delhi,28.6139,77.209
2026-05-13 20:00:00,140.6,306.4,105.0,27.8,56,4.4,58,976.4,0.0,India,Delhi,28.6139,77.209
2026-05-13 21:00:00,144.4,315.7,103.8,27.6,61,1.1,171,976.1,0.0,India,Delhi,28.6139,77.209
2026-05-13 22:00:00,147.1,319.4,103.1,27.5,58,3.2,214,976.0,0.0,India,Delhi,28.6139,77.209
2026-05-13 23:00:00,148.1,315.7,101.4,27.2,57,7.4,209,976.4,0.0,India,Delhi,28.6139,77.209
2026-05-14 00:00:00,109.0,306.4,35.1,25.9,68,10.3,202,976.6,0.0,India,Delhi,28.6139,77.209
2026-05-14 01:00:00,129.0,374.4,34.8,26.3,64,6.2,224,977.9,0.0,India,Delhi,28.6139,77.209
2026-05-14 02:00:00,142.5,428.4,34.1,28.2,53,5.5,221,978.3,0.0,India,Delhi,28.6139,77.209
2026-05-14 03:00:00,155.5,534.6,31.6,31.0,43,5.5,218,978.8,0.0,India,Delhi,28.6139,77.209
2026-05-14 04:00:00,149.9,506.6,25.8,33.8,34,6.2,224,979.3,0.0,India,Delhi,28.6139,77.209
2026-05-14 05:00:00,137.8,462.9,18.3,36.0,28,4.7,230,979.9,0.0,India,Delhi,28.6139,77.209
2026-05-14 06:00:00,131.8,442.4,12.3,37.6,24,3.0,163,979.8,0.0,India,Delhi,28.6139,77.209
2026-05-14 07:00:00,130.9,435.9,9.1,38.7,22,2.2,138,979.2,0.0,India,Delhi,28.6139,77.209
2026-05-14 08:00:00,127.6,423.8,7.5,39.3,21,2.9,191,978.4,0.0,India,Delhi,28.6139,77.209
2026-05-14 09:00:00,121.1,398.6,7.4,39.0,20,6.4,212,977.4,0.2,India,Delhi,28.6139,77.209
2026-05-14 10:00:00,114.1,370.7,8.8,39.4,18,7.7,323,976.6,0.0,India,Delhi,28.6139,77.209
2026-05-14 11:00:00,109.0,348.3,11.7,39.1,18,8.7,326,975.8,0.0,India,Delhi,28.6139,77.209
2026-05-14 12:00:00,99.7,295.2,18.7,38.5,24,9.0,100,974.7,0.0,India,Delhi,28.6139,77.209
2026-05-14 13:00:00,102.9,258.9,23.4,37.2,27,9.0,96,975.2,0.0,India,Delhi,28.6139,77.209
2026-05-14 14:00:00,101.7,262.6,30.3,35.6,33,8.8,95,975.9,0.0,India,Delhi,28.6139,77.209
2026-05-14 15:00:00,92.9,231.9,37.6,34.7,37,7.9,73,976.4,0.0,India,Delhi,28.6139,77.209
2026-05-14 16:00:00,81.0,159.7,47.0,34.1,38,5.9,79,977.1,0.0,India,Delhi,28.6139,77.209
2026-05-14 17:00:00,83.4,133.6,56.9,33.4,41,3.7,119,977.6,0.0,India,Delhi,28.6139,77.209
2026-05-14 18:00:00,95.5,158.3,61.1,32.6,45,15.4,238,978.3,0.0,India,Delhi,28.6139,77.209
2026-05-14 19:00:00,94.5,182.5,54.5,31.4,39,13.9,283,978.1,0.0,India,Delhi,28.6139,77.209
2026-05-14 20:00:00,98.3,235.2,42.1,30.0,49,12.5,323,978.5,0.0,India,Delhi,28.6139,77.209
2026-05-14 21:00:00,101.7,258.0,33.3,29.8,50,12.3,329,978.3,0.0,India,Delhi,28.6139,77.209
2026-05-14 22:00:00,106.2,263.6,32.3,29.1,48,10.8,349,977.6,0.0,India,Delhi,28.6139,77.209
2026-05-14 23:00:00,108.5,267.3,34.8,28.6,49,8.2,351,977.4,0.0,India,Delhi,28.6139,77.209
2026-05-15 00:00:00,55.8,139.2,21.8,29.4,45,6.5,96,976.8,0.0,India,Delhi,28.6139,77.209
2026-05-15 01:00:00,59.8,136.0,22.7,29.5,45,7.2,243,977.9,0.0,India,Delhi,28.6139,77.209
2026-05-15 02:00:00,72.9,195.6,23.7,31.0,40,6.2,232,978.7,0.0,India,Delhi,28.6139,77.209
2026-05-15 03:00:00,99.0,372.5,23.3,33.0,33,3.7,203,979.3,0.0,India,Delhi,28.6139,77.209
2026-05-15 04:00:00,108.0,437.7,20.3,35.1,26,3.3,216,980.0,0.0,India,Delhi,28.6139,77.209
2026-05-15 05:00:00,104.3,404.2,15.8,36.7,23,5.1,228,980.3,0.0,India,Delhi,28.6139,77.209
2026-05-15 06:00:00,99.9,366.9,11.8,38.1,21,9.0,215,980.3,0.0,India,Delhi,28.6139,77.209
2026-05-15 07:00:00,93.8,341.8,8.6,39.1,18,10.9,253,979.7,0.0,India,Delhi,28.6139,77.209
2026-05-15 08:00:00,87.3,324.1,5.9,39.4,17,13.3,279,978.8,0.0,India,Delhi,28.6139,77.209
2026-05-15 09:00:00,80.3,308.3,4.9,40.0,16,14.3,298,977.6,0.0,India,Delhi,28.6139,77.209
2026-05-15 10:00:00,89.2,410.7,5.8,39.9,15,16.0,306,977.0,0.0,India,Delhi,28.6139,77.209
2026-05-15 11:00:00,95.2,480.6,8.5,39.0,16,16.8,308,976.4,0.0,India,Delhi,28.6139,77.209
2026-05-15 12:00:00,102.2,609.1,11.4,38.6,18,13.2,325,976.2,0.0,India,Delhi,28.6139,77.209
2026-05-15 13:00:00,109.2,579.3,21.3,37.4,19,10.9,348,976.4,0.0,India,Delhi,28.6139,77.209
2026-05-15 14:00:00,117.8,547.6,34.8,36.1,23,7.8,26,976.9,0.0,India,Delhi,28.6139,77.209
2026-05-15 15:00:00,126.7,575.6,44.4,34.8,29,6.3,51,977.5,0.0,India,Delhi,28.6139,77.209
2026-05-15 16:00:00,132.7,607.2,46.1,33.7,34,2.8,35,978.1,0.0,India,Delhi,28.6139,77.209
2026-05-15 17:00:00,136.0,612.8,43.8,33.3,33,4.7,16,978.5,0.0,India,Delhi,28.6139,77.209
2026-05-15 18:00:00,134.1,577.4,42.1,32.6,39,3.8,3,978.3,0.0,India,Delhi,28.6139,77.209
2026-05-15 19:00:00,130.4,527.1,42.6,31.5,44,2.9,338,978.0,0.0,India,Delhi,28.6139,77.209
2026-05-15 20:00:00,128.5,486.2,43.6,31.0,44,3.2,313,977.9,0.0,India,Delhi,28.6139,77.209
2026-05-15 21:00:00,127.1,459.1,44.8,30.3,43,4.0,306,977.9,0.0,India,Delhi,28.6139,77.209
2026-05-15 22:00:00,122.0,417.2,46.7,29.6,43,3.9,292,978.1,0.0,India,Delhi,28.6139,77.209
2026-05-15 23:00:00,118.0,381.8,48.6,29.1,43,5.0,305,978.5,0.0,India,Delhi,28.6139,77.209
2026-05-16 00:00:00,165.3,745.1,26.6,29.0,47,2.7,337,978.7,0.0,India,Delhi,28.6139,77.209
2026-05-16 01:00:00,171.8,705.9,26.2,29.7,44,2.6,348,979.3,0.0,India,Delhi,28.6139,77.209
2026-05-16 02:00:00,170.0,618.4,25.4,30.9,40,3.8,352,979.9,0.0,India,Delhi,28.6139,77.209
2026-05-16 03:00:00,153.2,584.9,23.3,32.6,36,4.4,333,980.4,0.0,India,Delhi,28.6139,77.209
2026-05-16 04:00:00,123.9,416.3,18.7,34.6,31,5.5,306,980.9,0.0,India,Delhi,28.6139,77.209
2026-05-16 05:00:00,101.5,312.9,12.7,36.5,27,7.2,298,980.8,0.0,India,Delhi,28.6139,77.209
2026-05-16 06:00:00,91.5,310.1,8.0,39.2,20,7.7,288,980.6,0.0,India,Delhi,28.6139,77.209
2026-05-16 07:00:00,87.3,357.6,5.3,40.3,16,12.0,305,980.0,0.0,India,Delhi,28.6139,77.209
2026-05-16 08:00:00,83.6,417.2,3.9,40.3,15,14.7,306,979.4,0.0,India,Delhi,28.6139,77.209
2026-05-16 09:00:00,83.1,480.6,3.7,40.4,15,14.5,304,978.7,0.0,India,Delhi,28.6139,77.209
2026-05-16 10:00:00,86.8,555.1,4.7,40.0,16,16.5,306,978.0,0.0,India,Delhi,28.6139,77.209
2026-05-16 11:00:00,94.8,618.4,7.1,39.4,16,16.6,311,977.5,0.0,India,Delhi,28.6139,77.209
2026-05-16 12:00:00,108.7,761.8,10.0,39.7,15,17.1,318,977.1,0.0,India,Delhi,28.6139,77.209
2026-05-16 13:00:00,132.2,851.2,15.2,38.6,17,16.6,323,977.6,0.0,India,Delhi,28.6139,77.209
2026-05-16 14:00:00,156.5,957.4,22.5,37.3,19,14.7,327,978.2,0.0,India,Delhi,28.6139,77.209
2026-05-16 15:00:00,178.3,1035.6,28.0,36.7,20,11.3,327,978.7,0.0,India,Delhi,28.6139,77.209
2026-05-16 16:00:00,193.2,1061.7,30.4,35.7,22,8.3,330,979.3,0.0,India,Delhi,28.6139,77.209
2026-05-16 17:00:00,199.3,1024.5,31.1,34.4,25,6.4,315,979.3,0.0,India,Delhi,28.6139,77.209
2026-05-16 18:00:00,197.9,951.8,30.9,34.1,28,5.3,315,979.0,0.0,India,Delhi,28.6139,77.209
2026-05-16 19:00:00,191.4,866.1,29.6,32.8,31,4.2,306,978.4,0.0,India,Delhi,28.6139,77.209
2026-05-16 20:00:00,182.1,774.9,27.3,32.1,32,4.4,291,978.0,0.0,India,Delhi,28.6139,77.209
2026-05-16 21:00:00,172.3,691.0,25.8,31.4,33,4.5,304,978.2,0.0,India,Delhi,28.6139,77.209
2026-05-16 22:00:00,164.8,631.4,26.1,30.7,35,4.5,293,978.3,0.0,India,Delhi,28.6139,77.209
2026-05-16 23:00:00,159.3,586.7,27.0,29.9,37,4.9,287,978.6,0.0,India,Delhi,28.6139,77.209
2026-05-17 00:00:00,170.4,705.9,19.6,30.1,38,5.0,289,978.7,0.0,India,Delhi,28.6139,77.209
2026-05-17 01:00:00,174.6,711.5,19.0,30.4,38,6.9,298,979.5,0.0,India,Delhi,28.6139,77.209
2026-05-17 02:00:00,174.6,679.9,18.1,31.6,36,6.5,294,980.3,0.0,India,Delhi,28.6139,77.209
2026-05-17 03:00:00,164.4,672.4,16.2,33.5,33,7.3,300,980.8,0.0,India,Delhi,28.6139,77.209
2026-05-17 04:00:00,132.2,525.3,12.4,35.9,28,7.6,297,981.0,0.0,India,Delhi,28.6139,77.209
2026-05-17 05:00:00,91.5,369.7,7.7,37.8,24,10.8,291,980.8,0.0,India,Delhi,28.6139,77.209
2026-05-17 06:00:00,79.2,369.7,4.1,40.1,21,13.5,280,980.1,0.0,India,Delhi,28.6139,77.209
2026-05-17 07:00:00,84.5,491.7,2.5,40.8,20,18.0,290,979.7,0.0,India,Delhi,28.6139,77.209
2026-05-17 08:00:00,89.6,590.5,2.2,41.0,20,18.5,298,978.9,0.0,India,Delhi,28.6139,77.209
2026-05-17 09:00:00,82.9,540.2,2.5,41.2,20,18.2,291,977.9,0.0,India,Delhi,28.6139,77.209
2026-05-17 10:00:00,98.0,666.8,3.4,41.3,20,19.3,295,977.0,0.1,India,Delhi,28.6139,77.209
2026-05-17 11:00:00,135.5,957.4,4.9,40.6,19,20.0,301,976.4,0.0,India,Delhi,28.6139,77.209
2026-05-17 12:00:00,129.5,782.3,7.6,40.9,16,21.5,307,976.1,0.0,India,Delhi,28.6139,77.209
2026-05-17 13:00:00,177.9,1061.7,11.0,40.1,17,18.3,305,976.1,0.0,India,Delhi,28.6139,77.209
2026-05-17 14:00:00,214.2,1248.0,15.6,39.3,19,13.9,314,976.1,0.0,India,Delhi,28.6139,77.209
2026-05-17 15:00:00,244.0,1367.2,19.2,38.2,21,12.4,332,976.5,0.0,India,Delhi,28.6139,77.209
2026-05-17 16:00:00,262.6,1411.9,20.8,37.2,22,11.1,331,976.8,0.0,India,Delhi,28.6139,77.209
2026-05-17 17:00:00,270.1,1382.1,21.4,36.1,23,8.5,325,977.1,0.0,India,Delhi,28.6139,77.209
2026-05-17 18:00:00,268.2,1292.7,21.5,35.7,24,8.2,331,976.8,0.0,India,Delhi,28.6139,77.209
2026-05-17 19:00:00,260.8,1173.5,21.0,34.3,25,6.7,329,976.0,0.0,India,Delhi,28.6139,77.209
2026-05-17 20:00:00,250.5,1084.1,20.0,33.2,27,5.0,308,975.4,0.0,India,Delhi,28.6139,77.209
2026-05-17 21:00:00,237.0,964.9,19.4,32.2,29,5.4,274,975.3,0.0,India,Delhi,28.6139,77.209
2026-05-17 22:00:00,222.6,864.3,19.8,31.1,32,6.3,263,975.3,0.0,India,Delhi,28.6139,77.209
2026-05-17 23:00:00,209.1,774.9,20.6,30.2,35,6.7,261,975.7,0.0,India,Delhi,28.6139,77.209
2026-05-18 00:00:00,197.0,717.1,18.8,30.0,40,7.6,275,975.9,0.0,India,Delhi,28.6139,77.209
2026-05-18 01:00:00,188.6,687.3,19.4,30.1,41,7.1,277,976.6,0.0,India,Delhi,28.6139,77.209
2026-05-18 02:00:00,175.6,610.9,20.0,31.5,40,6.9,277,977.6,0.0,India,Delhi,28.6139,77.209
2026-05-18 03:00:00,155.1,599.8,19.1,33.6,37,8.0,278,978.4,0.0,India,Delhi,28.6139,77.209
2026-05-18 04:00:00,120.6,480.6,15.2,35.8,33,8.4,281,978.7,0.0,India,Delhi,28.6139,77.209
2026-05-18 05:00:00,97.8,399.5,9.8,37.9,27,9.9,285,979.1,0.0,India,Delhi,28.6139,77.209
2026-05-18 06:00:00,83.1,366.0,5.6,40.1,23,12.1,280,978.6,0.0,India,Delhi,28.6139,77.209
2026-05-18 07:00:00,77.8,393.9,3.7,41.2,21,13.2,292,978.1,0.0,India,Delhi,28.6139,77.209
2026-05-18 08:00:00,81.5,478.7,3.0,41.8,21,15.1,299,977.2,0.0,India,Delhi,28.6139,77.209
2026-05-18 09:00:00,90.1,590.5,3.5,42.3,20,16.5,303,976.4,0.0,India,Delhi,28.6139,77.209
2026-05-18 10:00:00,101.5,717.1,5.0,42.5,20,17.2,302,975.9,0.0,India,Delhi,28.6139,77.209
2026-05-18 11:00:00,112.9,774.9,7.7,42.8,17,18.6,303,975.3,0.0,India,Delhi,28.6139,77.209
2026-05-18 12:00:00,135.5,935.0,11.8,43.3,14,17.5,307,974.8,0.0,India,Delhi,28.6139,77.209
2026-05-18 13:00:00,162.1,1031.9,17.8,42.4,15,13.5,297,974.8,0.0,India,Delhi,28.6139,77.209
2026-05-18 14:00:00,181.1,1087.8,26.1,40.8,17,11.3,283,975.0,0.0,India,Delhi,28.6139,77.209
2026-05-18 15:00:00,195.1,1102.7,31.5,39.3,18,10.9,287,975.5,0.0,India,Delhi,28.6139,77.209
2026-05-18 16:00:00,199.8,1061.7,31.5,38.2,18,9.3,292,975.9,0.0,India,Delhi,28.6139,77.209
2026-05-18 17:00:00,194.2,972.3,28.7,38.0,18,10.0,309,975.9,0.0,India,Delhi,28.6139,77.209
2026-05-18 18:00:00,182.1,868.0,26.1,37.8,19,8.6,306,975.6,0.0,India,Delhi,28.6139,77.209
2026-05-18 19:00:00,170.0,776.7,24.5,35.2,23,7.4,264,975.5,0.0,India,Delhi,28.6139,77.209
2026-05-18 20:00:00,161.1,713.4,23.1,33.8,26,5.7,279,975.2,0.0,India,Delhi,28.6139,77.209
2026-05-18 21:00:00,156.5,672.4,22.4,32.8,28,6.0,267,975.4,0.0,India,Delhi,28.6139,77.209
2026-05-18 22:00:00,153.7,633.3,23.3,31.8,29,8.3,250,975.8,0.0,India,Delhi,28.6139,77.209
2026-05-18 23:00:00,149.5,620.3,24.8,31.1,30,7.2,257,976.2,0.0,India,Delhi,28.6139,77.209
2026-05-19 00:00:00,169.0,609.1,36.2,31.6,30,6.6,259,976.5,0.0,India,Delhi,28.6139,77.209
2026-05-19 01:00:00,147.6,508.5,34.3,31.8,29,8.1,265,977.5,0.0,India,Delhi,28.6139,77.209
2026-05-19 02:00:00,132.2,405.1,31.4,33.5,27,8.1,264,978.6,0.0,India,Delhi,28.6139,77.209
2026-05-19 03:00:00,112.5,368.8,27.3,35.8,23,9.6,283,979.4,0.0,India,Delhi,28.6139,77.209
2026-05-19 04:00:00,92.4,356.7,20.8,38.6,19,10.5,299,979.9,0.0,India,Delhi,28.6139,77.209
2026-05-19 05:00:00,87.3,406.1,13.0,41.0,13,13.9,310,980.1,0.0,India,Delhi,28.6139,77.209
2026-05-19 06:00:00,95.5,525.3,7.1,43.3,11,16.1,307,979.7,0.0,India,Delhi,28.6139,77.209
2026-05-19 07:00:00,103.4,625.8,4.2,44.0,10,15.6,301,979.1,0.0,India,Delhi,28.6139,77.209
2026-05-19 08:00:00,97.6,627.7,3.1,44.4,9,14.0,294,978.3,0.0,India,Delhi,28.6139,77.209
2026-05-19 09:00:00,81.0,543.9,3.6,44.4,10,14.2,288,977.4,0.0,India,Delhi,28.6139,77.209
2026-05-19 10:00:00,72.2,495.5,4.9,44.1,11,15.2,284,976.9,0.0,India,Delhi,28.6139,77.209
2026-05-19 11:00:00,70.5,452.6,7.7,43.3,11,15.5,279,976.4,0.0,India,Delhi,28.6139,77.209
2026-05-19 12:00:00,53.9,377.2,12.6,43.3,11,15.3,274,975.9,0.0,India,Delhi,28.6139,77.209
2026-05-19 13:00:00,63.1,400.5,21.7,42.0,12,11.1,279,975.9,0.0,India,Delhi,28.6139,77.209
2026-05-19 14:00:00,69.4,391.2,34.3,40.3,15,5.6,310,976.3,0.0,India,Delhi,28.6139,77.209
2026-05-19 15:00:00,73.6,366.0,44.0,39.1,16,5.9,310,976.7,0.0,India,Delhi,28.6139,77.209
2026-05-19 16:00:00,77.1,349.2,48.4,38.4,16,8.0,286,977.1,0.0,India,Delhi,28.6139,77.209
2026-05-19 17:00:00,82.7,356.7,49.8,38.3,15,10.4,280,977.2,0.0,India,Delhi,28.6139,77.209
2026-05-19 18:00:00,89.2,404.2,48.7,36.4,19,9.7,239,977.6,0.0,India,Delhi,28.6139,77.209
2026-05-19 19:00:00,95.7,459.1,43.8,35.1,22,8.1,269,977.1,0.0,India,Delhi,28.6139,77.209
2026-05-19 20:00:00,100.4,493.6,36.4,33.9,23,6.6,279,976.6,0.0,India,Delhi,28.6139,77.209
2026-05-19 21:00:00,99.7,489.9,30.2,33.1,24,6.7,278,976.4,0.0,India,Delhi,28.6139,77.209
2026-05-19 22:00:00,95.7,472.2,26.8,32.6,23,8.8,281,976.4,0.0,India,Delhi,28.6139,77.209
2026-05-19 23:00:00,92.7,454.5,24.6,32.1,23,8.7,284,976.7,0.0,India,Delhi,28.6139,77.209
2026-05-20 00:00:00,72.2,373.5,19.4,32.4,24,9.9,275,977.1,0.0,India,Delhi,28.6139,77.209
2026-05-20 01:00:00,78.5,403.3,19.9,32.2,26,9.4,277,977.8,0.0,India,Delhi,28.6139,77.209
2026-05-20 02:00:00,80.1,362.3,20.5,33.5,26,9.4,294,978.3,0.0,India,Delhi,28.6139,77.209
2026-05-20 03:00:00,79.9,389.3,19.6,35.6,25,10.2,293,978.7,0.0,India,Delhi,28.6139,77.209
2026-05-20 04:00:00,78.9,410.7,15.9,37.9,24,10.6,294,978.9,0.0,India,Delhi,28.6139,77.209
2026-05-20 05:00:00,82.7,439.6,10.7,40.1,22,11.6,298,978.7,0.0,India,Delhi,28.6139,77.209
2026-05-20 06:00:00,85.2,467.5,6.7,42.2,18,11.4,291,978.2,0.0,India,Delhi,28.6139,77.209
2026-05-20 07:00:00,79.6,452.6,4.5,42.7,16,10.6,274,977.8,0.0,India,Delhi,28.6139,77.209
2026-05-20 08:00:00,68.7,403.3,3.5,43.3,14,9.5,261,976.8,0.0,India,Delhi,28.6139,77.209
2026-05-20 09:00:00,60.8,354.8,4.0,43.6,14,10.9,263,976.0,0.0,India,Delhi,28.6139,77.209
2026-05-20 10:00:00,63.1,400.5,5.8,43.4,14,11.0,267,975.2,0.0,India,Delhi,28.6139,77.209
2026-05-20 11:00:00,61.9,368.8,9.2,43.0,14,10.1,282,974.5,0.0,India,Delhi,28.6139,77.209
2026-05-20 12:00:00,38.6,218.9,12.4,43.2,13,6.5,256,974.0,0.0,India,Delhi,28.6139,77.209
2026-05-20 13:00:00,46.0,204.9,28.9,41.7,15,10.5,233,974.2,0.0,India,Delhi,28.6139,77.209
2026-05-20 14:00:00,56.9,197.9,51.6,40.1,18,8.0,239,974.5,0.0,India,Delhi,28.6139,77.209
2026-05-20 15:00:00,64.3,187.2,67.7,38.9,20,5.9,252,975.2,0.0,India,Delhi,28.6139,77.209
2026-05-20 16:00:00,66.1,183.9,71.9,38.1,20,8.2,232,975.8,0.0,India,Delhi,28.6139,77.209
2026-05-20 17:00:00,67.1,201.6,69.5,36.0,23,6.4,205,976.2,0.0,India,Delhi,28.6139,77.209
2026-05-20 18:00:00,71.0,258.9,63.6,35.8,22,9.1,240,976.2,0.0,India,Delhi,28.6139,77.209
2026-05-20 19:00:00,79.6,363.2,53.3,34.8,23,9.4,250,975.9,0.0,India,Delhi,28.6139,77.209
2026-05-20 20:00:00,90.3,476.8,39.4,34.0,24,10.8,259,975.5,0.0,India,Delhi,28.6139,77.209
2026-05-20 21:00:00,98.0,556.9,27.8,33.7,25,13.6,265,975.4,0.0,India,Delhi,28.6139,77.209
2026-05-20 22:00:00,105.7,601.6,20.4,33.5,27,14.1,268,975.7,0.0,India,Delhi,28.6139,77.209
2026-05-20 23:00:00,115.5,644.5,15.3,33.2,29,12.8,271,976.3,0.0,India,Delhi,28.6139,77.209
2026-05-21 00:00:00,143.0,780.4,10.1,33.8,32,15.3,268,976.6,0.0,India,Delhi,28.6139,77.209
2026-05-21 01:00:00,156.0,849.4,11.0,33.8,34,15.0,265,977.2,0.0,India,Delhi,28.6139,77.209
2026-05-21 02:00:00,173.2,929.5,12.2,34.6,33,14.0,263,977.8,0.0,India,Delhi,28.6139,77.209
2026-05-21 03:00:00,198.8,1046.8,12.2,36.3,27,18.7,277,978.5,0.0,India,Delhi,28.6139,77.209
2026-05-21 04:00:00,213.7,1180.9,10.1,37.8,25,18.8,275,978.7,0.0,India,Delhi,28.6139,77.209
2026-05-21 05:00:00,223.5,1281.5,6.8,39.3,22,18.2,279,978.6,0.0,India,Delhi,28.6139,77.209
2026-05-21 06:00:00,224.0,1359.7,4.4,40.7,19,18.3,280,978.9,0.0,India,Delhi,28.6139,77.209
2026-05-21 07:00:00,211.4,1337.4,3.2,41.5,18,18.1,287,978.5,0.0,India,Delhi,28.6139,77.209
2026-05-21 08:00:00,190.9,1236.8,2.8,42.2,17,16.7,288,977.6,0.0,India,Delhi,28.6139,77.209
2026-05-21 09:00:00,156.5,1020.7,3.6,42.6,16,15.3,286,976.8,0.0,India,Delhi,28.6139,77.209
2026-05-21 10:00:00,132.2,853.1,5.8,42.5,16,13.9,284,976.3,0.0,India,Delhi,28.6139,77.209
2026-05-21 11:00:00,121.5,726.4,9.1,42.3,16,12.9,289,976.0,0.0,India,Delhi,28.6139,77.209
2026-05-21 12:00:00,107.8,650.1,14.2,42.8,14,12.4,272,975.3,0.0,India,Delhi,28.6139,77.209
2026-05-21 13:00:00,108.5,638.9,19.0,41.4,15,11.9,259,975.6,0.0,India,Delhi,28.6139,77.209
2026-05-21 14:00:00,109.0,597.9,25.5,39.7,16,9.1,255,976.2,0.0,India,Delhi,28.6139,77.209
2026-05-21 15:00:00,102.9,542.0,29.6,38.1,17,7.9,240,976.6,0.0,India,Delhi,28.6139,77.209
2026-05-21 16:00:00,95.2,489.9,29.1,37.0,20,10.5,239,977.3,0.0,India,Delhi,28.6139,77.209
2026-05-21 17:00:00,89.2,453.6,26.1,36.6,19,11.2,244,977.7,0.0,India,Delhi,28.6139,77.209
2026-05-21 18:00:00,87.1,445.2,23.0,36.4,19,10.9,251,977.8,0.0,India,Delhi,28.6139,77.209
2026-05-21 19:00:00,90.6,478.7,20.2,35.6,18,11.9,264,978.1,0.0,India,Delhi,28.6139,77.209
2026-05-21 20:00:00,99.2,538.3,17.4,34.3,19,10.8,259,978.1,0.0,India,Delhi,28.6139,77.209
2026-05-21 21:00:00,111.3,601.6,15.6,33.4,19,10.3,264,978.2,0.0,India,Delhi,28.6139,77.209
2026-05-21 22:00:00,122.0,642.6,15.6,32.8,20,10.3,254,978.2,0.0,India,Delhi,28.6139,77.209
2026-05-21 23:00:00,127.6,648.2,16.7,32.3,22,8.1,267,978.9,0.0,India,Delhi,28.6139,77.209
2026-05-22 00:00:00,142.5,769.3,14.7,32.1,24,7.4,264,979.2,0.0,India,Delhi,28.6139,77.209
2026-05-22 01:00:00,144.8,739.5,16.2,32.0,27,8.9,262,979.7,0.0,India,Delhi,28.6139,77.209
2026-05-22 02:00:00,145.8,700.4,18.2,33.2,27,9.5,259,980.4,0.0,India,Delhi,28.6139,77.209
2026-05-22 03:00:00,150.9,760.0,18.6,35.0,24,11.0,265,981.1,0.0,India,Delhi,28.6139,77.209
2026-05-22 04:00:00,156.0,799.1,16.1,36.8,23,10.4,268,981.3,0.0,India,Delhi,28.6139,77.209
2026-05-22 05:00:00,152.7,754.4,12.0,38.6,22,10.3,273,981.6,0.0,India,Delhi,28.6139,77.209
2026-05-22 06:00:00,143.4,696.6,8.6,40.8,18,10.7,275,981.4,0.0,India,Delhi,28.6139,77.209
2026-05-22 07:00:00,126.7,603.5,6.2,41.6,16,11.4,281,981.0,0.0,India,Delhi,28.6139,77.209
2026-05-22 08:00:00,122.9,629.6,4.4,41.9,15,11.6,282,980.1,0.0,India,Delhi,28.6139,77.209
2026-05-22 09:00:00,127.1,700.4,4.0,42.0,15,11.6,283,979.3,0.0,India,Delhi,28.6139,77.209
2026-05-22 10:00:00,129.0,743.2,5.5,42.0,14,12.2,294,978.6,0.0,India,Delhi,28.6139,77.209
2026-05-22 11:00:00,129.0,711.5,8.4,41.5,15,13.0,295,978.3,0.0,India,Delhi,28.6139,77.209
2026-05-22 12:00:00,97.3,545.8,13.1,42.0,12,11.8,320,977.8,0.0,India,Delhi,28.6139,77.209
2026-05-22 13:00:00,99.9,540.2,16.7,41.0,13,14.3,346,977.8,0.0,India,Delhi,28.6139,77.209
2026-05-22 14:00:00,104.1,538.3,21.7,39.2,18,12.6,17,978.4,0.0,India,Delhi,28.6139,77.209
2026-05-22 15:00:00,112.5,577.4,25.1,37.7,22,8.1,21,979.1,0.0,India,Delhi,28.6139,77.209
2026-05-22 16:00:00,123.4,624.0,25.5,36.9,22,7.9,356,979.7,0.0,India,Delhi,28.6139,77.209
2026-05-22 17:00:00,128.1,603.5,24.3,36.5,21,8.9,346,979.9,0.0,India,Delhi,28.6139,77.209
2026-05-22 18:00:00,126.7,553.2,22.8,36.1,22,7.1,344,979.7,0.0,India,Delhi,28.6139,77.209
2026-05-22 19:00:00,122.9,516.0,20.9,34.8,24,5.5,343,979.3,0.0,India,Delhi,28.6139,77.209
2026-05-22 20:00:00,118.3,486.2,18.7,33.9,26,4.1,331,979.2,0.0,India,Delhi,28.6139,77.209
2026-05-22 21:00:00,113.4,459.1,18.0,33.4,27,4.8,323,979.2,0.0,India,Delhi,28.6139,77.209
2026-05-22 22:00:00,109.2,432.1,20.5,32.4,30,4.0,300,979.5,0.0,India,Delhi,28.6139,77.209
2026-05-22 23:00:00,106.6,407.9,24.5,31.7,31,4.0,273,979.7,0.0,India,Delhi,28.6139,77.209
2026-05-23 00:00:00,153.7,545.8,28.7,31.6,35,5.2,258,979.8,0.0,India,Delhi,28.6139,77.209
2026-05-23 01:00:00,152.3,501.1,27.8,31.7,36,7.1,279,980.3,0.0,India,Delhi,28.6139,77.209
2026-05-23 02:00:00,148.5,484.3,26.4,33.2,34,7.2,283,980.8,0.0,India,Delhi,28.6139,77.209
2026-05-23 03:00:00,134.1,486.2,23.4,35.7,29,8.1,294,981.3,0.0,India,Delhi,28.6139,77.209
2026-05-23 04:00:00,107.6,405.1,17.5,38.0,24,9.0,290,981.6,0.0,India,Delhi,28.6139,77.209
2026-05-23 05:00:00,87.1,379.0,10.0,39.6,20,11.5,292,981.6,0.0,India,Delhi,28.6139,77.209
2026-05-23 06:00:00,58.9,224.9,4.5,41.0,16,16.1,298,981.1,0.0,India,Delhi,28.6139,77.209
2026-05-23 07:00:00,70.8,391.2,2.5,40.7,15,18.1,320,981.0,0.0,India,Delhi,28.6139,77.209
2026-05-23 08:00:00,75.2,443.3,2.4,39.8,18,14.5,338,980.6,0.0,India,Delhi,28.6139,77.209
2026-05-23 09:00:00,80.1,508.5,3.3,40.4,17,13.7,325,979.8,0.0,India,Delhi,28.6139,77.209
2026-05-23 10:00:00,87.3,581.1,4.8,41.3,13,13.5,303,978.7,0.0,India,Delhi,28.6139,77.209
2026-05-23 11:00:00,97.1,650.1,7.2,41.2,12,17.2,308,978.1,0.0,India,Delhi,28.6139,77.209
2026-05-23 12:00:00,107.8,730.2,11.8,40.7,16,13.7,308,977.5,0.0,India,Delhi,28.6139,77.209
2026-05-23 13:00:00,127.1,836.3,18.5,39.8,15,12.3,282,977.7,0.0,India,Delhi,28.6139,77.209
2026-05-23 14:00:00,149.5,912.7,27.6,38.0,19,12.0,248,977.6,0.0,India,Delhi,28.6139,77.209
2026-05-23 15:00:00,171.8,994.7,34.4,37.3,18,10.4,262,978.1,0.0,India,Delhi,28.6139,77.209
2026-05-23 16:00:00,190.5,1039.4,36.6,36.1,19,9.3,278,978.6,0.0,India,Delhi,28.6139,77.209
2026-05-23 17:00:00,200.2,1035.6,36.3,34.9,20,8.2,279,978.7,0.0,India,Delhi,28.6139,77.209
2026-05-23 18:00:00,203.5,994.7,35.4,34.7,23,7.5,285,978.4,0.0,India,Delhi,28.6139,77.209
2026-05-23 19:00:00,203.0,940.6,34.2,33.4,25,5.1,318,977.8,0.0,India,Delhi,28.6139,77.209
2026-05-23 20:00:00,201.2,853.1,32.2,33.0,24,4.1,315,977.4,0.0,India,Delhi,28.6139,77.209
2026-05-23 21:00:00,203.0,828.9,30.2,31.9,25,5.1,253,977.3,0.0,India,Delhi,28.6139,77.209
2026-05-23 22:00:00,206.3,823.3,28.1,30.8,29,6.9,263,977.7,0.0,India,Delhi,28.6139,77.209
2026-05-23 23:00:00,209.1,817.7,25.9,30.0,31,8.2,261,978.3,0.0,India,Delhi,28.6139,77.209
2026-05-24 00:00:00,181.1,713.4,22.6,30.2,33,8.8,259,978.6,0.0,India,Delhi,28.6139,77.209
2026-05-24 01:00:00,176.0,668.7,21.8,30.1,34,8.3,271,979.5,0.0,India,Delhi,28.6139,77.209
2026-05-24 02:00:00,170.4,601.6,20.4,31.7,33,7.7,258,980.3,0.0,India,Delhi,28.6139,77.209
2026-05-24 03:00:00,159.7,638.9,18.1,34.0,29,10.1,267,980.7,0.0,India,Delhi,28.6139,77.209
2026-05-24 04:00:00,133.6,579.3,13.8,36.8,25,10.8,281,980.9,0.0,India,Delhi,28.6139,77.209
2026-05-24 05:00:00,111.5,512.2,8.6,39.1,19,13.8,291,981.1,0.0,India,Delhi,28.6139,77.209
2026-05-24 06:00:00,95.9,480.6,4.6,41.3,17,14.0,292,980.5,0.0,India,Delhi,28.6139,77.209
2026-05-24 07:00:00,85.0,475.9,2.9,42.2,14,16.5,299,980.0,0.0,India,Delhi,28.6139,77.209
2026-05-24 08:00:00,82.9,516.0,2.5,41.9,15,16.8,291,979.6,0.0,India,Delhi,28.6139,77.209
2026-05-24 09:00:00,85.0,573.7,3.0,41.9,15,16.6,289,978.9,0.0,India,Delhi,28.6139,77.209
2026-05-24 10:00:00,86.8,601.6,3.3,42.0,15,16.6,296,978.6,0.0,India,Delhi,28.6139,77.209
2026-05-24 11:00:00,88.5,590.5,4.5,41.7,15,14.6,305,977.8,0.0,India,Delhi,28.6139,77.209
2026-05-24 12:00:00,75.7,508.5,10.4,42.3,12,8.1,294,976.9,0.0,India,Delhi,28.6139,77.209
2026-05-24 13:00:00,79.6,475.9,20.7,41.2,15,4.3,285,976.6,0.0,India,Delhi,28.6139,77.209
2026-05-24 14:00:00,90.1,463.8,34.9,39.7,17,1.3,315,977.0,0.0,India,Delhi,28.6139,77.209
2026-05-24 15:00:00,98.5,469.4,46.1,38.3,17,4.0,159,977.0,0.0,India,Delhi,28.6139,77.209
2026-05-24 16:00:00,107.1,519.7,51.8,37.2,20,3.8,169,977.6,0.0,India,Delhi,28.6139,77.209
2026-05-24 17:00:00,116.2,575.6,54.5,36.2,20,4.9,180,978.2,0.0,India,Delhi,28.6139,77.209
2026-05-24 18:00:00,124.8,610.9,54.8,35.9,22,6.6,151,977.9,0.0,India,Delhi,28.6139,77.209
2026-05-24 19:00:00,132.7,637.0,52.2,34.2,25,5.2,211,977.1,0.0,India,Delhi,28.6139,77.209
2026-05-24 20:00:00,141.1,672.4,47.3,34.8,19,13.6,258,976.4,0.0,India,Delhi,28.6139,77.209
2026-05-24 21:00:00,144.8,722.7,41.9,34.8,19,16.5,256,976.3,0.0,India,Delhi,28.6139,77.209
2026-05-24 22:00:00,145.3,719.0,36.3,33.9,21,14.3,276,976.9,0.0,India,Delhi,28.6139,77.209
2026-05-24 23:00:00,144.4,700.4,30.2,32.8,22,13.7,275,977.3,0.0,India,Delhi,28.6139,77.209
2026-05-25 00:00:00,150.9,754.4,22.4,33.3,24,13.0,268,977.6,0.0,India,Delhi,28.6139,77.209
2026-05-25 01:00:00,151.3,732.0,20.7,33.3,24,12.3,273,978.1,0.0,India,Delhi,28.6139,77.209
2026-05-25 02:00:00,153.2,709.7,18.2,34.2,25,9.9,260,978.7,0.0,India,Delhi,28.6139,77.209
2026-05-25 03:00:00,155.1,724.6,15.4,36.0,23,13.2,265,979.1,0.0,India,Delhi,28.6139,77.209
2026-05-25 04:00:00,148.5,704.1,11.9,37.8,22,15.3,271,979.4,0.0,India,Delhi,28.6139,77.209
2026-05-25 05:00:00,144.8,696.6,8.0,39.3,21,16.2,280,979.3,0.0,India,Delhi,28.6139,77.209
2026-05-25 06:00:00,146.2,735.7,5.1,41.6,18,12.0,282,978.8,0.0,India,Delhi,28.6139,77.209
2026-05-25 07:00:00,145.3,765.5,3.7,42.5,16,10.0,279,978.2,0.0,India,Delhi,28.6139,77.209
2026-05-25 08:00:00,139.7,752.5,3.4,42.8,16,11.6,266,977.3,0.0,India,Delhi,28.6139,77.209
2026-05-25 09:00:00,135.5,739.5,4.2,43.0,13,14.2,279,976.5,0.0,India,Delhi,28.6139,77.209
2026-05-25 10:00:00,134.1,743.2,5.5,42.9,13,14.2,271,975.9,0.0,India,Delhi,28.6139,77.209
2026-05-25 11:00:00,129.0,665.0,8.0,42.1,15,12.2,283,975.3,0.0,India,Delhi,28.6139,77.209
2026-05-25 12:00:00,97.3,521.5,12.6,41.5,13,12.1,310,975.3,0.0,India,Delhi,28.6139,77.209
2026-05-25 13:00:00,93.4,434.9,22.1,40.8,14,10.0,322,975.1,0.0,India,Delhi,28.6139,77.209
2026-05-25 14:00:00,104.5,468.5,35.0,39.4,16,4.5,331,975.6,0.0,India,Delhi,28.6139,77.209
2026-05-25 15:00:00,115.3,499.2,42.9,38.6,17,5.9,270,976.2,0.0,India,Delhi,28.6139,77.209
2026-05-25 16:00:00,116.6,489.9,41.1,37.2,21,3.6,288,976.7,0.0,India,Delhi,28.6139,77.209
2026-05-25 17:00:00,116.6,523.4,34.2,36.6,21,5.3,308,977.3,0.0,India,Delhi,28.6139,77.209
2026-05-25 18:00:00,123.4,616.5,27.8,37.2,19,8.6,345,977.5,0.0,India,Delhi,28.6139,77.209
2026-05-25 19:00:00,136.9,705.9,23.1,35.6,20,5.4,354,977.5,0.0,India,Delhi,28.6139,77.209
2026-05-25 20:00:00,150.4,748.8,18.9,34.4,22,4.2,313,977.3,0.0,India,Delhi,28.6139,77.209
2026-05-25 21:00:00,156.5,730.2,17.0,33.7,23,5.4,312,977.5,0.0,India,Delhi,28.6139,77.209
2026-05-25 22:00:00,155.5,670.6,19.3,32.7,24,4.9,324,977.3,0.0,India,Delhi,28.6139,77.209
2026-05-25 23:00:00,153.7,622.1,24.0,32.0,24,5.1,315,977.5,0.0,India,Delhi,28.6139,77.209
2026-05-26 00:00:00,234.7,987.2,20.0,32.3,24,7.4,296,977.9,0.0,India,Delhi,28.6139,77.209
2026-05-26 01:00:00,231.9,905.2,21.6,31.8,26,9.4,277,978.9,0.0,India,Delhi,28.6139,77.209
2026-05-26 02:00:00,218.9,758.1,23.6,32.8,26,6.7,279,979.5,0.0,India,Delhi,28.6139,77.209
2026-05-26 03:00:00,190.0,674.3,23.2,35.2,22,7.2,276,980.0,0.0,India,Delhi,28.6139,77.209
2026-05-26 04:00:00,146.7,510.4,18.1,37.2,20,9.6,276,980.8,0.0,India,Delhi,28.6139,77.209
2026-05-26 05:00:00,99.0,362.3,10.7,39.2,18,10.5,292,981.0,0.0,India,Delhi,28.6139,77.209
2026-05-26 06:00:00,65.0,289.6,5.1,41.8,10,13.4,301,980.4,0.0,India,Delhi,28.6139,77.209
2026-05-26 07:00:00,56.6,307.3,3.1,42.2,10,14.9,312,980.1,0.0,India,Delhi,28.6139,77.209
2026-05-26 08:00:00,53.0,301.7,2.9,42.4,11,17.3,298,979.2,0.0,India,Delhi,28.6139,77.209
2026-05-26 09:00:00,51.2,305.5,3.6,42.6,10,18.0,289,978.4,0.0,India,Delhi,28.6139,77.209
2026-05-26 10:00:00,50.5,309.2,4.6,42.2,11,19.5,284,977.8,0.0,India,Delhi,28.6139,77.209
2026-05-26 11:00:00,63.3,422.8,6.6,41.7,11,15.9,297,977.6,0.0,India,Delhi,28.6139,77.209
2026-05-26 12:00:00,123.9,879.2,12.6,42.0,9,13.4,306,977.0,0.0,India,Delhi,28.6139,77.209
2026-05-26 13:00:00,146.2,983.5,18.9,41.1,10,10.7,330,976.8,0.0,India,Delhi,28.6139,77.209
2026-05-26 14:00:00,175.1,1069.2,27.5,39.5,11,7.3,303,977.4,0.0,India,Delhi,28.6139,77.209
2026-05-26 15:00:00,201.2,1147.4,33.2,38.4,13,5.4,304,977.7,0.0,India,Delhi,28.6139,77.209
2026-05-26 16:00:00,216.1,1195.8,32.5,37.8,14,6.8,338,978.4,0.0,India,Delhi,28.6139,77.209
2026-05-26 17:00:00,211.9,1125.0,28.9,37.0,15,6.6,344,978.6,0.0,India,Delhi,28.6139,77.209
2026-05-26 18:00:00,198.8,1005.8,27.1,36.1,18,4.6,318,978.5,0.0,India,Delhi,28.6139,77.209
2026-05-26 19:00:00,188.1,892.2,29.7,34.9,19,4.0,302,978.1,0.0,India,Delhi,28.6139,77.209
2026-05-26 20:00:00,184.9,823.3,34.0,34.4,21,2.6,309,977.4,0.0,India,Delhi,28.6139,77.209
2026-05-26 21:00:00,192.8,856.8,37.4,33.5,21,3.4,295,977.3,0.0,India,Delhi,28.6139,77.209
2026-05-26 22:00:00,198.8,834.5,38.7,32.4,22,5.0,296,977.3,0.0,India,Delhi,28.6139,77.209
2026-05-26 23:00:00,196.5,746.9,39.0,31.5,23,5.6,292,977.5,0.0,India,Delhi,28.6139,77.209
2026-05-27 00:00:00,189.1,737.6,27.3,31.4,25,4.9,274,977.6,0.0,India,Delhi,28.6139,77.209
2026-05-27 01:00:00,183.5,648.2,28.8,31.7,25,6.4,286,978.4,0.0,India,Delhi,28.6139,77.209
2026-05-27 02:00:00,177.0,564.4,30.6,33.3,24,6.1,268,979.2,0.0,India,Delhi,28.6139,77.209
2026-05-27 03:00:00,163.4,536.4,29.6,35.6,20,7.2,282,980.2,0.0,India,Delhi,28.6139,77.209
2026-05-27 04:00:00,123.9,413.5,23.0,38.0,17,8.6,292,980.4,0.0,India,Delhi,28.6139,77.209
2026-05-27 05:00:00,88.0,308.3,13.5,39.6,14,10.2,300,980.5,0.0,India,Delhi,28.6139,77.209
2026-05-27 06:00:00,66.4,269.2,6.4,41.6,12,10.7,290,979.7,0.0,India,Delhi,28.6139,77.209
2026-05-27 07:00:00,58.1,289.6,3.7,42.4,11,12.6,296,979.3,0.0,India,Delhi,28.6139,77.209
2026-05-27 08:00:00,63.3,374.4,3.4,42.8,12,14.9,297,978.7,0.0,India,Delhi,28.6139,77.209
2026-05-27 09:00:00,74.7,499.2,4.3,42.9,12,15.9,296,978.0,0.0,India,Delhi,28.6139,77.209
2026-05-27 10:00:00,89.6,644.5,5.8,42.7,13,16.2,294,977.5,0.0,India,Delhi,28.6139,77.209
2026-05-27 11:00:00,104.3,745.1,8.5,42.5,13,16.3,295,977.1,0.0,India,Delhi,28.6139,77.209
2026-05-27 12:00:00,167.2,1143.7,12.0,43.4,10,19.1,302,976.2,0.0,India,Delhi,28.6139,77.209
2026-05-27 13:00:00,186.3,1188.4,17.4,42.3,11,15.2,300,976.6,0.0,India,Delhi,28.6139,77.209
2026-05-27 14:00:00,201.6,1236.8,24.9,40.8,13,11.4,295,977.0,0.0,India,Delhi,28.6139,77.209
2026-05-27 15:00:00,211.4,1236.8,32.1,39.7,15,7.9,325,977.2,0.0,India,Delhi,28.6139,77.209
2026-05-27 16:00:00,216.5,1221.9,38.0,38.3,17,4.9,343,977.5,0.0,India,Delhi,28.6139,77.209
2026-05-27 17:00:00,221.7,1207.0,43.6,37.9,19,3.1,298,977.6,0.0,India,Delhi,28.6139,77.209
2026-05-27 18:00:00,227.7,1221.9,48.3,37.4,19,4.1,52,977.6,0.0,India,Delhi,28.6139,77.209
2026-05-27 19:00:00,228.2,1203.3,52.5,35.7,21,4.5,90,977.0,0.0,India,Delhi,28.6139,77.209
2026-05-27 20:00:00,221.2,1091.5,56.0,34.5,26,3.4,137,976.7,0.0,India,Delhi,28.6139,77.209
2026-05-27 21:00:00,207.7,976.0,57.5,33.4,28,3.9,164,976.8,0.0,India,Delhi,28.6139,77.209
2026-05-27 22:00:00,190.0,868.0,56.4,32.2,31,3.3,144,976.8,0.0,India,Delhi,28.6139,77.209
2026-05-27 23:00:00,175.6,732.0,53.4,31.5,36,6.9,76,977.0,0.0,India,Delhi,28.6139,77.209
2026-05-28 00:00:00,187.2,784.2,34.4,30.1,45,7.9,102,977.4,0.0,India,Delhi,28.6139,77.209
2026-05-28 01:00:00,164.4,635.2,31.6,29.7,45,9.5,105,978.2,0.0,India,Delhi,28.6139,77.209
2026-05-28 02:00:00,146.7,610.9,27.5,30.6,42,8.7,103,979.3,0.0,India,Delhi,28.6139,77.209
2026-05-28 03:00:00,149.0,709.7,23.1,32.5,40,9.5,105,980.0,0.0,India,Delhi,28.6139,77.209
2026-05-28 04:00:00,165.3,838.2,17.9,34.6,40,11.3,103,980.2,0.0,India,Delhi,28.6139,77.209
2026-05-28 05:00:00,184.4,953.7,12.4,36.7,37,10.0,113,980.3,0.0,India,Delhi,28.6139,77.209
2026-05-28 06:00:00,198.4,1046.8,8.3,38.5,32,10.8,111,979.8,0.0,India,Delhi,28.6139,77.209
2026-05-28 07:00:00,204.4,1106.4,6.3,39.7,30,9.4,103,979.6,0.0,India,Delhi,28.6139,77.209
2026-05-28 08:00:00,204.9,1132.5,5.8,40.4,30,10.6,100,978.6,0.0,India,Delhi,28.6139,77.209
2026-05-28 09:00:00,201.6,1128.8,6.7,40.1,28,11.4,86,977.5,0.0,India,Delhi,28.6139,77.209
2026-05-28 10:00:00,198.4,1113.9,9.5,37.9,29,8.1,87,977.4,0.0,India,Delhi,28.6139,77.209
2026-05-28 11:00:00,195.6,1091.5,13.6,37.7,35,12.9,110,977.0,0.3,India,Delhi,28.6139,77.209
2026-05-28 12:00:00,156.5,730.2,23.9,38.0,34,11.0,118,976.2,0.0,India,Delhi,28.6139,77.209
2026-05-28 13:00:00,143.9,616.5,26.7,34.4,42,13.9,199,977.4,0.3,India,Delhi,28.6139,77.209
2026-05-28 14:00:00,136.4,532.7,30.6,29.1,67,14.6,201,979.0,1.0,India,Delhi,28.6139,77.209
2026-05-28 15:00:00,128.5,430.3,34.1,31.0,59,7.1,234,978.3,0.9,India,Delhi,28.6139,77.209
2026-05-28 16:00:00,138.8,564.4,37.5,32.2,50,2.4,261,978.0,0.7,India,Delhi,28.6139,77.209
2026-05-28 17:00:00,129.9,493.6,40.5,31.1,58,3.6,70,977.2,0.0,India,Delhi,28.6139,77.209
2026-05-28 18:00:00,126.7,436.8,40.5,28.7,49,18.6,194,978.0,0.0,India,Delhi,28.6139,77.209
2026-05-28 19:00:00,107.1,341.8,35.1,28.1,52,1.7,319,977.9,0.0,India,Delhi,28.6139,77.209
2026-05-28 20:00:00,110.8,461.0,26.8,28.3,51,6.8,32,978.3,0.0,India,Delhi,28.6139,77.209
2026-05-28 21:00:00,113.2,499.2,20.0,27.8,60,5.9,63,978.4,0.0,India,Delhi,28.6139,77.209
2026-05-28 22:00:00,109.7,530.9,16.7,26.8,71,5.8,86,978.3,0.0,India,Delhi,28.6139,77.209
2026-05-28 23:00:00,99.7,529.0,14.9,26.5,73,9.2,118,979.3,0.0,India,Delhi,28.6139,77.209
2026-05-29 00:00:00,145.8,780.4,14.7,26.0,69,11.6,109,979.1,0.0,India,Delhi,28.6139,77.209
2026-05-29 01:00:00,141.6,748.8,16.0,26.1,69,13.5,106,980.3,0.0,India,Delhi,28.6139,77.209
2026-05-29 02:00:00,142.5,763.7,17.6,27.0,67,15.5,126,981.2,0.0,India,Delhi,28.6139,77.209
2026-05-29 03:00:00,156.0,847.5,18.0,28.1,66,14.4,121,981.4,0.0,India,Delhi,28.6139,77.209
2026-05-29 04:00:00,157.4,840.1,15.9,29.7,63,13.7,120,981.6,0.0,India,Delhi,28.6139,77.209
2026-05-29 05:00:00,138.8,711.5,12.5,31.3,58,12.2,121,981.6,0.0,India,Delhi,28.6139,77.209
2026-05-29 06:00:00,123.4,605.4,9.6,33.5,50,15.3,129,981.1,0.0,India,Delhi,28.6139,77.209
2026-05-29 07:00:00,115.9,562.5,7.6,32.7,50,12.4,137,981.1,0.1,India,Delhi,28.6139,77.209
2026-05-29 08:00:00,112.0,549.5,6.1,30.9,54,10.5,143,980.7,0.4,India,Delhi,28.6139,77.209
2026-05-29 09:00:00,106.9,530.9,6.2,32.8,51,8.9,137,980.4,0.0,India,Delhi,28.6139,77.209
2026-05-29 10:00:00,102.0,527.1,8.9,31.7,53,8.9,118,980.0,0.2,India,Delhi,28.6139,77.209
2026-05-29 11:00:00,107.6,564.4,13.1,32.0,52,9.3,118,979.4,0.3,India,Delhi,28.6139,77.209
2026-05-29 12:00:00,190.0,1244.2,13.1,33.8,43,15.4,175,978.7,0.0,India,Delhi,28.6139,77.209
2026-05-29 13:00:00,170.0,983.5,15.4,33.2,45,8.3,156,979.2,0.0,India,Delhi,28.6139,77.209
2026-05-29 14:00:00,130.4,625.8,18.5,32.6,47,8.1,162,979.5,0.0,India,Delhi,28.6139,77.209
2026-05-29 15:00:00,97.8,366.9,20.4,32.3,48,8.1,129,980.1,0.0,India,Delhi,28.6139,77.209
2026-05-29 16:00:00,82.7,265.4,19.8,31.8,48,7.7,126,980.9,0.0,India,Delhi,28.6139,77.209
2026-05-29 17:00:00,101.7,489.9,17.9,31.3,47,9.9,128,981.5,0.0,India,Delhi,28.6139,77.209
2026-05-29 18:00:00,99.0,499.2,16.7,29.3,51,15.5,138,980.9,0.0,India,Delhi,28.6139,77.209
2026-05-29 19:00:00,102.2,534.6,16.8,27.8,58,13.6,131,981.0,0.0,India,Delhi,28.6139,77.209
2026-05-29 20:00:00,97.6,495.5,17.5,26.9,61,12.0,134,980.7,0.0,India,Delhi,28.6139,77.209
2026-05-29 21:00:00,86.4,419.1,18.3,26.3,62,12.2,142,980.4,0.0,India,Delhi,28.6139,77.209
2026-05-29 22:00:00,78.5,364.1,19.0,25.9,64,8.9,156,980.7,0.0,India,Delhi,28.6139,77.209
2026-05-29 23:00:00,76.1,341.8,19.8,25.3,68,6.9,152,981.2,0.0,India,Delhi,28.6139,77.209
2026-05-30 00:00:00,124.3,575.6,19.4,24.7,76,10.3,140,980.4,0.0,India,Delhi,28.6139,77.209
2026-05-30 01:00:00,107.3,469.4,19.8,24.8,76,8.7,143,981.7,0.0,India,Delhi,28.6139,77.209
2026-05-30 02:00:00,88.7,399.5,20.2,25.9,71,9.8,133,982.7,0.0,India,Delhi,28.6139,77.209
2026-05-30 03:00:00,75.4,354.8,19.2,27.9,59,10.4,126,983.3,0.0,India,Delhi,28.6139,77.209
2026-05-30 04:00:00,75.0,391.2,15.4,30.0,49,12.6,134,983.1,0.0,India,Delhi,28.6139,77.209
2026-05-30 05:00:00,80.1,439.6,10.1,31.6,46,5.8,99,983.7,0.0,India,Delhi,28.6139,77.209
2026-05-30 06:00:00,84.5,474.0,6.2,33.0,46,11.9,122,982.2,0.0,India,Delhi,28.6139,77.209
2026-05-30 07:00:00,87.5,502.9,4.7,34.4,42,11.4,121,982.0,0.0,India,Delhi,28.6139,77.209
2026-05-30 08:00:00,86.6,502.9,4.4,35.5,37,10.5,141,981.5,0.0,India,Delhi,28.6139,77.209
2026-05-30 09:00:00,79.6,434.9,5.1,34.5,35,5.4,184,981.3,0.1,India,Delhi,28.6139,77.209
2026-05-30 10:00:00,76.1,396.7,6.2,34.0,37,4.9,6,981.3,0.3,India,Delhi,28.6139,77.209
2026-05-30 11:00:00,73.1,366.0,8.2,24.7,79,11.2,55,983.5,2.7,India,Delhi,28.6139,77.209
2026-05-30 12:00:00,86.4,393.0,18.8,24.0,89,8.5,72,981.4,1.4,India,Delhi,28.6139,77.209
2026-05-30 13:00:00,68.0,267.3,21.3,25.7,80,4.4,201,980.8,0.2,India,Delhi,28.6139,77.209
2026-05-30 14:00:00,54.4,169.5,24.6,26.0,78,2.4,107,981.0,0.0,India,Delhi,28.6139,77.209
2026-05-30 15:00:00,57.2,210.5,26.8,26.2,78,7.7,115,981.8,0.0,India,Delhi,28.6139,77.209
2026-05-30 16:00:00,56.8,229.1,26.9,25.8,82,9.6,113,981.9,0.0,India,Delhi,28.6139,77.209
2026-05-30 17:00:00,60.3,262.6,25.9,25.2,86,11.7,113,982.2,0.0,India,Delhi,28.6139,77.209
2026-05-30 18:00:00,69.6,334.3,24.6,24.7,68,12.7,113,981.8,0.0,India,Delhi,28.6139,77.209
2026-05-30 19:00:00,81.5,414.4,23.2,24.1,70,9.6,124,981.4,0.0,India,Delhi,28.6139,77.209
2026-05-30 20:00:00,86.4,417.2,21.5,23.9,72,6.3,129,981.9,0.0,India,Delhi,28.6139,77.209
2026-05-30 21:00:00,85.2,368.8,20.5,23.6,73,6.5,118,981.7,0.0,India,Delhi,28.6139,77.209
2026-05-30 22:00:00,79.9,309.2,20.9,23.5,73,6.8,122,981.7,0.0,India,Delhi,28.6139,77.209
2026-05-30 23:00:00,71.7,270.1,21.9,23.3,75,6.6,119,981.8,0.0,India,Delhi,28.6139,77.209
2026-05-31 00:00:00,89.9,335.3,23.4,23.9,78,11.3,141,982.5,0.0,India,Delhi,28.6139,77.209
2026-05-31 01:00:00,88.7,313.9,22.7,24.4,77,10.0,139,983.0,0.0,India,Delhi,28.6139,77.209
2026-05-31 02:00:00,80.3,310.1,21.5,25.6,72,10.5,147,983.7,0.0,India,Delhi,28.6139,77.209
2026-05-31 03:00:00,72.9,304.5,19.5,27.3,66,10.4,157,984.4,0.0,India,Delhi,28.6139,77.209
2026-05-31 04:00:00,68.0,315.7,16.1,29.1,59,10.0,159,984.5,0.0,India,Delhi,28.6139,77.209
2026-05-31 05:00:00,68.7,343.7,11.8,30.6,51,8.8,157,984.4,0.0,India,Delhi,28.6139,77.209
2026-05-31 06:00:00,59.5,271.9,8.4,32.2,43,8.3,153,984.9,0.0,India,Delhi,28.6139,77.209
2026-05-31 07:00:00,60.3,267.3,6.3,32.5,43,5.9,133,984.4,0.0,India,Delhi,28.6139,77.209
2026-05-31 08:00:00,58.9,251.5,5.1,32.7,42,5.6,112,983.9,0.0,India,Delhi,28.6139,77.209
2026-05-31 09:00:00,55.8,229.1,4.8,33.0,41,4.7,97,983.1,0.0,India,Delhi,28.6139,77.209
2026-05-31 10:00:00,53.0,215.1,5.5,33.1,41,5.5,79,982.2,0.1,India,Delhi,28.6139,77.209
2026-05-31 11:00:00,52.9,216.5,7.3,31.1,46,12.9,50,982.0,0.6,India,Delhi,28.6139,77.209
2026-05-31 12:00:00,50.3,238.4,11.7,26.1,80,10.6,114,981.9,0.1,India,Delhi,28.6139,77.209
2026-05-31 13:00:00,59.4,308.3,14.2,27.3,68,11.9,70,982.1,0.0,India,Delhi,28.6139,77.209
2026-05-31 14:00:00,58.8,284.1,17.8,26.8,68,6.4,79,982.5,0.0,India,Delhi,28.6139,77.209
2026-05-31 15:00:00,59.4,263.6,21.6,26.7,70,4.4,99,983.3,0.0,India,Delhi,28.6139,77.209
2026-05-31 16:00:00,61.0,235.2,25.6,26.4,72,3.6,72,983.7,0.0,India,Delhi,28.6139,77.209
2026-05-31 17:00:00,66.8,233.3,29.8,25.9,75,3.0,65,983.5,0.0,India,Delhi,28.6139,77.209
2026-05-31 18:00:00,73.1,230.0,33.0,26.5,73,2.4,99,983.2,0.0,India,Delhi,28.6139,77.209
2026-05-31 19:00:00,76.8,218.9,34.8,26.1,73,3.1,140,982.7,0.0,India,Delhi,28.6139,77.209
2026-05-31 20:00:00,75.2,186.3,35.8,25.7,76,2.3,148,982.5,0.0,India,Delhi,28.6139,77.209
2026-05-31 21:00:00,71.0,155.1,35.9,25.4,76,2.7,110,982.5,0.0,India,Delhi,28.6139,77.209
2026-05-31 22:00:00,67.3,136.0,35.3,25.0,78,2.9,97,982.4,0.0,India,Delhi,28.6139,77.209
2026-05-31 23:00:00,63.8,125.7,33.9,24.6,82,4.8,77,982.7,0.0,India,Delhi,28.6139,77.209
2026-06-01 00:00:00,76.8,213.3,35.8,24.7,86,5.2,131,982.8,0.0,India,Delhi,28.6139,77.209
2026-06-01 01:00:00,74.7,185.3,32.8,25.2,83,3.8,98,983.2,0.0,India,Delhi,28.6139,77.209
2026-06-01 02:00:00,68.9,200.2,28.5,26.5,76,4.9,88,984.2,0.0,India,Delhi,28.6139,77.209
2026-06-01 03:00:00,61.2,204.9,24.1,25.2,75,13.1,92,985.0,0.4,India,Delhi,28.6139,77.209
2026-06-01 04:00:00,56.8,223.1,19.7,27.5,66,6.8,122,984.8,0.0,India,Delhi,28.6139,77.209
2026-06-01 05:00:00,53.0,182.5,15.2,30.0,56,7.2,84,984.9,0.0,India,Delhi,28.6139,77.209
2026-06-01 06:00:00,52.5,173.2,11.5,32.0,43,10.2,126,984.6,0.0,India,Delhi,28.6139,77.209
2026-06-01 07:00:00,52.4,174.2,8.7,31.2,46,7.8,112,984.4,0.6,India,Delhi,28.6139,77.209
2026-06-01 08:00:00,50.1,153.7,6.7,32.4,42,6.9,97,983.6,0.1,India,Delhi,28.6139,77.209
2026-06-01 09:00:00,47.6,143.4,5.9,32.7,41,6.5,93,982.5,0.0,India,Delhi,28.6139,77.209
2026-06-01 10:00:00,43.5,125.7,6.0,33.0,40,5.8,92,981.7,0.0,India,Delhi,28.6139,77.209
2026-06-01 11:00:00,42.0,120.1,7.3,33.1,39,5.3,78,981.1,0.0,India,Delhi,28.6139,77.209
2026-06-01 12:00:00,59.0,257.0,11.3,32.4,42,10.2,80,980.5,0.0,India,Delhi,28.6139,77.209
2026-06-01 13:00:00,52.2,177.4,19.3,31.0,49,8.9,84,981.0,0.0,India,Delhi,28.6139,77.209
2026-06-01 14:00:00,53.1,129.9,30.2,29.7,57,5.6,88,981.7,0.0,India,Delhi,28.6139,77.209
2026-06-01 15:00:00,54.0,109.0,38.2,28.8,62,5.7,81,982.3,0.0,India,Delhi,28.6139,77.209
2026-06-01 16:00:00,57.5,137.4,40.4,28.3,63,4.9,96,982.8,0.0,India,Delhi,28.6139,77.209
2026-06-01 17:00:00,59.0,148.5,39.5,27.8,66,3.9,103,983.1,0.0,India,Delhi,28.6139,77.209
2026-06-01 18:00:00,57.7,125.7,38.3,28.0,65,6.6,111,982.7,0.0,India,Delhi,28.6139,77.209
2026-06-01 19:00:00,56.8,110.8,37.2,27.3,66,6.7,84,982.3,0.0,India,Delhi,28.6139,77.209
2026-06-01 20:00:00,56.9,103.4,35.7,26.6,69,7.0,77,982.4,0.0,India,Delhi,28.6139,77.209
2026-06-01 21:00:00,57.4,95.7,34.5,25.1,77,10.8,181,983.0,0.5,India,Delhi,28.6139,77.209
2026-06-01 22:00:00,59.4,103.8,34.1,24.6,80,4.9,114,982.6,0.1,India,Delhi,28.6139,77.209
2026-06-01 23:00:00,60.8,113.6,34.0,24.4,80,5.5,81,982.5,0.0,India,Delhi,28.6139,77.209
2026-06-02 00:00:00,74.3,177.0,35.6,26.3,74,6.1,212,983.3,0.0,India,Delhi,28.6139,77.209
2026-06-02 01:00:00,69.6,142.5,33.2,26.0,73,7.2,183,983.7,0.0,India,Delhi,28.6139,77.209
2026-06-02 02:00:00,68.9,155.5,29.6,27.2,66,3.4,106,983.7,0.0,India,Delhi,28.6139,77.209
2026-06-02 03:00:00,63.3,160.7,25.3,29.6,54,6.1,95,984.1,0.0,India,Delhi,28.6139,77.209
2026-06-02 04:00:00,64.3,195.6,19.4,31.4,47,7.6,85,984.1,0.0,India,Delhi,28.6139,77.209
2026-06-02 05:00:00,61.7,189.5,12.8,33.3,40,7.9,91,983.9,0.0,India,Delhi,28.6139,77.209
2026-06-02 06:00:00,56.5,164.8,7.9,34.5,33,9.3,100,983.8,0.1,India,Delhi,28.6139,77.209
2026-06-02 07:00:00,55.9,182.1,6.0,35.3,30,7.6,102,982.8,0.0,India,Delhi,28.6139,77.209
2026-06-02 08:00:00,51.1,164.4,6.0,36.2,28,7.1,117,982.1,0.1,India,Delhi,28.6139,77.209
2026-06-02 09:00:00,52.5,184.4,6.6,36.3,28,7.6,128,981.0,0.1,India,Delhi,28.6139,77.209
2026-06-02 10:00:00,49.7,163.0,6.7,36.5,28,7.3,134,980.1,0.0,India,Delhi,28.6139,77.209
2026-06-02 11:00:00,52.5,174.2,7.5,35.9,29,6.0,139,979.6,0.0,India,Delhi,28.6139,77.209
2026-06-02 12:00:00,42.5,131.3,11.8,32.5,46,5.8,175,979.7,0.0,India,Delhi,28.6139,77.209
2026-06-02 13:00:00,47.1,126.2,24.0,32.4,47,5.8,182,979.4,0.1,India,Delhi,28.6139,77.209
2026-06-02 14:00:00,57.6,131.8,41.0,31.9,49,3.5,168,980.0,0.0,India,Delhi,28.6139,77.209
2026-06-02 15:00:00,69.4,141.1,54.7,31.6,52,4.2,155,980.3,0.0,India,Delhi,28.6139,77.209
2026-06-02 16:00:00,77.3,144.8,62.2,31.2,54,4.6,141,980.8,0.0,India,Delhi,28.6139,77.209
2026-06-02 17:00:00,81.0,142.0,66.3,30.8,55,3.7,119,981.2,0.0,India,Delhi,28.6139,77.209
2026-06-02 18:00:00,82.0,147.6,67.6,31.0,53,3.3,144,980.3,0.0,India,Delhi,28.6139,77.209
2026-06-02 19:00:00,79.9,141.6,64.8,30.5,59,2.2,171,980.4,0.0,India,Delhi,28.6139,77.209
2026-06-02 20:00:00,78.7,143.4,59.2,30.4,59,1.1,180,980.4,0.0,India,Delhi,28.6139,77.209
2026-06-02 21:00:00,77.5,145.8,55.3,30.1,60,1.8,143,980.0,0.0,India,Delhi,28.6139,77.209
2026-06-02 22:00:00,77.5,144.8,55.9,29.9,60,0.9,127,979.9,0.0,India,Delhi,28.6139,77.209
2026-06-02 23:00:00,79.4,146.2,58.3,29.5,60,1.4,130,980.0,0.0,India,Delhi,28.6139,77.209
2026-06-03 00:00:00,88.5,140.2,64.7,29.1,65,1.9,112,980.3,0.0,India,Delhi,28.6139,77.209
2026-06-03 01:00:00,89.6,134.1,56.1,29.7,59,4.0,93,980.3,0.0,India,Delhi,28.6139,77.209
2026-06-03 02:00:00,83.4,149.5,43.9,31.0,54,4.4,102,980.6,0.0,India,Delhi,28.6139,77.209
2026-06-03 03:00:00,69.6,152.7,32.6,32.7,47,4.5,104,980.6,0.0,India,Delhi,28.6139,77.209
2026-06-03 04:00:00,56.6,139.7,23.1,34.3,40,3.1,87,980.6,0.0,India,Delhi,28.6139,77.209
2026-06-03 05:00:00,51.0,123.4,14.5,35.6,35,4.2,72,980.3,0.0,India,Delhi,28.6139,77.209
2026-06-03 06:00:00,53.0,140.6,8.3,35.4,33,6.4,80,980.0,0.0,India,Delhi,28.6139,77.209
2026-06-03 07:00:00,53.0,139.2,5.4,36.6,32,7.5,60,979.6,0.1,India,Delhi,28.6139,77.209
2026-06-03 08:00:00,53.0,134.1,4.9,37.3,31,6.8,55,978.7,0.1,India,Delhi,28.6139,77.209
2026-06-03 09:00:00,52.7,127.6,5.6,37.9,29,6.6,49,977.5,0.0,India,Delhi,28.6139,77.209
2026-06-03 10:00:00,52.3,119.7,6.6,38.4,26,6.7,31,976.6,0.0,India,Delhi,28.6139,77.209
2026-06-03 11:00:00,51.5,118.3,8.9,37.8,27,6.5,360,975.8,0.0,India,Delhi,28.6139,77.209
2026-06-03 12:00:00,44.1,103.6,13.1,38.5,26,9.0,64,975.1,0.0,India,Delhi,28.6139,77.209
2026-06-03 13:00:00,46.9,106.9,18.8,36.0,33,9.9,92,975.7,0.1,India,Delhi,28.6139,77.209
2026-06-03 14:00:00,54.6,139.7,27.0,35.1,37,11.1,115,976.1,0.4,India,Delhi,28.6139,77.209
2026-06-03 15:00:00,59.6,144.4,35.7,34.7,38,7.0,103,976.5,0.0,India,Delhi,28.6139,77.209
2026-06-03 16:00:00,67.3,157.4,45.7,34.1,41,5.4,98,977.1,0.0,India,Delhi,28.6139,77.209
2026-06-03 17:00:00,74.7,156.9,56.1,33.2,45,4.6,135,977.3,0.0,India,Delhi,28.6139,77.209
2026-06-03 18:00:00,79.2,152.3,62.6,33.4,46,8.4,171,977.2,0.0,India,Delhi,28.6139,77.209
2026-06-03 19:00:00,79.4,143.9,62.3,32.2,50,5.6,165,977.1,0.0,India,Delhi,28.6139,77.209
2026-06-03 20:00:00,78.2,143.0,58.0,31.1,55,4.2,162,976.6,0.0,India,Delhi,28.6139,77.209
2026-06-03 21:00:00,75.4,145.3,53.7,30.4,57,4.0,185,976.4,0.0,India,Delhi,28.6139,77.209
2026-06-03 22:00:00,77.5,154.1,50.8,29.8,57,4.3,180,976.3,0.0,India,Delhi,28.6139,77.209
2026-06-03 23:00:00,78.2,154.1,47.9,29.3,58,4.3,178,976.4,0.0,India,Delhi,28.6139,77.209
2026-06-04 00:00:00,92.7,221.2,45.5,30.7,51,13.0,215,976.9,0.0,India,Delhi,28.6139,77.209
2026-06-04 01:00:00,87.1,185.8,41.0,30.9,49,2.4,81,976.7,0.0,India,Delhi,28.6139,77.209
2026-06-04 02:00:00,78.9,150.9,34.5,28.4,59,10.5,59,978.3,0.1,India,Delhi,28.6139,77.209
2026-06-04 03:00:00,89.6,342.7,27.9,31.0,50,7.5,143,977.8,0.0,India,Delhi,28.6139,77.209
2026-06-04 04:00:00,87.8,344.6,21.4,33.8,42,8.7,104,978.4,0.0,India,Delhi,28.6139,77.209
2026-06-04 05:00:00,86.8,339.9,14.8,34.5,42,10.2,113,978.3,0.0,India,Delhi,28.6139,77.209
2026-06-04 06:00:00,80.3,292.4,9.7,38.3,25,6.7,128,977.6,0.0,India,Delhi,28.6139,77.209
2026-06-04 07:00:00,76.6,275.7,6.9,39.5,22,3.9,133,976.7,0.2,India,Delhi,28.6139,77.209
2026-06-04 08:00:00,75.0,293.4,5.6,39.0,22,11.8,239,976.6,0.0,India,Delhi,28.6139,77.209
2026-06-04 09:00:00,74.7,305.5,5.4,39.1,23,10.1,260,975.8,0.1,India,Delhi,28.6139,77.209
2026-06-04 10:00:00,75.7,312.9,5.8,38.5,25,10.7,338,975.5,0.0,India,Delhi,28.6139,77.209
2026-06-04 11:00:00,79.4,339.0,7.4,37.5,30,11.3,18,975.2,0.0,India,Delhi,28.6139,77.209
2026-06-04 12:00:00,67.5,267.3,11.8,34.4,34,7.6,98,974.8,0.0,India,Delhi,28.6139,77.209
2026-06-04 13:00:00,74.7,250.5,26.1,34.4,32,11.3,226,975.4,0.0,India,Delhi,28.6139,77.209
2026-06-04 14:00:00,85.7,250.5,45.4,29.9,50,14.8,260,976.5,0.1,India,Delhi,28.6139,77.209
2026-06-04 15:00:00,98.5,305.5,56.0,30.0,53,8.3,275,976.7,0.1,India,Delhi,28.6139,77.209
2026-06-04 16:00:00,83.6,259.8,49.3,29.9,54,8.1,273,977.7,0.0,India,Delhi,28.6139,77.209
2026-06-04 17:00:00,68.5,161.1,34.1,29.7,54,7.1,255,977.8,0.0,India,Delhi,28.6139,77.209
2026-06-04 18:00:00,55.4,78.5,22.8,28.1,55,13.4,332,978.4,0.0,India,Delhi,28.6139,77.209
2026-06-04 19:00:00,56.0,99.4,20.8,26.2,68,2.4,283,978.6,0.8,India,Delhi,28.6139,77.209
2026-06-04 20:00:00,72.2,195.1,22.8,25.4,85,2.6,106,977.1,1.2,India,Delhi,28.6139,77.209
2026-06-04 21:00:00,92.2,302.7,25.4,26.0,77,9.0,136,976.6,0.0,India,Delhi,28.6139,77.209
2026-06-04 22:00:00,107.6,369.7,28.0,26.3,74,4.9,152,975.8,0.0,India,Delhi,28.6139,77.209
2026-06-04 23:00:00,113.6,373.5,31.3,26.7,69,5.6,263,976.6,0.0,India,Delhi,28.6139,77.209
2026-06-05 00:00:00,92.2,302.7,24.8,25.1,85,13.9,268,977.5,0.0,India,Delhi,28.6139,77.209
2026-06-05 01:00:00,95.2,312.9,26.7,26.4,72,2.4,347,978.3,0.0,India,Delhi,28.6139,77.209
2026-06-05 02:00:00,94.1,321.3,29.2,27.0,67,1.8,24,978.6,0.0,India,Delhi,28.6139,77.209
2026-06-05 03:00:00,93.1,315.7,29.3,28.4,59,1.6,186,979.3,0.0,India,Delhi,28.6139,77.209
2026-06-05 04:00:00,98.3,353.0,25.1,29.5,53,4.8,15,980.3,0.0,India,Delhi,28.6139,77.209
2026-06-05 05:00:00,96.2,367.9,18.7,31.2,47,4.9,354,980.1,0.0,India,Delhi,28.6139,77.209
2026-06-05 06:00:00,93.6,366.9,13.1,32.2,42,8.0,326,980.0,0.0,India,Delhi,28.6139,77.209
2026-06-05 07:00:00,87.3,339.9,9.3,32.9,41,9.0,348,980.1,0.0,India,Delhi,28.6139,77.209
2026-06-05 08:00:00,75.2,279.4,6.5,34.0,41,9.5,358,979.2,0.0,India,Delhi,28.6139,77.209
2026-06-05 09:00:00,70.8,272.9,5.0,33.8,43,8.3,20,978.6,0.0,India,Delhi,28.6139,77.209
2026-06-05 10:00:00,68.5,267.3,4.0,33.4,45,8.3,24,978.0,0.0,India,Delhi,28.6139,77.209
2026-06-05 11:00:00,66.4,253.3,4.4,33.7,45,6.8,27,977.3,0.1,India,Delhi,28.6139,77.209
2026-06-05 12:00:00,62.9,232.8,10.7,34.7,42,3.5,51,976.7,0.0,India,Delhi,28.6139,77.209
2026-06-05 13:00:00,65.0,209.5,21.8,34.2,43,3.6,30,976.7,0.0,India,Delhi,28.6139,77.209
2026-06-05 14:00:00,72.9,216.1,37.2,33.5,47,4.0,360,977.2,0.0,India,Delhi,28.6139,77.209
2026-06-05 15:00:00,79.2,202.6,49.0,32.8,51,3.1,13,977.6,0.0,India,Delhi,28.6139,77.209
2026-06-05 16:00:00,80.1,180.2,53.8,32.2,54,2.4,54,978.1,0.0,India,Delhi,28.6139,77.209
2026-06-05 17:00:00,79.9,171.4,55.1,31.8,56,3.6,90,978.4,0.0,India,Delhi,28.6139,77.209
2026-06-05 18:00:00,79.2,161.6,54.9,31.7,52,4.0,153,978.2,0.0,India,Delhi,28.6139,77.209
2026-06-05 19:00:00,77.8,162.5,53.1,30.5,59,3.5,125,977.9,0.0,India,Delhi,28.6139,77.209
2026-06-05 20:00:00,78.0,168.1,49.9,29.8,65,4.6,132,977.7,0.0,India,Delhi,28.6139,77.209
2026-06-05 21:00:00,79.9,168.6,47.8,29.2,69,4.2,149,977.5,0.0,India,Delhi,28.6139,77.209
2026-06-05 22:00:00,82.0,170.9,48.7,28.8,71,3.6,160,977.9,0.0,India,Delhi,28.6139,77.209
2026-06-05 23:00:00,84.1,175.6,50.6,28.5,71,4.5,164,978.0,0.0,India,Delhi,28.6139,77.209
2026-06-06 00:00:00,131.8,306.4,79.8,29.0,66,4.4,212,978.0,0.0,India,Delhi,28.6139,77.209
2026-06-06 01:00:00,131.8,285.9,68.1,29.6,62,4.0,212,978.6,0.0,India,Delhi,28.6139,77.209
2026-06-06 02:00:00,118.5,314.8,51.7,31.4,54,2.8,230,979.5,0.0,India,Delhi,28.6139,77.209
2026-06-06 03:00:00,112.5,346.5,36.6,33.5,46,2.2,256,979.9,0.0,India,Delhi,28.6139,77.209
2026-06-06 04:00:00,99.0,346.5,24.5,35.4,40,3.3,279,980.1,0.0,India,Delhi,28.6139,77.209
2026-06-06 05:00:00,87.5,350.2,13.8,37.0,35,3.4,302,980.0,0.0,India,Delhi,28.6139,77.209
2026-06-06 06:00:00,79.6,335.3,6.2,38.6,30,6.3,285,979.8,0.0,India,Delhi,28.6139,77.209
2026-06-06 07:00:00,72.9,299.9,3.1,39.4,27,6.8,310,979.1,0.0,India,Delhi,28.6139,77.209
2026-06-06 08:00:00,67.3,274.7,3.1,40.3,23,6.6,325,978.1,0.0,India,Delhi,28.6139,77.209
2026-06-06 09:00:00,64.3,268.2,4.1,40.1,23,8.1,305,977.6,0.0,India,Delhi,28.6139,77.209
2026-06-06 10:00:00,64.7,290.6,4.5,39.9,24,8.9,308,977.0,0.0,India,Delhi,28.6139,77.209
2026-06-06 11:00:00,61.5,265.4,6.0,39.2,25,12.1,290,976.8,0.0,India,Delhi,28.6139,77.209
2026-06-06 12:00:00,53.0,210.0,9.9,35.3,37,12.5,152,975.9,0.0,India,Delhi,28.6139,77.209
2026-06-06 13:00:00,59.0,204.4,23.5,34.8,38,8.6,170,976.6,0.0,India,Delhi,28.6139,77.209
2026-06-06 14:00:00,69.4,214.7,42.5,34.5,34,5.1,207,977.0,0.0,India,Delhi,28.6139,77.209
2026-06-06 15:00:00,81.3,222.1,58.9,34.2,36,4.8,209,977.6,0.0,India,Delhi,28.6139,77.209
2026-06-06 16:00:00,91.5,234.2,70.6,33.9,37,6.0,217,978.0,0.0,India,Delhi,28.6139,77.209
2026-06-06 17:00:00,97.6,248.7,79.6,33.8,37,7.2,251,978.3,0.0,India,Delhi,28.6139,77.209
2026-06-06 18:00:00,99.9,269.2,84.4,32.7,40,11.7,253,978.7,0.0,India,Delhi,28.6139,77.209
2026-06-06 19:00:00,100.8,294.3,82.6,31.1,45,10.9,253,978.6,0.0,India,Delhi,28.6139,77.209
2026-06-06 20:00:00,102.0,304.5,76.4,30.1,50,10.3,258,978.4,0.0,India,Delhi,28.6139,77.209
2026-06-06 21:00:00,100.8,286.8,71.2,29.6,51,9.8,262,978.3,0.0,India,Delhi,28.6139,77.209
2026-06-06 22:00:00,98.3,266.4,69.9,29.1,52,8.7,263,978.3,0.0,India,Delhi,28.6139,77.209
2026-06-06 23:00:00,97.8,253.3,69.5,28.9,51,7.7,273,978.7,0.0,India,Delhi,28.6139,77.209
2026-06-07 00:00:00,145.8,648.2,20.0,29.1,55,6.9,277,978.7,0.0,India,Delhi,28.6139,77.209
2026-06-07 01:00:00,146.2,646.3,18.7,29.2,56,5.6,272,979.4,0.0,India,Delhi,28.6139,77.209
2026-06-07 02:00:00,144.8,629.6,16.8,30.5,51,6.1,275,980.0,0.0,India,Delhi,28.6139,77.209
2026-06-07 03:00:00,135.5,638.9,14.5,32.8,43,6.8,292,980.3,0.0,India,Delhi,28.6139,77.209
2026-06-07 04:00:00,117.6,547.6,11.3,31.7,44,20.5,322,981.4,0.1,India,Delhi,28.6139,77.209
2026-06-07 05:00:00,104.1,482.4,7.6,32.1,44,5.9,40,980.1,0.1,India,Delhi,28.6139,77.209
2026-06-07 06:00:00,90.3,385.6,4.8,38.2,29,5.4,304,980.3,0.0,India,Delhi,28.6139,77.209
2026-06-07 07:00:00,84.3,377.2,3.4,38.8,28,5.5,311,979.4,0.1,India,Delhi,28.6139,77.209
2026-06-07 08:00:00,76.8,327.8,2.9,39.8,26,5.5,302,978.4,0.0,India,Delhi,28.6139,77.209
2026-06-07 09:00:00,73.6,318.5,3.1,40.4,22,7.5,281,977.4,0.0,India,Delhi,28.6139,77.209
2026-06-07 10:00:00,79.2,398.6,3.6,40.4,21,11.4,275,976.6,0.0,India,Delhi,28.6139,77.209
2026-06-07 11:00:00,78.2,403.3,4.9,39.4,23,14.1,280,976.2,0.0,India,Delhi,28.6139,77.209
2026-06-07 12:00:00,67.3,326.0,7.3,34.8,45,20.9,267,976.0,0.0,India,Delhi,28.6139,77.209
2026-06-07 13:00:00,70.3,290.6,14.8,34.6,45,5.8,97,975.6,0.1,India,Delhi,28.6139,77.209
2026-06-07 14:00:00,76.4,295.2,25.4,32.4,53,11.2,118,976.0,0.0,India,Delhi,28.6139,77.209
2026-06-07 15:00:00,82.9,282.2,35.6,32.3,51,7.6,184,976.3,0.0,India,Delhi,28.6139,77.209
2026-06-07 16:00:00,88.5,272.9,45.5,32.3,50,5.3,208,976.8,0.0,India,Delhi,28.6139,77.209
2026-06-07 17:00:00,90.3,253.3,55.0,31.9,52,4.3,165,977.1,0.0,India,Delhi,28.6139,77.209
2026-06-07 18:00:00,89.4,231.9,60.6,32.8,46,11.6,246,976.6,0.0,India,Delhi,28.6139,77.209
2026-06-07 19:00:00,85.2,231.0,59.5,32.5,43,11.2,258,976.5,0.0,India,Delhi,28.6139,77.209
2026-06-07 20:00:00,82.2,237.5,54.5,31.6,44,9.7,259,976.3,0.0,India,Delhi,28.6139,77.209
2026-06-07 21:00:00,79.9,235.6,50.2,30.9,45,9.3,262,976.2,0.0,India,Delhi,28.6139,77.209
2026-06-07 22:00:00,76.8,218.9,48.9,30.4,46,9.1,260,976.1,0.0,India,Delhi,28.6139,77.209
2026-06-07 23:00:00,73.8,195.1,48.4,29.9,47,9.1,262,976.2,0.0,India,Delhi,28.6139,77.209
2026-06-08 00:00:00,112.0,488.0,15.4,30.5,52,9.7,268,976.7,0.0,India,Delhi,28.6139,77.209
2026-06-08 01:00:00,108.0,488.0,15.7,30.7,53,9.2,269,977.1,0.0,India,Delhi,28.6139,77.209
2026-06-08 02:00:00,104.5,444.2,15.9,32.1,49,9.5,271,977.6,0.0,India,Delhi,28.6139,77.209
2026-06-08 03:00:00,107.1,525.3,15.1,34.2,42,10.7,277,978.0,0.0,India,Delhi,28.6139,77.209
2026-06-08 04:00:00,110.1,575.6,12.2,36.2,38,11.3,280,978.1,0.0,India,Delhi,28.6139,77.209
2026-06-08 05:00:00,109.4,570.0,8.2,38.1,32,12.0,289,977.8,0.0,India,Delhi,28.6139,77.209
2026-06-08 06:00:00,102.7,527.1,5.2,40.0,25,10.8,280,977.7,0.0,India,Delhi,28.6139,77.209
2026-06-08 07:00:00,95.7,508.5,3.6,41.1,20,12.1,282,977.0,0.0,India,Delhi,28.6139,77.209
2026-06-08 08:00:00,87.3,504.8,3.0,41.4,17,13.9,287,976.1,0.0,India,Delhi,28.6139,77.209
2026-06-08 09:00:00,87.5,551.3,3.6,41.7,14,12.5,290,975.1,0.0,India,Delhi,28.6139,77.209
2026-06-08 10:00:00,92.7,616.5,5.2,42.1,14,14.2,297,974.8,0.0,India,Delhi,28.6139,77.209
2026-06-08 11:00:00,100.8,653.8,8.2,41.7,14,14.5,305,974.2,0.0,India,Delhi,28.6139,77.209
2026-06-08 12:00:00,83.8,551.3,12.9,41.7,16,17.6,292,973.6,0.0,India,Delhi,28.6139,77.209
2026-06-08 13:00:00,102.7,637.0,24.7,41.3,14,14.7,288,973.5,0.0,India,Delhi,28.6139,77.209
2026-06-08 14:00:00,115.7,651.9,41.0,40.2,17,14.1,280,973.7,0.0,India,Delhi,28.6139,77.209
2026-06-08 15:00:00,127.6,670.6,53.5,38.8,20,8.8,317,974.3,0.0,India,Delhi,28.6139,77.209
2026-06-08 16:00:00,138.3,707.8,57.7,37.2,26,3.6,333,974.8,0.0,India,Delhi,28.6139,77.209
2026-06-08 17:00:00,147.1,745.1,58.0,36.4,29,1.8,264,975.1,0.0,India,Delhi,28.6139,77.209
2026-06-08 18:00:00,154.6,776.7,59.7,35.4,30,6.2,248,974.9,0.0,India,Delhi,28.6139,77.209
2026-06-08 19:00:00,159.7,814.0,65.6,33.9,33,5.9,250,974.7,0.0,India,Delhi,28.6139,77.209
2026-06-08 20:00:00,163.0,800.9,72.7,32.9,35,6.0,233,974.2,0.0,India,Delhi,28.6139,77.209
2026-06-08 21:00:00,162.5,763.7,77.5,32.5,35,4.6,244,974.1,0.0,India,Delhi,28.6139,77.209
2026-06-08 22:00:00,157.4,705.9,79.1,32.1,34,4.5,256,974.2,0.0,India,Delhi,28.6139,77.209
2026-06-08 23:00:00,151.3,663.1,78.4,31.6,34,8.5,241,974.7,0.0,India,Delhi,28.6139,77.209
2026-06-09 00:00:00,103.8,431.2,40.7,31.7,42,10.2,240,974.4,0.0,India,Delhi,28.6139,77.209
2026-06-09 01:00:00,99.2,401.4,35.4,32.1,45,8.6,254,974.9,0.0,India,Delhi,28.6139,77.209
2026-06-09 02:00:00,98.7,398.6,27.9,33.6,47,10.7,263,975.5,0.0,India,Delhi,28.6139,77.209
2026-06-09 03:00:00,100.4,480.6,20.9,35.5,43,11.0,271,975.7,0.0,India,Delhi,28.6139,77.209
2026-06-09 04:00:00,109.2,562.5,15.2,37.5,38,10.3,276,975.8,0.0,India,Delhi,28.6139,77.209
2026-06-09 05:00:00,113.2,599.8,10.0,39.4,31,9.9,285,975.9,0.0,India,Delhi,28.6139,77.209
2026-06-09 06:00:00,113.9,625.8,6.2,41.9,20,9.2,290,975.4,0.0,India,Delhi,28.6139,77.209
2026-06-09 07:00:00,106.9,618.4,4.1,42.5,17,13.1,303,975.2,0.0,India,Delhi,28.6139,77.209
2026-06-09 08:00:00,94.8,577.4,3.4,42.6,15,14.7,301,974.5,0.0,India,Delhi,28.6139,77.209
2026-06-09 09:00:00,84.3,497.3,4.0,43.0,14,15.4,302,973.9,0.0,India,Delhi,28.6139,77.209
2026-06-09 10:00:00,77.8,422.8,5.3,42.9,14,17.3,301,973.4,0.0,India,Delhi,28.6139,77.209
2026-06-09 11:00:00,82.0,436.8,7.8,42.3,14,16.9,294,973.0,0.0,India,Delhi,28.6139,77.209
2026-06-09 12:00:00,61.0,291.5,13.2,42.1,16,16.9,279,972.4,0.0,India,Delhi,28.6139,77.209
2026-06-09 13:00:00,67.5,305.5,19.0,40.8,17,18.7,272,973.0,0.0,India,Delhi,28.6139,77.209
2026-06-09 14:00:00,79.4,346.5,27.1,38.8,22,15.1,271,973.7,0.0,India,Delhi,28.6139,77.209
2026-06-09 15:00:00,91.3,400.5,34.3,38.3,23,8.3,271,974.1,0.0,India,Delhi,28.6139,77.209
2026-06-09 16:00:00,93.1,358.6,39.6,37.2,26,2.8,235,974.1,0.0,India,Delhi,28.6139,77.209
2026-06-09 17:00:00,96.9,353.9,43.9,36.5,27,4.0,207,974.3,0.0,India,Delhi,28.6139,77.209
2026-06-09 18:00:00,101.7,380.0,46.7,36.8,25,6.8,270,975.1,0.0,India,Delhi,28.6139,77.209
2026-06-09 19:00:00,100.6,361.4,48.4,35.3,28,9.7,255,974.7,0.0,India,Delhi,28.6139,77.209
2026-06-09 20:00:00,98.3,347.4,48.5,34.4,28,6.2,237,974.3,0.0,India,Delhi,28.6139,77.209
2026-06-09 21:00:00,98.0,374.4,45.6,33.7,29,6.7,246,974.0,0.0,India,Delhi,28.6139,77.209
2026-06-09 22:00:00,100.8,460.1,36.8,33.2,30,5.1,228,973.6,0.0,India,Delhi,28.6139,77.209
2026-06-09 23:00:00,114.3,609.1,24.8,32.7,31,8.2,238,974.2,0.0,India,Delhi,28.6139,77.209
2026-06-10 00:00:00,84.8,390.2,35.1,32.1,36,9.0,235,974.6,0.0,India,Delhi,28.6139,77.209
2026-06-10 01:00:00,95.0,504.8,30.3,31.3,45,8.4,203,975.4,0.0,India,Delhi,28.6139,77.209
2026-06-10 02:00:00,104.5,499.2,23.5,33.0,47,7.3,230,975.9,0.0,India,Delhi,28.6139,77.209
2026-06-10 03:00:00,121.1,668.7,17.4,35.4,46,11.4,263,976.1,0.0,India,Delhi,28.6139,77.209
2026-06-10 04:00:00,131.3,739.5,12.7,37.1,40,14.1,266,976.2,0.0,India,Delhi,28.6139,77.209
2026-06-10 05:00:00,149.0,886.6,8.7,38.8,35,13.2,276,976.2,0.0,India,Delhi,28.6139,77.209
2026-06-10 06:00:00,169.0,1069.2,5.8,40.7,25,14.4,279,976.0,0.0,India,Delhi,28.6139,77.209
2026-06-10 07:00:00,178.8,1173.5,4.0,41.4,23,12.3,278,975.4,0.0,India,Delhi,28.6139,77.209
2026-06-10 08:00:00,178.8,1210.7,3.2,42.1,21,11.6,277,974.4,0.0,India,Delhi,28.6139,77.209
2026-06-10 09:00:00,169.0,1166.0,4.0,42.6,19,12.3,282,973.4,0.0,India,Delhi,28.6139,77.209
2026-06-10 10:00:00,152.3,1020.7,5.7,42.3,18,14.8,269,973.1,0.4,India,Delhi,28.6139,77.209
2026-06-10 11:00:00,147.1,936.9,8.9,41.2,21,14.6,250,973.0,0.0,India,Delhi,28.6139,77.209
2026-06-10 12:00:00,151.3,922.0,15.4,43.6,18,14.8,264,971.9,0.0,India,Delhi,28.6139,77.209
2026-06-10 13:00:00,145.3,843.8,24.4,42.9,16,13.0,273,972.1,0.0,India,Delhi,28.6139,77.209
2026-06-10 14:00:00,143.4,733.9,36.7,41.4,19,5.8,263,972.5,0.0,India,Delhi,28.6139,77.209
2026-06-10 15:00:00,134.1,577.4,45.2,40.0,21,4.6,193,972.6,0.0,India,Delhi,28.6139,77.209
2026-06-10 16:00:00,125.7,448.9,46.5,39.6,20,5.3,192,973.1,0.0,India,Delhi,28.6139,77.209
2026-06-10 17:00:00,135.0,486.2,44.1,38.7,21,4.0,210,973.7,0.0,India,Delhi,28.6139,77.209
2026-06-10 18:00:00,152.3,590.5,41.1,37.4,24,2.9,356,974.0,0.0,India,Delhi,28.6139,77.209
2026-06-10 19:00:00,161.1,650.1,38.2,36.6,30,0.6,214,973.9,0.0,India,Delhi,28.6139,77.209
2026-06-10 20:00:00,163.4,644.5,34.8,36.6,26,6.4,216,973.4,0.0,India,Delhi,28.6139,77.209
2026-06-10 21:00:00,155.5,577.4,32.2,35.8,29,4.5,247,973.4,0.0,India,Delhi,28.6139,77.209
2026-06-10 22:00:00,142.5,480.6,31.3,35.1,34,4.1,257,973.2,0.0,India,Delhi,28.6139,77.209
2026-06-10 23:00:00,137.8,440.5,31.3,34.6,39,3.2,267,973.4,0.0,India,Delhi,28.6139,77.209
2026-06-11 00:00:00,118.7,398.6,29.8,31.7,47,10.7,147,973.4,0.0,India,Delhi,28.6139,77.209
2026-06-11 01:00:00,136.4,525.3,28.2,30.5,49,11.9,122,974.8,0.1,India,Delhi,28.6139,77.209
2026-06-11 02:00:00,152.3,618.4,25.8,29.5,56,13.0,146,975.7,0.1,India,Delhi,28.6139,77.209
2026-06-11 03:00:00,174.6,776.7,22.6,31.0,54,13.9,137,976.0,0.0,India,Delhi,28.6139,77.209
2026-06-11 04:00:00,197.0,940.6,17.8,32.7,53,13.4,131,976.7,0.0,India,Delhi,28.6139,77.209
2026-06-11 05:00:00,209.1,1043.1,12.1,34.7,47,13.8,140,976.6,0.0,India,Delhi,28.6139,77.209
2026-06-11 06:00:00,208.6,1076.6,7.9,33.7,50,17.4,113,977.6,0.0,India,Delhi,28.6139,77.209
2026-06-11 07:00:00,209.1,1121.3,5.8,34.3,50,16.1,124,977.1,0.0,India,Delhi,28.6139,77.209
2026-06-11 08:00:00,212.3,1180.9,5.2,35.5,48,15.3,136,976.1,0.0,India,Delhi,28.6139,77.209
2026-06-11 09:00:00,214.2,1229.3,6.0,36.4,45,13.8,143,975.3,0.0,India,Delhi,28.6139,77.209
2026-06-11 10:00:00,214.2,1259.1,8.8,36.8,45,12.7,144,974.9,0.0,India,Delhi,28.6139,77.209
2026-06-11 11:00:00,204.4,1147.4,12.9,36.8,45,10.1,141,974.5,0.0,India,Delhi,28.6139,77.209
2026-06-11 12:00:00,330.6,1989.3,14.2,36.5,42,16.6,119,973.6,0.0,India,Delhi,28.6139,77.209
2026-06-11 13:00:00,285.0,1587.0,15.8,35.3,45,15.9,117,973.9,0.0,India,Delhi,28.6139,77.209
2026-06-11 14:00:00,217.5,1069.2,17.9,34.1,49,16.6,103,974.4,0.0,India,Delhi,28.6139,77.209
2026-06-11 15:00:00,140.6,517.8,18.9,32.7,52,15.9,102,975.1,0.0,India,Delhi,28.6139,77.209
2026-06-11 16:00:00,90.1,243.1,17.9,32.0,54,15.8,88,976.7,0.0,India,Delhi,28.6139,77.209
2026-06-11 17:00:00,67.8,152.3,15.8,31.1,58,19.8,92,977.5,0.0,India,Delhi,28.6139,77.209
2026-06-11 18:00:00,120.6,601.6,14.1,27.4,75,13.6,35,978.4,0.0,India,Delhi,28.6139,77.209
2026-06-11 19:00:00,132.2,665.0,13.3,26.6,78,18.8,49,979.2,0.0,India,Delhi,28.6139,77.209
2026-06-11 20:00:00,125.7,637.0,12.9,26.0,83,17.0,53,978.6,0.0,India,Delhi,28.6139,77.209
2026-06-11 21:00:00,78.2,288.7,12.7,25.9,81,13.4,59,978.5,0.1,India,Delhi,28.6139,77.209
2026-06-11 22:00:00,46.8,109.9,12.5,24.6,89,17.1,93,979.0,2.7,India,Delhi,28.6139,77.209
2026-06-11 23:00:00,51.7,181.6,12.5,24.2,92,19.6,104,978.2,1.5,India,Delhi,28.6139,77.209
2026-06-12 00:00:00,95.7,464.7,14.8,23.6,93,7.3,351,979.7,0.0,India,Delhi,28.6139,77.209
2026-06-12 01:00:00,85.2,340.9,15.1,23.3,93,18.3,97,980.4,2.4,India,Delhi,28.6139,77.209
2026-06-12 02:00:00,61.0,161.1,15.5,24.1,88,15.6,102,981.1,0.4,India,Delhi,28.6139,77.209
2026-06-12 03:00:00,38.5,74.5,14.8,25.7,79,16.6,111,981.4,0.0,India,Delhi,28.6139,77.209
2026-06-12 04:00:00,28.8,52.9,12.1,27.4,73,16.0,111,981.6,0.0,India,Delhi,28.6139,77.209
2026-06-12 05:00:00,46.6,150.4,8.4,29.0,66,16.0,114,981.5,0.0,India,Delhi,28.6139,77.209
2026-06-12 06:00:00,53.4,248.7,5.7,30.4,60,15.4,120,981.8,0.0,India,Delhi,28.6139,77.209
2026-06-12 07:00:00,70.3,304.5,4.7,31.3,57,15.9,112,981.7,0.0,India,Delhi,28.6139,77.209
2026-06-12 08:00:00,83.8,489.9,4.8,31.7,55,13.6,119,981.2,0.0,India,Delhi,28.6139,77.209
2026-06-12 09:00:00,86.1,491.7,6.0,32.2,54,12.1,128,980.6,0.0,India,Delhi,28.6139,77.209
2026-06-12 10:00:00,85.7,480.6,7.8,32.2,54,10.1,129,979.9,0.0,India,Delhi,28.6139,77.209
2026-06-12 11:00:00,87.3,488.0,10.7,32.6,53,6.7,126,979.6,0.0,India,Delhi,28.6139,77.209
2026-06-12 12:00:00,118.7,791.6,12.8,29.6,65,4.2,265,979.4,0.0,India,Delhi,28.6139,77.209
2026-06-12 13:00:00,114.6,588.6,23.1,25.5,87,12.3,55,979.9,0.8,India,Delhi,28.6139,77.209
2026-06-12 14:00:00,109.2,462.9,37.0,26.1,86,3.2,322,979.3,0.2,India,Delhi,28.6139,77.209
2026-06-12 15:00:00,102.2,440.5,45.2,26.6,82,8.8,75,980.1,0.0,India,Delhi,28.6139,77.209
2026-06-12 16:00:00,92.7,425.6,41.9,26.8,78,7.9,106,980.8,0.0,India,Delhi,28.6139,77.209
2026-06-12 17:00:00,93.1,457.3,32.9,26.8,77,8.4,100,980.9,0.0,India,Delhi,28.6139,77.209
2026-06-12 18:00:00,103.6,517.8,25.8,26.2,78,8.8,175,981.8,0.0,India,Delhi,28.6139,77.209
2026-06-12 19:00:00,109.0,506.6,23.9,25.9,80,4.5,203,981.5,0.0,India,Delhi,28.6139,77.209
2026-06-12 20:00:00,104.5,423.8,23.9,25.8,82,5.4,130,980.5,0.0,India,Delhi,28.6139,77.209
2026-06-12 21:00:00,94.3,334.3,24.4,25.4,84,6.9,120,979.5,0.5,India,Delhi,28.6139,77.209
2026-06-12 22:00:00,84.3,284.1,25.1,25.3,85,4.0,240,979.4,0.2,India,Delhi,28.6139,77.209
2026-06-12 23:00:00,76.8,245.9,26.3,25.2,86,4.0,3,980.7,0.0,India,Delhi,28.6139,77.209
2026-06-13 00:00:00,74.3,137.8,23.1,25.0,83,8.3,276,981.3,0.0,India,Delhi,28.6139,77.209
2026-06-13 01:00:00,70.3,166.7,23.9,24.8,84,6.7,261,981.7,0.0,India,Delhi,28.6139,77.209
2026-06-13 02:00:00,72.2,229.1,25.0,25.8,80,5.3,237,982.2,0.0,India,Delhi,28.6139,77.209
2026-06-13 03:00:00,88.5,391.2,24.5,26.5,75,1.8,217,982.2,0.0,India,Delhi,28.6139,77.209
2026-06-13 04:00:00,110.6,553.2,21.4,27.3,70,3.7,79,982.0,0.0,India,Delhi,28.6139,77.209
2026-06-13 05:00:00,124.3,609.1,16.8,28.6,64,6.3,77,982.0,0.0,India,Delhi,28.6139,77.209
2026-06-13 06:00:00,127.6,584.9,12.8,30.5,55,3.0,76,982.1,0.0,India,Delhi,28.6139,77.209
2026-06-13 07:00:00,125.7,534.6,9.8,31.0,55,3.6,357,981.8,0.0,India,Delhi,28.6139,77.209
2026-06-13 08:00:00,120.1,474.0,7.5,32.3,51,2.5,8,981.4,0.0,India,Delhi,28.6139,77.209
2026-06-13 09:00:00,112.2,421.9,6.5,32.7,49,3.1,31,980.9,0.0,India,Delhi,28.6139,77.209
2026-06-13 10:00:00,102.9,380.0,5.3,33.0,47,2.0,5,980.3,0.0,India,Delhi,28.6139,77.209
2026-06-13 11:00:00,95.2,339.0,5.5,32.9,47,1.7,18,979.4,0.0,India,Delhi,28.6139,77.209
2026-06-13 12:00:00,101.7,375.3,14.7,33.7,43,2.1,149,979.3,0.0,India,Delhi,28.6139,77.209
2026-06-13 13:00:00,104.5,315.7,31.6,32.4,54,5.4,92,978.9,0.0,India,Delhi,28.6139,77.209
2026-06-13 14:00:00,112.9,317.6,55.3,30.3,66,4.0,93,978.9,0.0,India,Delhi,28.6139,77.209
2026-06-13 15:00:00,130.4,346.5,75.7,29.7,70,2.5,172,979.1,0.0,India,Delhi,28.6139,77.209
2026-06-13 16:00:00,145.8,366.9,89.8,29.3,73,0.5,135,979.5,0.0,India,Delhi,28.6139,77.209
2026-06-13 17:00:00,151.8,378.1,100.6,28.4,78,2.3,113,979.5,0.0,India,Delhi,28.6139,77.209
2026-06-13 18:00:00,158.3,394.9,106.9,28.6,72,4.6,225,979.2,0.0,India,Delhi,28.6139,77.209
2026-06-13 19:00:00,161.1,396.7,106.9,27.8,72,4.7,220,978.9,0.0,India,Delhi,28.6139,77.209
2026-06-13 20:00:00,156.9,382.8,102.4,27.2,71,5.2,209,978.6,0.0,India,Delhi,28.6139,77.209
2026-06-13 21:00:00,153.7,375.3,97.5,26.7,71,5.9,218,978.4,0.0,India,Delhi,28.6139,77.209
2026-06-13 22:00:00,151.3,362.3,94.9,26.3,73,5.5,229,978.5,0.0,India,Delhi,28.6139,77.209
2026-06-13 23:00:00,146.7,333.4,91.9,26.0,75,5.3,246,978.7,0.0,India,Delhi,28.6139,77.209
2026-06-14 00:00:00,127.1,353.0,28.7,26.8,82,3.3,279,979.0,0.0,India,Delhi,28.6139,77.209
2026-06-14 01:00:00,125.7,328.8,25.5,27.5,78,3.7,349,979.4,0.0,India,Delhi,28.6139,77.209
2026-06-14 02:00:00,109.7,337.1,21.0,28.6,76,2.7,28,979.8,0.0,India,Delhi,28.6139,77.209
2026-06-14 03:00:00,95.0,369.7,16.8,30.0,71,0.2,180,980.2,0.0,India,Delhi,28.6139,77.209
2026-06-14 04:00:00,100.8,427.5,13.4,31.6,65,1.6,264,980.3,0.0,India,Delhi,28.6139,77.209
2026-06-14 05:00:00,116.2,516.0,10.2,33.0,58,2.4,279,980.2,0.0,India,Delhi,28.6139,77.209
2026-06-14 06:00:00,115.3,506.6,7.6,34.8,45,2.7,266,979.7,0.0,India,Delhi,28.6139,77.209
2026-06-14 07:00:00,91.0,405.1,5.4,36.0,40,3.6,264,979.0,0.0,India,Delhi,28.6139,77.209
2026-06-14 08:00:00,90.6,428.4,3.8,36.8,36,6.5,270,978.1,0.0,India,Delhi,28.6139,77.209
2026-06-14 09:00:00,84.8,367.9,3.2,35.6,36,10.1,299,977.7,0.2,India,Delhi,28.6139,77.209
2026-06-14 10:00:00,85.0,380.0,2.5,35.3,36,8.6,296,977.0,0.0,India,Delhi,28.6139,77.209
2026-06-14 11:00:00,85.7,388.4,2.8,34.7,40,10.8,298,976.9,0.1,India,Delhi,28.6139,77.209
2026-06-14 12:00:00,78.9,362.3,8.8,36.1,39,4.6,301,975.4,0.2,India,Delhi,28.6139,77.209
2026-06-14 13:00:00,83.6,339.0,23.2,35.1,44,4.9,336,975.5,0.0,India,Delhi,28.6139,77.209
2026-06-14 14:00:00,97.8,351.1,43.4,33.2,56,1.0,149,975.9,0.0,India,Delhi,28.6139,77.209
2026-06-14 15:00:00,114.6,382.8,61.5,32.1,62,3.0,65,976.5,0.0,India,Delhi,28.6139,77.209
2026-06-14 16:00:00,127.6,399.5,75.5,30.5,70,4.6,103,977.1,0.0,India,Delhi,28.6139,77.209
2026-06-14 17:00:00,138.3,417.2,87.3,29.8,74,3.4,137,977.7,0.0,India,Delhi,28.6139,77.209
2026-06-14 18:00:00,148.5,444.2,94.8,30.0,70,8.9,204,977.8,0.0,India,Delhi,28.6139,77.209
2026-06-14 19:00:00,153.7,444.2,96.2,29.5,51,10.1,243,977.7,0.0,India,Delhi,28.6139,77.209
2026-06-14 20:00:00,152.7,413.5,93.2,29.1,52,10.3,247,977.5,0.0,India,Delhi,28.6139,77.209
2026-06-14 21:00:00,145.8,380.0,89.4,28.6,54,9.0,250,977.4,0.0,India,Delhi,28.6139,77.209
2026-06-14 22:00:00,140.6,354.8,86.1,28.1,56,7.8,265,977.2,0.0,India,Delhi,28.6139,77.209
2026-06-14 23:00:00,136.0,317.6,82.0,27.8,58,7.4,267,977.7,0.0,India,Delhi,28.6139,77.209
2026-06-15 00:00:00,88.7,294.3,30.6,27.5,62,7.1,291,978.2,0.0,India,Delhi,28.6139,77.209
2026-06-15 01:00:00,85.4,255.2,26.9,28.0,63,5.9,288,978.8,0.0,India,Delhi,28.6139,77.209
2026-06-15 02:00:00,88.2,312.0,21.8,29.2,60,7.2,283,979.7,0.0,India,Delhi,28.6139,77.209
2026-06-15 03:00:00,78.0,258.0,16.9,30.8,54,8.1,287,980.1,0.0,India,Delhi,28.6139,77.209
2026-06-15 04:00:00,79.2,298.0,12.7,32.6,46,8.4,313,980.2,0.0,India,Delhi,28.6139,77.209
2026-06-15 05:00:00,83.1,324.1,8.8,34.3,43,7.9,313,980.5,0.0,India,Delhi,28.6139,77.209
2026-06-15 06:00:00,83.4,321.3,6.0,35.1,40,9.8,311,979.5,0.0,India,Delhi,28.6139,77.209
2026-06-15 07:00:00,79.2,300.8,4.5,35.7,38,10.6,313,979.1,0.0,India,Delhi,28.6139,77.209
2026-06-15 08:00:00,75.4,272.9,4.0,36.3,36,10.1,305,978.6,0.0,India,Delhi,28.6139,77.209
2026-06-15 09:00:00,73.6,267.3,4.3,34.6,39,18.8,297,978.7,0.0,India,Delhi,28.6139,77.209
2026-06-15 10:00:00,73.8,276.6,4.7,30.5,55,9.7,309,979.3,0.8,India,Delhi,28.6139,77.209
2026-06-15 11:00:00,78.9,333.4,5.9,31.6,53,6.4,310,977.8,0.5,India,Delhi,28.6139,77.209
2026-06-15 12:00:00,136.0,871.7,10.6,29.4,62,5.9,259,977.3,0.0,India,Delhi,28.6139,77.209
2026-06-15 13:00:00,140.2,815.8,19.1,29.7,62,5.4,358,977.5,0.0,India,Delhi,28.6139,77.209
2026-06-15 14:00:00,145.8,760.0,31.2,29.1,59,5.4,360,978.3,0.0,India,Delhi,28.6139,77.209
2026-06-15 15:00:00,152.7,704.1,43.3,28.7,62,2.9,330,979.0,0.0,India,Delhi,28.6139,77.209
2026-06-15 16:00:00,161.6,737.6,55.0,28.6,63,0.8,243,979.6,0.0,India,Delhi,28.6139,77.209
2026-06-15 17:00:00,174.2,802.8,66.7,27.4,66,4.0,201,980.0,0.0,India,Delhi,28.6139,77.209
2026-06-15 18:00:00,183.9,806.5,75.3,26.5,65,8.4,214,980.0,0.0,India,Delhi,28.6139,77.209
2026-06-15 19:00:00,192.3,827.0,79.3,26.1,67,5.6,230,979.5,0.0,India,Delhi,28.6139,77.209
2026-06-15 20:00:00,195.1,823.3,80.2,25.8,71,4.3,228,979.3,0.0,India,Delhi,28.6139,77.209
2026-06-15 21:00:00,197.4,841.9,79.8,25.5,75,3.3,216,978.8,0.0,India,Delhi,28.6139,77.209
2026-06-15 22:00:00,199.8,843.8,79.2,25.2,78,3.8,262,979.0,0.0,India,Delhi,28.6139,77.209
2026-06-15 23:00:00,200.7,847.5,77.4,25.4,76,4.5,284,979.2,0.0,India,Delhi,28.6139,77.209
2026-06-16 00:00:00,145.3,523.4,41.8,25.7,74,1.3,286,978.7,0.1,India,Delhi,28.6139,77.209
2026-06-16 01:00:00,144.8,448.0,37.5,26.4,71,1.9,343,979.8,0.0,India,Delhi,28.6139,77.209
2026-06-16 02:00:00,143.9,538.3,31.4,27.8,66,17.5,253,981.7,0.0,India,Delhi,28.6139,77.209
2026-06-16 03:00:00,130.4,542.0,25.2,28.1,65,6.5,267,981.5,0.0,India,Delhi,28.6139,77.209
2026-06-16 04:00:00,113.6,542.0,18.9,29.6,58,10.5,257,982.2,0.0,India,Delhi,28.6139,77.209
2026-06-16 05:00:00,101.3,521.5,12.4,29.8,55,9.4,266,982.6,0.0,India,Delhi,28.6139,77.209
2026-06-16 06:00:00,94.5,491.7,7.6,26.6,75,10.7,258,982.7,0.0,India,Delhi,28.6139,77.209
2026-06-16 07:00:00,91.5,467.5,5.1,27.7,65,7.2,284,982.0,0.5,India,Delhi,28.6139,77.209
2026-06-16 08:00:00,85.4,412.6,4.3,29.4,53,3.8,197,981.3,0.0,India,Delhi,28.6139,77.209
2026-06-16 09:00:00,80.6,367.9,4.7,29.2,54,5.2,229,980.2,0.0,India,Delhi,28.6139,77.209
2026-06-16 10:00:00,79.6,355.8,6.1,31.0,51,5.8,265,980.0,0.0,India,Delhi,28.6139,77.209
2026-06-16 11:00:00,78.9,358.6,8.6,32.3,44,4.5,310,979.3,0.0,India,Delhi,28.6139,77.209
2026-06-16 12:00:00,50.6,203.5,10.4,32.0,50,8.1,271,979.3,0.0,India,Delhi,28.6139,77.209
2026-06-16 13:00:00,53.4,190.5,25.0,31.1,55,9.5,279,979.6,0.0,India,Delhi,28.6139,77.209
2026-06-16 14:00:00,63.8,182.5,45.7,29.6,62,6.9,287,979.7,0.0,India,Delhi,28.6139,77.209
2026-06-16 15:00:00,78.0,202.6,65.5,28.6,69,4.1,283,979.6,0.0,India,Delhi,28.6139,77.209
2026-06-16 16:00:00,91.0,224.9,84.0,28.3,71,3.8,315,980.2,0.0,India,Delhi,28.6139,77.209
2026-06-16 17:00:00,104.8,239.3,101.6,28.0,72,3.6,307,980.7,0.0,India,Delhi,28.6139,77.209
2026-06-16 18:00:00,115.9,249.6,113.0,27.3,69,9.0,244,981.1,0.0,India,Delhi,28.6139,77.209
2026-06-16 19:00:00,120.6,253.3,114.9,26.6,70,6.2,263,980.6,0.0,India,Delhi,28.6139,77.209
2026-06-16 20:00:00,117.8,258.0,110.6,26.1,73,4.4,282,980.2,0.0,India,Delhi,28.6139,77.209
2026-06-16 21:00:00,114.3,283.1,104.4,25.5,75,6.1,251,980.3,0.0,India,Delhi,28.6139,77.209
2026-06-16 22:00:00,115.3,327.8,97.3,25.0,77,5.9,258,980.5,0.0,India,Delhi,28.6139,77.209
2026-06-16 23:00:00,120.1,380.9,88.3,24.7,77,7.1,277,980.6,0.0,India,Delhi,28.6139,77.209
2026-06-17 00:00:00,95.5,497.3,39.9,25.2,79,6.6,261,980.8,0.0,India,Delhi,28.6139,77.209
2026-06-17 01:00:00,94.8,441.4,35.4,25.8,76,5.8,286,981.5,0.0,India,Delhi,28.6139,77.209
2026-06-17 02:00:00,100.1,495.5,28.9,27.1,72,3.6,297,981.9,0.0,India,Delhi,28.6139,77.209
2026-06-17 03:00:00,107.6,594.2,23.0,28.9,64,3.4,313,982.0,0.0,India,Delhi,28.6139,77.209
2026-06-17 04:00:00,112.2,657.5,18.2,30.7,56,2.6,309,981.9,0.0,India,Delhi,28.6139,77.209
2026-06-17 05:00:00,118.3,692.9,13.9,32.2,50,2.0,275,981.9,0.0,India,Delhi,28.6139,77.209
2026-06-17 06:00:00,120.6,689.2,10.4,33.9,41,2.5,278,981.8,0.0,India,Delhi,28.6139,77.209
2026-06-17 07:00:00,121.5,670.6,7.7,35.3,36,2.8,281,981.2,0.0,India,Delhi,28.6139,77.209
2026-06-17 08:00:00,118.3,644.5,5.9,36.4,32,3.8,275,980.4,0.0,India,Delhi,28.6139,77.209
2026-06-17 09:00:00,114.3,620.3,5.5,37.0,30,5.6,264,979.6,0.0,India,Delhi,28.6139,77.209
2026-06-17 10:00:00,109.7,594.2,5.9,37.3,29,8.5,270,978.8,0.0,India,Delhi,28.6139,77.209
2026-06-17 11:00:00,103.8,560.7,7.7,36.9,29,10.2,280,977.9,0.0,India,Delhi,28.6139,77.209
2026-06-17 12:00:00,77.5,416.3,10.7,36.1,36,11.6,289,977.4,0.0,India,Delhi,28.6139,77.209
2026-06-17 13:00:00,79.9,385.6,22.0,35.4,38,10.7,292,977.5,0.0,India,Delhi,28.6139,77.209
2026-06-17 14:00:00,88.2,395.8,38.0,34.5,41,6.8,287,977.6,0.0,India,Delhi,28.6139,77.209
2026-06-17 15:00:00,99.2,381.8,53.4,33.8,45,4.3,292,978.2,0.0,India,Delhi,28.6139,77.209
2026-06-17 16:00:00,109.4,380.0,67.5,33.3,51,2.8,288,978.8,0.0,India,Delhi,28.6139,77.209
2026-06-17 17:00:00,122.5,409.8,80.9,32.9,54,2.1,308,979.4,0.0,India,Delhi,28.6139,77.209
2026-06-17 18:00:00,133.6,439.6,91.0,32.4,52,5.4,278,979.9,0.0,India,Delhi,28.6139,77.209
2026-06-17 19:00:00,142.5,461.9,96.0,31.6,55,5.1,280,980.0,0.0,India,Delhi,28.6139,77.209
2026-06-17 20:00:00,150.4,480.6,97.5,31.2,56,5.6,274,979.7,0.0,India,Delhi,28.6139,77.209
2026-06-17 21:00:00,156.5,497.3,97.8,30.6,59,3.7,309,979.3,0.0,India,Delhi,28.6139,77.209
2026-06-17 22:00:00,161.1,508.5,98.3,30.3,61,2.1,20,979.4,0.0,India,Delhi,28.6139,77.209
2026-06-17 23:00:00,164.4,512.2,97.5,29.8,64,1.3,106,979.1,0.0,India,Delhi,28.6139,77.209
2026-06-18 00:00:00,85.0,223.1,48.8,29.5,69,3.0,287,979.1,0.0,India,Delhi,28.6139,77.209
2026-06-18 01:00:00,89.6,213.7,44.5,30.1,63,4.2,280,979.3,0.0,India,Delhi,28.6139,77.209
2026-06-18 02:00:00,89.9,221.2,38.3,31.6,57,4.2,280,980.0,0.0,India,Delhi,28.6139,77.209
2026-06-18 03:00:00,90.1,289.6,31.2,33.7,48,3.9,292,980.4,0.0,India,Delhi,28.6139,77.209
2026-06-18 04:00:00,88.2,300.8,22.4,35.6,39,5.8,309,980.7,0.0,India,Delhi,28.6139,77.209
2026-06-18 05:00:00,72.6,217.9,12.7,36.8,35,6.9,301,980.6,0.0,India,Delhi,28.6139,77.209
2026-06-18 06:00:00,58.4,158.8,5.6,38.0,31,8.3,286,980.7,0.0,India,Delhi,28.6139,77.209
2026-06-18 07:00:00,62.2,204.4,3.0,38.9,28,8.8,281,980.0,0.0,India,Delhi,28.6139,77.209
2026-06-18 08:00:00,59.5,204.4,3.0,39.4,26,12.1,282,979.4,0.0,India,Delhi,28.6139,77.209
2026-06-18 09:00:00,56.1,182.1,4.0,39.0,28,13.2,285,978.4,0.0,India,Delhi,28.6139,77.209
2026-06-18 10:00:00,61.9,249.6,5.2,38.6,29,13.1,282,977.7,0.0,India,Delhi,28.6139,77.209
2026-06-18 11:00:00,60.3,231.4,7.3,37.9,30,15.3,292,977.4,0.1,India,Delhi,28.6139,77.209
2026-06-18 12:00:00,56.7,246.8,10.3,38.6,25,12.5,293,976.2,0.0,India,Delhi,28.6139,77.209
2026-06-18 13:00:00,64.5,291.5,16.8,37.5,27,13.0,299,976.5,0.0,India,Delhi,28.6139,77.209
2026-06-18 14:00:00,77.1,366.9,25.8,36.1,30,12.6,296,977.4,0.0,India,Delhi,28.6139,77.209
2026-06-18 15:00:00,86.8,382.8,33.3,35.3,32,11.0,295,978.0,0.0,India,Delhi,28.6139,77.209
2026-06-18 16:00:00,93.6,382.8,37.4,34.9,34,9.5,295,978.7,0.0,India,Delhi,28.6139,77.209
2026-06-18 17:00:00,99.9,379.0,39.9,33.9,38,11.8,293,979.4,0.0,India,Delhi,28.6139,77.209
2026-06-18 18:00:00,105.2,372.5,42.8,32.4,42,10.1,280,979.2,0.0,India,Delhi,28.6139,77.209
2026-06-18 19:00:00,108.0,353.9,46.7,31.7,44,10.6,288,979.3,0.0,India,Delhi,28.6139,77.209
2026-06-18 20:00:00,110.1,334.3,50.8,31.4,44,8.3,297,979.1,0.0,India,Delhi,28.6139,77.209
2026-06-18 21:00:00,112.9,324.1,55.2,31.1,45,10.9,287,978.7,0.0,India,Delhi,28.6139,77.209
2026-06-18 22:00:00,117.3,325.0,61.5,30.3,47,11.5,292,979.1,0.0,India,Delhi,28.6139,77.209
2026-06-18 23:00:00,122.5,328.8,68.1,29.6,49,7.6,295,979.0,0.0,India,Delhi,28.6139,77.209
2026-06-19 00:00:00,142.0,687.3,20.1,28.2,61,7.5,278,979.0,0.0,India,Delhi,28.6139,77.209
2026-06-19 01:00:00,154.1,722.7,20.5,28.2,60,8.6,260,979.6,0.0,India,Delhi,28.6139,77.209
2026-06-19 02:00:00,156.9,715.3,20.8,29.2,56,5.4,291,979.6,0.0,India,Delhi,28.6139,77.209
2026-06-19 03:00:00,152.7,694.8,19.8,31.2,49,1.9,304,979.8,0.0,India,Delhi,28.6139,77.209
2026-06-19 04:00:00,141.1,601.6,16.1,33.0,45,2.9,277,980.0,0.0,India,Delhi,28.6139,77.209
2026-06-19 05:00:00,133.2,542.0,11.1,34.9,40,4.4,277,980.2,0.0,India,Delhi,28.6139,77.209
2026-06-19 06:00:00,126.2,514.1,7.1,37.2,34,7.5,281,980.3,0.0,India,Delhi,28.6139,77.209
2026-06-19 07:00:00,133.6,620.3,5.1,37.8,32,11.1,278,979.9,0.0,India,Delhi,28.6139,77.209
2026-06-19 08:00:00,129.9,597.9,4.2,38.1,32,12.8,273,979.5,0.0,India,Delhi,28.6139,77.209
2026-06-19 09:00:00,117.1,523.4,4.4,38.1,32,13.3,271,979.0,0.0,India,Delhi,28.6139,77.209
2026-06-19 10:00:00,102.0,443.3,5.4,37.8,33,12.5,275,978.5,0.0,India,Delhi,28.6139,77.209
2026-06-19 11:00:00,91.7,396.7,7.5,37.5,34,11.5,284,977.7,0.0,India,Delhi,28.6139,77.209
2026-06-19 12:00:00,118.7,657.5,9.8,37.8,28,12.6,275,977.7,0.0,India,Delhi,28.6139,77.209
2026-06-19 13:00:00,136.0,791.6,12.8,36.9,31,13.5,293,977.8,0.0,India,Delhi,28.6139,77.209
2026-06-19 14:00:00,155.5,925.7,17.2,36.1,33,12.7,303,978.2,0.0,India,Delhi,28.6139,77.209
2026-06-19 15:00:00,169.0,1009.6,21.6,35.5,36,10.4,306,978.9,0.0,India,Delhi,28.6139,77.209
2026-06-19 16:00:00,178.8,1028.2,26.3,34.9,38,8.0,312,979.9,0.0,India,Delhi,28.6139,77.209
2026-06-19 17:00:00,184.4,1013.3,31.0,34.3,40,7.3,314,980.4,0.0,India,Delhi,28.6139,77.209
2026-06-19 18:00:00,182.5,961.1,34.0,33.4,44,8.5,276,980.3,0.0,India,Delhi,28.6139,77.209
2026-06-19 19:00:00,177.4,899.7,33.9,32.6,46,8.0,284,979.9,0.0,India,Delhi,28.6139,77.209
2026-06-19 20:00:00,170.0,819.6,32.0,32.2,46,8.0,286,979.5,0.0,India,Delhi,28.6139,77.209
2026-06-19 21:00:00,161.6,745.1,30.3,31.7,46,7.7,291,979.3,0.0,India,Delhi,28.6139,77.209
2026-06-19 22:00:00,153.2,661.2,29.8,31.2,47,6.4,288,978.9,0.0,India,Delhi,28.6139,77.209
2026-06-19 23:00:00,145.3,575.6,29.5,30.7,48,5.9,281,979.0,0.0,India,Delhi,28.6139,77.209
2026-06-20 00:00:00,152.3,583.0,21.1,30.8,53,6.1,282,978.8,0.0,India,Delhi,28.6139,77.209
2026-06-20 01:00:00,149.5,536.4,20.3,31.0,53,5.0,272,979.5,0.0,India,Delhi,28.6139,77.209
2026-06-20 02:00:00,144.8,527.1,19.1,32.3,49,5.8,292,979.9,0.0,India,Delhi,28.6139,77.209
2026-06-20 03:00:00,122.9,457.3,16.9,34.2,43,8.9,291,980.6,0.0,India,Delhi,28.6139,77.209
2026-06-20 04:00:00,98.0,387.4,12.7,35.3,40,14.9,287,980.9,0.1,India,Delhi,28.6139,77.209
2026-06-20 05:00:00,93.6,461.0,7.6,36.1,38,13.9,289,981.1,0.1,India,Delhi,28.6139,77.209
2026-06-20 06:00:00,76.1,337.1,3.9,36.3,39,14.3,288,980.6,0.0,India,Delhi,28.6139,77.209
2026-06-20 07:00:00,89.9,501.1,2.6,37.1,36,13.9,287,980.2,0.0,India,Delhi,28.6139,77.209
2026-06-20 08:00:00,77.3,383.7,2.7,37.6,34,13.2,287,979.5,0.0,India,Delhi,28.6139,77.209
2026-06-20 09:00:00,84.5,465.7,3.6,38.1,32,13.3,295,978.9,0.0,India,Delhi,28.6139,77.209
2026-06-20 10:00:00,83.6,467.5,4.8,38.1,31,12.8,296,978.2,0.0,India,Delhi,28.6139,77.209
2026-06-20 11:00:00,87.8,491.7,6.7,37.8,32,12.5,290,977.6,0.0,India,Delhi,28.6139,77.209
2026-06-20 12:00:00,83.4,461.9,10.7,33.8,46,0.6,108,978.1,0.0,India,Delhi,28.6139,77.209
2026-06-20 13:00:00,85.4,444.2,15.9,34.5,42,7.4,225,977.5,0.3,India,Delhi,28.6139,77.209
2026-06-20 14:00:00,93.1,458.2,23.3,34.8,41,5.9,239,977.7,0.0,India,Delhi,28.6139,77.209
2026-06-20 15:00:00,107.8,508.5,30.1,35.0,40,7.0,271,978.0,0.0,India,Delhi,28.6139,77.209
2026-06-20 16:00:00,122.0,549.5,35.7,34.9,38,7.3,263,978.8,0.0,India,Delhi,28.6139,77.209
2026-06-20 17:00:00,134.1,573.7,40.7,34.1,41,9.9,249,979.3,0.0,India,Delhi,28.6139,77.209
2026-06-20 18:00:00,142.5,575.6,43.8,33.4,43,11.3,248,979.1,0.0,India,Delhi,28.6139,77.209
2026-06-20 19:00:00,146.7,568.1,44.0,32.8,42,10.0,262,978.8,0.0,India,Delhi,28.6139,77.209
2026-06-20 20:00:00,150.4,571.8,42.4,32.1,43,8.2,262,978.5,0.0,India,Delhi,28.6139,77.209
2026-06-20 21:00:00,152.3,577.4,40.2,31.4,45,7.8,262,978.3,0.0,India,Delhi,28.6139,77.209
2026-06-20 22:00:00,152.3,577.4,38.2,31.0,47,7.6,266,978.1,0.0,India,Delhi,28.6139,77.209
2026-06-20 23:00:00,149.9,556.9,35.6,30.7,48,7.2,264,978.1,0.0,India,Delhi,28.6139,77.209
2026-06-21 00:00:00,130.4,584.9,15.6,30.1,51,8.1,274,978.5,0.0,India,Delhi,28.6139,77.209
2026-06-21 01:00:00,130.4,575.6,15.2,30.6,51,5.9,297,979.1,0.0,India,Delhi,28.6139,77.209
2026-06-21 02:00:00,129.9,597.9,14.4,31.3,48,8.3,270,979.5,0.0,India,Delhi,28.6139,77.209
2026-06-21 03:00:00,132.7,685.5,13.0,31.7,47,9.6,287,979.6,0.0,India,Delhi,28.6139,77.209
2026-06-21 04:00:00,130.4,720.8,10.2,32.1,47,8.0,279,979.6,0.0,India,Delhi,28.6139,77.209
2026-06-21 05:00:00,129.0,741.3,6.8,34.4,43,8.4,280,979.6,0.0,India,Delhi,28.6139,77.209
2026-06-21 06:00:00,132.7,784.2,4.2,33.9,43,10.0,278,979.4,0.0,India,Delhi,28.6139,77.209
2026-06-21 07:00:00,118.3,666.8,3.0,35.0,39,8.8,282,979.0,0.0,India,Delhi,28.6139,77.209
2026-06-21 08:00:00,120.6,724.6,2.7,36.4,34,8.6,271,978.0,0.0,India,Delhi,28.6139,77.209
2026-06-21 09:00:00,120.6,756.2,3.1,37.3,31,10.4,270,977.2,0.0,India,Delhi,28.6139,77.209
2026-06-21 10:00:00,116.9,758.1,3.8,38.1,29,10.7,275,976.4,0.0,India,Delhi,28.6139,77.209
2026-06-21 11:00:00,114.6,719.0,5.2,38.1,29,10.5,278,976.2,0.0,India,Delhi,28.6139,77.209
2026-06-21 12:00:00,82.0,495.5,10.3,38.5,28,9.9,251,975.1,0.0,India,Delhi,28.6139,77.209
2026-06-21 13:00:00,82.9,482.4,16.8,37.6,29,11.8,264,975.3,0.0,India,Delhi,28.6139,77.209
2026-06-21 14:00:00,85.7,452.6,25.7,36.9,30,10.6,270,976.2,0.0,India,Delhi,28.6139,77.209
2026-06-21 15:00:00,91.5,440.5,31.8,35.9,33,12.2,261,977.0,0.0,India,Delhi,28.6139,77.209
2026-06-21 16:00:00,109.2,549.5,32.3,35.1,33,13.0,273,977.8,0.0,India,Delhi,28.6139,77.209
2026-06-21 17:00:00,132.2,676.1,30.1,34.3,34,11.0,284,978.3,0.0,India,Delhi,28.6139,77.209
2026-06-21 18:00:00,143.9,702.2,28.1,33.3,36,8.1,288,978.1,0.0,India,Delhi,28.6139,77.209
2026-06-21 19:00:00,145.3,659.4,27.5,32.7,37,6.6,305,978.1,0.0,India,Delhi,28.6139,77.209
2026-06-21 20:00:00,139.2,590.5,27.2,32.1,40,7.6,317,977.9,0.0,India,Delhi,28.6139,77.209
2026-06-21 21:00:00,128.5,508.5,27.3,31.3,45,9.8,332,978.1,0.0,India,Delhi,28.6139,77.209
2026-06-21 22:00:00,115.7,426.5,28.4,30.5,48,5.7,332,977.9,0.0,India,Delhi,28.6139,77.209
2026-06-21 23:00:00,103.4,353.0,29.8,30.1,50,3.4,267,977.8,0.0,India,Delhi,28.6139,77.209
2026-06-22 00:00:00,128.1,622.1,20.5,28.6,59,9.8,264,978.5,0.0,India,Delhi,28.6139,77.209
2026-06-22 01:00:00,121.5,556.9,20.0,28.5,59,11.7,260,979.2,0.0,India,Delhi,28.6139,77.209
2026-06-22 02:00:00,122.0,566.2,19.2,29.7,52,10.4,262,979.7,0.0,India,Delhi,28.6139,77.209
2026-06-22 03:00:00,135.5,678.0,17.5,31.0,46,7.0,271,979.7,0.0,India,Delhi,28.6139,77.209
2026-06-22 04:00:00,144.4,711.5,14.0,31.3,44,8.3,286,980.0,0.0,India,Delhi,28.6139,77.209
2026-06-22 05:00:00,140.2,665.0,9.6,31.7,43,14.2,292,980.4,0.0,India,Delhi,28.6139,77.209
2026-06-22 06:00:00,131.3,633.3,6.2,35.3,34,14.8,302,980.0,0.0,India,Delhi,28.6139,77.209
2026-06-22 07:00:00,115.9,599.8,4.5,36.6,32,11.5,320,979.0,0.0,India,Delhi,28.6139,77.209
2026-06-22 08:00:00,102.4,568.1,3.7,35.8,34,11.2,307,978.3,0.0,India,Delhi,28.6139,77.209
2026-06-22 09:00:00,98.7,603.5,4.0,36.3,33,14.1,291,978.0,0.1,India,Delhi,28.6139,77.209
2026-06-22 10:00:00,101.3,657.5,5.3,35.7,35,11.7,301,977.5,0.1,India,Delhi,28.6139,77.209
2026-06-22 11:00:00,109.0,728.3,7.7,35.4,37,11.1,300,977.2,0.2,India,Delhi,28.6139,77.209
2026-06-22 12:00:00,80.1,484.3,11.3,36.7,29,13.8,303,976.5,0.0,India,Delhi,28.6139,77.209
2026-06-22 13:00:00,79.9,437.7,15.9,35.8,30,11.8,291,976.4,0.0,India,Delhi,28.6139,77.209
2026-06-22 14:00:00,80.1,430.3,22.4,35.0,32,9.7,268,976.7,0.0,India,Delhi,28.6139,77.209
2026-06-22 15:00:00,72.6,359.5,27.8,34.4,35,10.3,263,977.2,0.0,India,Delhi,28.6139,77.209
2026-06-22 16:00:00,65.2,312.9,31.1,34.0,37,9.3,286,978.1,0.0,India,Delhi,28.6139,77.209
2026-06-22 17:00:00,61.7,287.8,33.2,33.4,38,6.5,304,978.3,0.0,India,Delhi,28.6139,77.209
2026-06-22 18:00:00,59.6,265.4,34.7,32.9,43,2.9,274,977.9,0.0,India,Delhi,28.6139,77.209
2026-06-22 19:00:00,57.4,236.6,35.4,32.0,46,3.8,267,977.5,0.0,India,Delhi,28.6139,77.209
2026-06-22 20:00:00,56.0,211.9,35.4,31.4,49,4.7,277,977.4,0.0,India,Delhi,28.6139,77.209
2026-06-22 21:00:00,55.4,192.8,35.1,30.9,51,3.4,313,977.2,0.0,India,Delhi,28.6139,77.209
2026-06-22 22:00:00,52.9,175.1,34.9,30.6,52,3.3,338,977.0,0.0,India,Delhi,28.6139,77.209
2026-06-22 23:00:00,52.7,169.0,34.4,30.3,52,3.5,9,976.9,0.0,India,Delhi,28.6139,77.209
2026-06-23 00:00:00,73.8,210.5,52.8,30.6,56,1.3,326,977.1,0.0,India,Delhi,28.6139,77.209
2026-06-23 01:00:00,75.7,210.9,45.4,31.1,51,2.5,274,977.4,0.0,India,Delhi,28.6139,77.209
2026-06-23 02:00:00,79.4,230.5,35.0,32.3,46,3.2,289,977.9,0.0,India,Delhi,28.6139,77.209
2026-06-23 03:00:00,78.0,251.5,25.4,33.7,41,3.4,302,978.1,0.0,India,Delhi,28.6139,77.209
2026-06-23 04:00:00,71.7,234.2,17.6,35.3,37,5.7,281,977.9,0.0,India,Delhi,28.6139,77.209
2026-06-23 05:00:00,68.2,260.8,10.7,36.6,33,8.2,280,977.7,0.0,India,Delhi,28.6139,77.209
2026-06-23 06:00:00,63.8,263.6,5.8,38.7,28,11.7,279,977.2,0.0,India,Delhi,28.6139,77.209
2026-06-23 07:00:00,64.3,292.4,3.5,37.7,27,17.8,300,976.9,0.4,India,Delhi,28.6139,77.209
2026-06-23 08:00:00,70.1,357.6,3.2,36.8,30,10.0,291,976.5,0.4,India,Delhi,28.6139,77.209
2026-06-23 09:00:00,69.6,363.2,3.7,36.1,32,14.4,271,976.0,0.5,India,Delhi,28.6139,77.209
2026-06-23 10:00:00,76.1,436.8,4.3,36.2,34,9.8,277,975.5,0.1,India,Delhi,28.6139,77.209
2026-06-23 11:00:00,75.7,433.1,5.9,35.9,34,11.7,281,975.2,0.0,India,Delhi,28.6139,77.209
2026-06-23 12:00:00,91.0,506.6,14.7,32.6,44,10.4,222,975.2,0.0,India,Delhi,28.6139,77.209
2026-06-23 13:00:00,89.4,478.7,20.3,33.4,41,5.2,239,974.9,0.0,India,Delhi,28.6139,77.209
2026-06-23 14:00:00,91.5,448.9,28.5,32.9,43,6.1,238,975.2,0.0,India,Delhi,28.6139,77.209
2026-06-23 15:00:00,96.2,435.9,37.1,32.6,45,6.1,242,975.9,0.0,India,Delhi,28.6139,77.209
2026-06-23 16:00:00,101.0,416.3,46.8,32.1,48,4.2,258,976.4,0.0,India,Delhi,28.6139,77.209
2026-06-23 17:00:00,109.0,414.4,57.0,31.4,53,3.2,214,976.9,0.0,India,Delhi,28.6139,77.209
2026-06-23 18:00:00,115.3,391.2,64.1,31.2,54,5.7,229,976.5,0.0,India,Delhi,28.6139,77.209
2026-06-23 19:00:00,115.9,372.5,66.0,30.5,56,3.7,256,976.5,0.0,India,Delhi,28.6139,77.209
2026-06-23 20:00:00,116.4,365.1,64.8,30.1,57,2.7,238,976.4,0.0,India,Delhi,28.6139,77.209
2026-06-23 21:00:00,116.6,353.9,63.0,29.6,59,4.4,218,976.3,0.0,India,Delhi,28.6139,77.209
2026-06-23 22:00:00,116.2,339.9,62.3,29.2,59,3.6,229,976.1,0.0,India,Delhi,28.6139,77.209
2026-06-23 23:00:00,116.9,333.4,61.1,28.9,62,2.3,252,976.1,0.0,India,Delhi,28.6139,77.209
2026-06-24 00:00:00,128.5,421.0,54.2,29.1,62,6.7,200,976.6,0.0,India,Delhi,28.6139,77.209
2026-06-24 01:00:00,125.7,379.0,48.0,29.0,61,8.3,200,977.2,0.0,India,Delhi,28.6139,77.209
2026-06-24 02:00:00,118.7,377.2,39.2,30.2,56,8.2,202,977.7,0.0,India,Delhi,28.6139,77.209
2026-06-24 03:00:00,112.9,457.3,30.5,32.9,43,8.8,219,978.0,0.0,India,Delhi,28.6139,77.209
2026-06-24 04:00:00,98.7,422.8,22.0,34.7,37,9.3,245,978.2,0.0,India,Delhi,28.6139,77.209
2026-06-24 05:00:00,88.2,374.4,13.6,35.7,35,7.2,248,978.0,0.0,India,Delhi,28.6139,77.209
2026-06-24 06:00:00,85.7,383.7,7.4,36.5,33,9.8,235,978.3,0.0,India,Delhi,28.6139,77.209
2026-06-24 07:00:00,87.5,418.2,4.5,35.6,34,12.2,250,977.7,0.0,India,Delhi,28.6139,77.209
2026-06-24 08:00:00,85.7,427.5,3.9,35.7,33,9.4,252,977.0,0.0,India,Delhi,28.6139,77.209
2026-06-24 09:00:00,77.8,380.0,4.2,37.6,29,6.8,253,976.0,0.0,India,Delhi,28.6139,77.209
2026-06-24 10:00:00,74.7,365.1,4.5,38.0,28,6.6,261,975.5,0.0,India,Delhi,28.6139,77.209
2026-06-24 11:00:00,77.1,395.8,5.9,38.1,26,7.7,270,975.1,0.0,India,Delhi,28.6139,77.209
2026-06-24 12:00:00,76.6,377.2,10.0,28.6,68,21.3,79,975.4,0.2,India,Delhi,28.6139,77.209
2026-06-24 13:00:00,79.4,331.6,18.8,29.4,55,9.4,197,975.0,0.4,India,Delhi,28.6139,77.209
2026-06-24 14:00:00,85.2,318.5,30.4,31.4,50,10.8,267,975.6,0.0,India,Delhi,28.6139,77.209
2026-06-24 15:00:00,93.1,328.8,41.1,32.1,46,3.9,233,976.1,0.0,India,Delhi,28.6139,77.209
2026-06-24 16:00:00,102.0,350.2,50.3,32.2,49,2.8,255,976.9,0.0,India,Delhi,28.6139,77.209
2026-06-24 17:00:00,113.9,364.1,58.5,32.4,48,3.0,287,977.8,0.0,India,Delhi,28.6139,77.209
2026-06-24 18:00:00,121.5,366.0,63.5,32.8,46,5.5,316,977.7,0.0,India,Delhi,28.6139,77.209
2026-06-24 19:00:00,121.5,357.6,62.9,32.0,50,3.6,330,977.6,0.0,India,Delhi,28.6139,77.209
2026-06-24 20:00:00,120.1,349.2,59.1,31.8,51,2.9,22,977.2,0.0,India,Delhi,28.6139,77.209
2026-06-24 21:00:00,119.7,338.1,56.8,31.7,53,1.2,63,977.0,0.0,India,Delhi,28.6139,77.209
2026-06-24 22:00:00,120.6,331.6,59.5,31.5,56,0.4,153,976.9,0.0,India,Delhi,28.6139,77.209
2026-06-24 23:00:00,123.9,334.3,63.7,31.0,58,0.2,180,977.4,0.0,India,Delhi,28.6139,77.209
2026-06-25 00:00:00,129.0,336.2,64.4,30.4,57,7.1,120,977.4,0.0,India,Delhi,28.6139,77.209
2026-06-25 01:00:00,131.8,313.9,58.9,30.5,58,3.8,188,978.1,0.0,India,Delhi,28.6139,77.209
2026-06-25 02:00:00,122.5,291.5,49.8,30.3,59,9.6,218,979.2,0.3,India,Delhi,28.6139,77.209
2026-06-25 03:00:00,118.3,332.5,40.1,30.2,58,10.9,38,980.2,0.2,India,Delhi,28.6139,77.209
2026-06-25 04:00:00,112.2,358.6,29.5,32.2,52,6.9,203,980.0,0.0,India,Delhi,28.6139,77.209
2026-06-25 05:00:00,105.2,361.4,18.3,34.4,42,4.4,207,980.1,0.2,India,Delhi,28.6139,77.209
2026-06-25 06:00:00,98.5,335.3,9.9,36.9,33,6.6,225,979.6,0.0,India,Delhi,28.6139,77.209
2026-06-25 07:00:00,93.4,312.9,6.0,37.5,32,6.3,239,979.0,0.0,India,Delhi,28.6139,77.209
2026-06-25 08:00:00,90.3,299.0,5.0,38.5,31,6.3,252,978.2,0.0,India,Delhi,28.6139,77.209
2026-06-25 09:00:00,85.4,284.1,5.2,38.9,30,7.0,249,977.5,0.0,India,Delhi,28.6139,77.209
2026-06-25 10:00:00,82.4,289.6,5.5,39.0,30,7.2,251,976.8,0.0,India,Delhi,28.6139,77.209
2026-06-25 11:00:00,78.0,285.9,7.0,38.6,30,7.8,266,976.1,0.0,India,Delhi,28.6139,77.209
2026-06-25 12:00:00,56.5,165.8,11.0,37.4,35,3.2,106,975.8,0.0,India,Delhi,28.6139,77.209
2026-06-25 13:00:00,58.8,152.3,22.2,37.3,34,3.0,163,975.9,0.0,India,Delhi,28.6139,77.209
2026-06-25 14:00:00,68.0,156.0,37.6,37.2,34,2.7,200,976.5,0.0,India,Delhi,28.6139,77.209
2026-06-25 15:00:00,75.4,156.0,48.7,36.6,35,4.4,207,977.3,0.1,India,Delhi,28.6139,77.209
2026-06-25 16:00:00,71.7,149.5,51.0,35.6,41,4.8,200,978.1,0.0,India,Delhi,28.6139,77.209
2026-06-25 17:00:00,72.4,150.4,49.1,34.8,45,2.7,203,978.7,0.0,India,Delhi,28.6139,77.209
2026-06-25 18:00:00,79.2,200.7,48.4,33.5,45,6.0,286,979.1,0.0,India,Delhi,28.6139,77.209
2026-06-25 19:00:00,83.4,233.3,51.4,33.0,46,4.9,352,978.9,0.0,India,Delhi,28.6139,77.209
2026-06-25 20:00:00,83.4,207.2,55.8,32.9,48,1.5,225,978.5,0.0,India,Delhi,28.6139,77.209
2026-06-25 21:00:00,86.1,202.1,59.6,32.4,50,2.7,228,978.3,0.0,India,Delhi,28.6139,77.209
2026-06-25 22:00:00,88.2,205.4,63.7,32.1,52,3.1,230,978.0,0.0,India,Delhi,28.6139,77.209
2026-06-25 23:00:00,91.0,207.7,67.3,31.3,54,6.4,220,978.7,0.0,India,Delhi,28.6139,77.209
2026-06-26 00:00:00,105.7,202.1,64.3,29.8,67,5.8,244,978.6,0.0,India,Delhi,28.6139,77.209
2026-06-26 01:00:00,101.5,188.6,55.0,30.3,65,4.6,239,979.4,0.0,India,Delhi,28.6139,77.209
2026-06-26 02:00:00,89.9,186.7,41.8,31.8,59,4.9,260,979.8,0.1,India,Delhi,28.6139,77.209
2026-06-26 03:00:00,79.2,196.0,30.0,34.0,50,5.2,264,980.3,0.0,India,Delhi,28.6139,77.209
2026-06-26 04:00:00,77.3,200.2,20.9,35.9,42,4.5,270,980.4,0.0,India,Delhi,28.6139,77.209
2026-06-26 05:00:00,69.8,177.4,13.0,37.6,38,4.3,255,980.4,0.0,India,Delhi,28.6139,77.209
2026-06-26 06:00:00,62.2,155.5,7.4,39.4,33,5.0,255,980.2,0.0,India,Delhi,28.6139,77.209
2026-06-26 07:00:00,52.3,137.4,4.7,39.9,31,4.1,270,979.6,0.0,India,Delhi,28.6139,77.209
2026-06-26 08:00:00,51.3,152.3,4.2,40.5,29,3.4,286,978.8,0.0,India,Delhi,28.6139,77.209
2026-06-26 09:00:00,51.1,155.1,4.7,40.7,29,2.4,287,978.0,0.0,India,Delhi,28.6139,77.209
2026-06-26 10:00:00,48.9,156.9,5.3,40.7,28,4.1,315,977.0,0.0,India,Delhi,28.6139,77.209
2026-06-26 11:00:00,52.2,195.1,6.9,37.6,35,7.4,131,977.1,0.4,India,Delhi,28.6139,77.209
2026-06-26 12:00:00,51.7,156.5,12.7,30.7,71,6.9,107,976.8,0.6,India,Delhi,28.6139,77.209
2026-06-26 13:00:00,57.2,151.8,19.1,35.4,39,2.9,150,976.8,0.1,India,Delhi,28.6139,77.209
2026-06-26 14:00:00,65.7,155.1,28.2,35.4,38,4.3,213,977.7,0.0,India,Delhi,28.6139,77.209
2026-06-26 15:00:00,65.7,170.9,36.6,35.4,39,4.0,234,978.3,0.0,India,Delhi,28.6139,77.209
2026-06-26 16:00:00,69.6,183.9,43.9,35.2,39,6.3,255,979.0,0.0,India,Delhi,28.6139,77.209
2026-06-26 17:00:00,77.1,189.5,50.5,35.0,40,5.3,282,979.4,0.0,India,Delhi,28.6139,77.209
2026-06-26 18:00:00,82.9,204.9,54.1,34.3,45,4.9,280,979.1,0.0,India,Delhi,28.6139,77.209
2026-06-26 19:00:00,85.2,214.7,52.8,33.6,48,4.4,289,978.6,0.0,India,Delhi,28.6139,77.209
2026-06-26 20:00:00,81.7,210.5,48.4,33.4,49,4.5,284,978.2,0.0,India,Delhi,28.6139,77.209
2026-06-26 21:00:00,73.8,188.6,44.1,33.1,50,4.7,274,978.1,0.0,India,Delhi,28.6139,77.209
2026-06-26 22:00:00,68.5,174.2,40.9,32.4,53,4.7,252,978.2,0.0,India,Delhi,28.6139,77.209
2026-06-26 23:00:00,66.8,175.6,37.7,31.7,58,5.4,270,978.3,0.0,India,Delhi,28.6139,77.209
2026-06-27 00:00:00,73.1,273.8,24.3,26.8,87,5.9,281,978.1,0.0,India,Delhi,28.6139,77.209
2026-06-27 01:00:00,86.8,337.1,23.5,27.5,86,12.8,215,979.2,0.7,India,Delhi,28.6139,77.209
2026-06-27 02:00:00,105.0,434.0,22.3,30.4,68,6.0,267,979.1,0.0,India,Delhi,28.6139,77.209
2026-06-27 03:00:00,116.9,484.3,20.1,33.6,53,5.6,295,979.3,0.0,India,Delhi,28.6139,77.209
2026-06-27 04:00:00,117.3,446.1,16.0,36.2,42,3.4,313,979.4,0.0,India,Delhi,28.6139,77.209
2026-06-27 05:00:00,110.6,380.0,11.0,38.2,35,2.6,295,979.4,0.0,India,Delhi,28.6139,77.209
2026-06-27 06:00:00,101.0,318.5,7.1,39.6,32,2.3,321,979.2,0.0,India,Delhi,28.6139,77.209
2026-06-27 07:00:00,93.4,286.8,5.1,38.9,34,5.3,308,978.6,0.0,India,Delhi,28.6139,77.209
2026-06-27 08:00:00,85.4,258.9,4.3,39.4,33,5.0,314,977.7,0.0,India,Delhi,28.6139,77.209
2026-06-27 09:00:00,83.6,263.6,4.4,39.8,31,5.2,290,976.9,0.0,India,Delhi,28.6139,77.209
2026-06-27 10:00:00,76.8,246.8,5.1,40.1,30,6.3,273,976.0,0.0,India,Delhi,28.6139,77.209
2026-06-27 11:00:00,72.4,234.2,6.8,39.7,30,9.4,271,974.9,0.0,India,Delhi,28.6139,77.209
2026-06-27 12:00:00,68.0,216.1,11.3,37.2,37,6.4,280,974.7,0.0,India,Delhi,28.6139,77.209
2026-06-27 13:00:00,70.1,208.2,19.7,38.5,33,4.4,212,974.6,0.1,India,Delhi,28.6139,77.209
2026-06-27 14:00:00,76.8,218.4,31.6,37.7,35,5.6,272,975.1,0.2,India,Delhi,28.6139,77.209
2026-06-27 15:00:00,85.4,228.2,43.6,37.0,37,3.5,235,975.6,0.0,India,Delhi,28.6139,77.209
2026-06-27 16:00:00,94.8,245.9,55.5,36.3,40,5.2,180,976.3,0.0,India,Delhi,28.6139,77.209
2026-06-27 17:00:00,104.5,270.1,67.5,35.5,44,6.3,180,976.7,0.0,India,Delhi,28.6139,77.209
2026-06-27 18:00:00,112.0,268.2,76.5,34.8,50,6.6,125,976.0,0.0,India,Delhi,28.6139,77.209
2026-06-27 19:00:00,115.7,258.0,81.0,34.6,53,4.3,228,976.2,0.6,India,Delhi,28.6139,77.209
2026-06-27 20:00:00,116.2,245.9,82.5,33.6,55,5.8,248,976.0,0.0,India,Delhi,28.6139,77.209
2026-06-27 21:00:00,116.9,236.1,81.9,32.0,59,9.1,207,975.7,0.3,India,Delhi,28.6139,77.209
2026-06-27 22:00:00,116.6,226.8,80.1,32.0,54,7.7,208,975.5,0.0,India,Delhi,28.6139,77.209
2026-06-27 23:00:00,115.7,222.1,76.2,31.8,55,4.2,220,975.8,0.0,India,Delhi,28.6139,77.209
2026-06-28 00:00:00,71.7,181.6,33.3,29.5,72,11.0,228,975.2,0.0,India,Delhi,28.6139,77.209
2026-06-28 01:00:00,71.0,165.3,30.5,31.1,66,10.9,220,975.3,0.1,India,Delhi,28.6139,77.209
2026-06-28 02:00:00,72.6,182.1,26.5,33.6,51,9.7,236,975.9,0.0,India,Delhi,28.6139,77.209
2026-06-28 03:00:00,75.0,217.0,22.0,35.1,46,10.4,238,976.6,0.0,India,Delhi,28.6139,77.209
2026-06-28 04:00:00,76.8,231.9,16.6,36.7,43,6.9,256,977.0,0.0,India,Delhi,28.6139,77.209
2026-06-28 05:00:00,76.8,226.8,10.7,38.6,38,4.9,272,977.0,0.0,India,Delhi,28.6139,77.209
2026-06-28 06:00:00,71.2,196.0,6.3,40.4,32,3.7,309,976.6,0.0,India,Delhi,28.6139,77.209
2026-06-28 07:00:00,66.4,175.6,4.3,41.5,29,5.6,297,975.7,0.0,India,Delhi,28.6139,77.209
2026-06-28 08:00:00,65.4,182.1,3.8,41.9,28,7.7,301,974.9,0.0,India,Delhi,28.6139,77.209
2026-06-28 09:00:00,62.2,169.5,4.1,41.9,29,8.9,310,974.0,0.0,India,Delhi,28.6139,77.209
2026-06-28 10:00:00,63.8,187.2,4.8,41.8,28,9.5,307,973.3,0.0,India,Delhi,28.6139,77.209
2026-06-28 11:00:00,62.2,177.0,6.2,41.0,29,12.4,312,972.7,0.0,India,Delhi,28.6139,77.209
2026-06-28 12:00:00,62.6,168.1,8.9,40.0,30,14.3,317,972.7,0.0,India,Delhi,28.6139,77.209
2026-06-28 13:00:00,67.5,178.8,13.1,38.8,33,13.5,318,973.1,0.0,India,Delhi,28.6139,77.209
2026-06-28 14:00:00,81.3,235.2,18.6,37.8,37,9.9,316,973.7,0.0,India,Delhi,28.6139,77.209
2026-06-28 15:00:00,87.5,232.8,24.9,37.4,38,7.5,314,974.3,0.0,India,Delhi,28.6139,77.209
2026-06-28 16:00:00,97.6,254.3,32.7,37.1,39,6.7,308,974.9,0.0,India,Delhi,28.6139,77.209
2026-06-28 17:00:00,108.0,273.8,41.3,36.6,41,5.2,299,975.3,0.0,India,Delhi,28.6139,77.209
2026-06-28 18:00:00,113.9,276.6,48.1,35.5,50,2.5,184,975.1,0.0,India,Delhi,28.6139,77.209
2026-06-28 19:00:00,116.4,285.9,52.2,35.3,49,3.3,189,974.6,0.0,India,Delhi,28.6139,77.209
2026-06-28 20:00:00,119.7,297.1,54.6,34.5,53,3.3,151,974.2,0.0,India,Delhi,28.6139,77.209
2026-06-28 21:00:00,121.5,293.4,55.5,33.7,55,6.5,175,974.1,0.0,India,Delhi,28.6139,77.209
2026-06-28 22:00:00,120.1,278.5,55.2,33.0,58,5.2,209,974.1,0.0,India,Delhi,28.6139,77.209
2026-06-28 23:00:00,123.4,304.5,53.4,32.5,57,4.7,189,974.4,0.0,India,Delhi,28.6139,77.209
2026-06-29 00:00:00,72.4,148.5,21.8,32.5,57,8.6,258,974.2,0.0,India,Delhi,28.6139,77.209
2026-06-29 01:00:00,71.5,143.0,21.7,32.1,58,10.5,241,974.5,0.2,India,Delhi,28.6139,77.209
2026-06-29 02:00:00,71.9,155.5,21.4,33.4,51,10.3,230,974.7,0.0,India,Delhi,28.6139,77.209
2026-06-29 03:00:00,72.9,217.5,19.7,35.6,44,11.7,243,975.3,0.0,India,Delhi,28.6139,77.209
2026-06-29 04:00:00,85.0,368.8,15.3,37.2,38,13.7,274,975.8,0.0,India,Delhi,28.6139,77.209
2026-06-29 05:00:00,107.3,579.3,9.4,38.3,35,12.1,291,976.0,0.1,India,Delhi,28.6139,77.209
2026-06-29 06:00:00,120.6,681.7,5.1,39.6,33,10.5,287,975.7,0.0,India,Delhi,28.6139,77.209
2026-06-29 07:00:00,132.2,767.4,3.4,40.4,30,10.7,293,975.2,0.1,India,Delhi,28.6139,77.209
2026-06-29 08:00:00,129.9,743.2,3.2,41.2,29,11.0,288,974.3,0.0,India,Delhi,28.6139,77.209
2026-06-29 09:00:00,129.0,732.0,4.0,41.7,29,13.6,287,973.6,0.0,India,Delhi,28.6139,77.209
2026-06-29 10:00:00,125.7,719.0,5.3,40.1,31,12.4,296,973.2,1.0,India,Delhi,28.6139,77.209
2026-06-29 11:00:00,126.7,739.5,7.5,40.0,32,11.6,292,972.3,0.0,India,Delhi,28.6139,77.209
2026-06-29 12:00:00,121.1,644.5,11.5,41.5,26,12.6,308,972.1,0.0,India,Delhi,28.6139,77.209
2026-06-29 13:00:00,116.2,519.7,21.2,40.6,26,10.2,319,971.9,0.0,India,Delhi,28.6139,77.209
2026-06-29 14:00:00,123.9,525.3,34.7,39.6,28,3.9,326,972.4,0.0,India,Delhi,28.6139,77.209
2026-06-29 15:00:00,134.6,534.6,45.4,38.7,30,3.1,170,973.2,0.0,India,Delhi,28.6139,77.209
2026-06-29 16:00:00,145.3,540.2,50.8,37.5,35,7.3,163,973.8,0.0,India,Delhi,28.6139,77.209
2026-06-29 17:00:00,149.9,530.9,53.4,36.4,40,7.7,164,974.5,0.0,India,Delhi,28.6139,77.209
2026-06-29 18:00:00,144.8,508.5,53.9,35.9,45,6.5,177,974.2,0.0,India,Delhi,28.6139,77.209
2026-06-29 19:00:00,143.9,514.1,51.7,34.2,50,6.7,117,974.0,0.1,India,Delhi,28.6139,77.209
2026-06-29 20:00:00,143.0,510.4,47.4,28.9,78,14.3,109,973.7,1.2,India,Delhi,28.6139,77.209
2026-06-29 21:00:00,138.8,475.9,43.2,30.3,67,9.1,188,972.5,0.3,India,Delhi,28.6139,77.209
2026-06-29 22:00:00,128.5,407.0,39.9,31.0,66,10.0,203,972.9,0.0,India,Delhi,28.6139,77.209
2026-06-29 23:00:00,117.3,347.4,36.7,31.7,60,6.5,208,973.5,0.0,India,Delhi,28.6139,77.209
2026-06-30 00:00:00,106.4,427.5,26.3,31.7,70,6.0,173,973.4,0.0,India,Delhi,28.6139,77.209
2026-06-30 01:00:00,108.5,418.2,25.4,33.5,52,8.5,232,974.0,0.0,India,Delhi,28.6139,77.209
2026-06-30 02:00:00,132.2,596.0,24.0,34.8,41,12.3,264,974.7,0.0,India,Delhi,28.6139,77.209
2026-06-30 03:00:00,194.2,1087.8,22.3,34.7,43,13.4,276,975.5,0.0,India,Delhi,28.6139,77.209
2026-06-30 04:00:00,244.9,1423.1,20.0,35.8,41,14.4,274,975.7,0.0,India,Delhi,28.6139,77.209
2026-06-30 05:00:00,270.1,1542.3,17.4,36.8,39,14.4,286,976.1,0.0,India,Delhi,28.6139,77.209
2026-06-30 06:00:00,276.6,1557.2,14.8,36.5,42,14.1,289,976.2,0.0,India,Delhi,28.6139,77.209
2026-06-30 07:00:00,248.7,1423.1,11.8,38.0,37,11.6,307,976.1,0.0,India,Delhi,28.6139,77.209
2026-06-30 08:00:00,204.9,1162.3,8.9,38.8,36,8.2,320,975.7,0.0,India,Delhi,28.6139,77.209
2026-06-30 09:00:00,167.2,918.3,7.9,39.5,35,7.6,322,974.7,0.0,India,Delhi,28.6139,77.209
2026-06-30 10:00:00,137.4,713.4,10.3,38.6,38,5.8,64,974.3,0.0,India,Delhi,28.6139,77.209
2026-06-30 11:00:00,117.8,562.5,14.7,34.0,61,10.4,79,974.4,2.2,India,Delhi,28.6139,77.209
2026-06-30 12:00:00,110.4,631.4,18.9,32.8,66,7.7,89,973.8,0.5,India,Delhi,28.6139,77.209
2026-06-30 13:00:00,76.1,340.9,22.9,34.8,53,7.4,151,974.0,0.1,India,Delhi,28.6139,77.209
2026-06-30 14:00:00,63.8,281.3,28.3,34.5,54,8.4,145,974.2,0.0,India,Delhi,28.6139,77.209
2026-06-30 15:00:00,65.0,295.2,32.2,33.8,57,12.7,122,974.8,0.0,India,Delhi,28.6139,77.209
2026-06-30 16:00:00,70.1,333.4,33.2,32.4,65,13.3,120,975.5,0.0,India,Delhi,28.6139,77.209
2026-06-30 17:00:00,74.0,362.3,32.7,31.8,70,11.4,123,975.9,0.0,India,Delhi,28.6139,77.209
2026-06-30 18:00:00,75.0,362.3,31.7,31.7,73,12.4,141,976.0,0.0,India,Delhi,28.6139,77.209
2026-06-30 19:00:00,72.6,333.4,30.5,31.3,73,11.1,133,975.7,0.0,India,Delhi,28.6139,77.209
2026-06-30 20:00:00,70.5,301.7,28.8,31.0,74,11.5,124,975.4,0.0,India,Delhi,28.6139,77.209
2026-06-30 21:00:00,74.3,308.3,27.1,30.4,74,11.0,118,975.6,0.0,India,Delhi,28.6139,77.209
2026-06-30 22:00:00,78.5,315.7,25.3,29.9,70,10.5,117,975.4,0.0,India,Delhi,28.6139,77.209
2026-06-30 23:00:00,69.6,247.7,23.5,28.8,74,10.6,105,975.8,0.5,India,Delhi,28.6139,77.209
2026-07-01 00:00:00,40.2,72.6,21.5,27.7,94,10.0,126,975.8,0.3,India,Delhi,28.6139,77.209
2026-07-01 01:00:00,38.3,80.8,23.6,26.9,91,13.8,104,976.5,0.3,India,Delhi,28.6139,77.209
2026-07-01 02:00:00,38.6,76.4,26.4,27.0,90,10.4,108,976.9,0.4,India,Delhi,28.6139,77.209
2026-07-01 03:00:00,43.9,104.1,28.0,28.5,84,8.7,114,977.2,0.1,India,Delhi,28.6139,77.209
2026-07-01 04:00:00,48.7,163.0,27.4,29.7,81,5.2,94,977.6,0.0,India,Delhi,28.6139,77.209
2026-07-01 05:00:00,58.8,224.4,25.6,30.7,77,5.6,86,977.8,0.0,India,Delhi,28.6139,77.209
2026-07-01 06:00:00,62.6,224.0,23.4,30.3,71,8.6,98,978.4,0.1,India,Delhi,28.6139,77.209
2026-07-01 07:00:00,57.9,175.1,20.4,30.8,70,7.2,103,977.9,0.0,India,Delhi,28.6139,77.209
2026-07-01 08:00:00,61.0,187.2,17.0,31.3,69,7.2,109,977.1,0.0,India,Delhi,28.6139,77.209
2026-07-01 09:00:00,67.1,225.4,14.8,32.2,65,8.1,94,976.2,0.0,India,Delhi,28.6139,77.209
2026-07-01 10:00:00,74.5,257.0,14.2,32.7,62,7.9,87,975.4,0.0,India,Delhi,28.6139,77.209
2026-07-01 11:00:00,78.9,264.5,14.8,32.1,65,8.0,81,974.9,0.0,India,Delhi,28.6139,77.209
2026-07-01 12:00:00,59.8,209.5,22.9,32.6,60,9.4,108,974.3,0.0,India,Delhi,28.6139,77.209
2026-07-01 13:00:00,59.1,196.5,27.8,31.2,66,8.0,106,974.4,0.0,India,Delhi,28.6139,77.209
2026-07-01 14:00:00,60.3,179.3,34.6,30.4,70,6.9,110,975.0,0.0,India,Delhi,28.6139,77.209
2026-07-01 15:00:00,64.5,176.5,40.0,29.9,73,5.8,120,975.8,0.0,India,Delhi,28.6139,77.209
2026-07-01 16:00:00,67.3,180.2,42.8,29.8,74,4.6,149,976.6,0.0,India,Delhi,28.6139,77.209
2026-07-01 17:00:00,69.2,189.5,44.2,29.7,75,2.9,184,977.5,0.0,India,Delhi,28.6139,77.209
2026-07-01 18:00:00,70.1,193.7,44.0,30.2,73,6.6,163,977.3,0.1,India,Delhi,28.6139,77.209
2026-07-01 19:00:00,68.0,194.2,41.2,30.2,75,2.3,135,977.4,0.0,India,Delhi,28.6139,77.209
2026-07-01 20:00:00,72.6,197.9,36.7,29.7,75,4.7,358,977.3,0.0,India,Delhi,28.6139,77.209
2026-07-01 21:00:00,67.8,158.8,33.4,28.9,78,7.3,126,976.9,0.1,India,Delhi,28.6139,77.209
2026-07-01 22:00:00,61.5,122.9,32.7,28.1,76,7.1,139,977.0,0.0,India,Delhi,28.6139,77.209
2026-07-01 23:00:00,58.9,107.3,33.2,27.9,75,6.6,137,977.4,0.0,India,Delhi,28.6139,77.209
2026-07-02 00:00:00,61.0,129.9,33.0,25.9,95,6.5,34,977.9,0.0,India,Delhi,28.6139,77.209
2026-07-02 01:00:00,59.1,132.7,33.0,25.9,93,3.8,73,978.2,4.4,India,Delhi,28.6139,77.209
2026-07-02 02:00:00,60.1,132.2,32.8,26.1,93,3.8,229,977.8,1.9,India,Delhi,28.6139,77.209
2026-07-02 03:00:00,60.8,137.4,31.2,26.8,92,4.0,212,977.5,0.4,India,Delhi,28.6139,77.209
2026-07-02 04:00:00,58.9,134.1,27.0,28.3,82,4.3,204,978.1,0.0,India,Delhi,28.6139,77.209
2026-07-02 05:00:00,54.1,124.8,21.4,28.0,83,2.1,211,978.5,0.0,India,Delhi,28.6139,77.209
2026-07-02 06:00:00,50.5,112.2,16.5,27.1,85,0.8,333,978.3,0.0,India,Delhi,28.6139,77.209
2026-07-02 07:00:00,45.3,102.7,12.6,27.9,77,2.7,307,977.9,0.0,India,Delhi,28.6139,77.209
2026-07-02 08:00:00,39.9,89.6,9.3,29.7,69,5.2,6,977.1,0.0,India,Delhi,28.6139,77.209
2026-07-02 09:00:00,37.3,79.9,7.6,30.2,66,6.3,355,976.1,0.0,India,Delhi,28.6139,77.209
2026-07-02 10:00:00,37.3,85.9,7.7,30.8,65,6.6,313,975.5,0.0,India,Delhi,28.6139,77.209
2026-07-02 11:00:00,35.6,74.5,9.5,31.2,64,5.8,340,974.9,0.0,India,Delhi,28.6139,77.209
2026-07-02 12:00:00,34.3,95.7,11.5,31.5,64,4.0,58,974.6,0.0,India,Delhi,28.6139,77.209
2026-07-02 13:00:00,33.6,89.4,17.8,31.4,65,3.3,68,974.7,0.0,India,Delhi,28.6139,77.209
2026-07-02 14:00:00,35.0,76.6,26.5,30.7,73,5.3,62,975.1,0.0,India,Delhi,28.6139,77.209
2026-07-02 15:00:00,37.1,71.2,32.9,30.0,78,5.6,73,975.8,0.0,India,Delhi,28.6139,77.209
2026-07-02 16:00:00,38.3,66.4,35.1,29.7,81,5.8,83,976.8,0.0,India,Delhi,28.6139,77.209
2026-07-02 17:00:00,39.5,73.3,35.1,29.3,83,6.2,83,977.5,0.0,India,Delhi,28.6139,77.209
2026-07-02 18:00:00,41.6,89.4,34.2,29.2,82,7.4,91,977.9,0.0,India,Delhi,28.6139,77.209
2026-07-02 19:00:00,43.0,94.3,32.9,28.9,84,5.4,90,977.6,0.0,India,Delhi,28.6139,77.209
2026-07-02 20:00:00,45.4,99.7,30.8,28.6,86,6.4,80,977.4,0.0,India,Delhi,28.6139,77.209
2026-07-02 21:00:00,47.8,104.8,28.2,28.2,87,6.9,84,976.9,0.0,India,Delhi,28.6139,77.209
2026-07-02 22:00:00,46.0,80.1,24.7,27.9,88,6.3,88,976.8,0.0,India,Delhi,28.6139,77.209
2026-07-02 23:00:00,41.1,58.7,20.8,27.8,88,6.5,90,976.7,0.0,India,Delhi,28.6139,77.209
2026-07-03 00:00:00,21.8,26.2,15.2,27.0,91,6.3,66,977.0,0.0,India,Delhi,28.6139,77.209
2026-07-03 01:00:00,21.4,27.7,17.0,27.6,87,5.8,76,977.4,0.0,India,Delhi,28.6139,77.209
2026-07-03 02:00:00,23.3,31.8,19.3,28.8,81,3.6,81,978.0,0.0,India,Delhi,28.6139,77.209
2026-07-03 03:00:00,24.6,35.5,20.1,30.5,73,4.3,85,977.9,0.0,India,Delhi,28.6139,77.209
2026-07-03 04:00:00,27.2,49.5,17.7,32.4,62,6.0,99,977.9,0.0,India,Delhi,28.6139,77.209
2026-07-03 05:00:00,29.3,56.5,13.8,33.5,55,7.9,125,978.0,0.1,India,Delhi,28.6139,77.209
2026-07-03 06:00:00,31.2,56.2,11.1,34.5,49,5.8,160,977.6,0.1,India,Delhi,28.6139,77.209
2026-07-03 07:00:00,32.4,56.8,11.1,33.8,54,6.2,165,977.3,0.3,India,Delhi,28.6139,77.209
2026-07-03 08:00:00,33.8,70.8,12.4,33.9,55,4.8,155,976.6,0.0,India,Delhi,28.6139,77.209
2026-07-03 09:00:00,34.9,70.8,13.7,34.0,55,2.9,173,975.6,0.0,India,Delhi,28.6139,77.209
2026-07-03 10:00:00,38.1,99.7,13.9,34.3,54,2.4,193,975.1,0.0,India,Delhi,28.6139,77.209
2026-07-03 11:00:00,40.6,104.8,14.1,34.4,53,2.9,187,974.5,0.0,India,Delhi,28.6139,77.209
2026-07-03 12:00:00,45.2,87.8,15.8,33.8,57,5.6,180,974.0,0.0,India,Delhi,28.6139,77.209
2026-07-03 13:00:00,50.1,90.6,26.5,32.7,64,5.8,175,974.6,0.0,India,Delhi,28.6139,77.209
2026-07-03 14:00:00,57.0,94.1,41.3,31.6,71,6.5,172,975.3,0.0,India,Delhi,28.6139,77.209
2026-07-03 15:00:00,65.4,96.2,52.1,30.9,75,4.8,165,975.8,0.0,India,Delhi,28.6139,77.209
2026-07-03 16:00:00,66.4,95.2,55.4,30.5,77,4.4,150,976.5,0.0,India,Delhi,28.6139,77.209
2026-07-03 17:00:00,65.7,94.5,54.8,30.4,79,4.2,137,976.6,0.0,India,Delhi,28.6139,77.209
2026-07-03 18:00:00,63.1,90.1,52.7,30.7,75,5.1,135,976.1,0.0,India,Delhi,28.6139,77.209
2026-07-03 19:00:00,59.4,84.1,49.1,30.5,74,3.9,103,976.1,0.0,India,Delhi,28.6139,77.209
2026-07-03 20:00:00,56.7,79.4,44.1,30.2,74,4.0,90,976.0,0.0,India,Delhi,28.6139,77.209
2026-07-03 21:00:00,55.5,76.4,40.2,30.0,74,4.3,95,975.9,0.0,India,Delhi,28.6139,77.209
2026-07-03 22:00:00,54.9,73.1,39.0,29.9,75,3.4,108,975.7,0.0,India,Delhi,28.6139,77.209
2026-07-03 23:00:00,54.6,69.6,38.8,29.9,76,2.4,103,975.6,0.0,India,Delhi,28.6139,77.209
2026-07-04 00:00:00,55.9,91.3,33.5,29.2,82,3.9,124,975.8,0.0,India,Delhi,28.6139,77.209
2026-07-04 01:00:00,57.7,82.7,31.6,29.6,81,3.8,115,976.2,0.0,India,Delhi,28.6139,77.209
2026-07-04 02:00:00,55.1,81.7,28.7,30.7,77,2.8,108,976.7,0.0,India,Delhi,28.6139,77.209
2026-07-04 03:00:00,48.2,84.8,25.1,31.2,71,4.9,126,976.4,0.2,India,Delhi,28.6139,77.209
2026-07-04 04:00:00,39.9,63.6,20.2,32.2,66,4.3,158,976.2,0.4,India,Delhi,28.6139,77.209
2026-07-04 05:00:00,36.9,69.8,14.5,33.4,62,4.1,151,976.4,0.0,India,Delhi,28.6139,77.209
2026-07-04 06:00:00,34.5,66.6,10.4,32.6,65,2.5,159,976.3,0.1,India,Delhi,28.6139,77.209
2026-07-04 07:00:00,32.4,59.1,8.7,34.1,57,2.4,207,976.1,0.3,India,Delhi,28.6139,77.209
2026-07-04 08:00:00,33.6,55.1,8.5,35.7,51,2.2,265,975.0,0.1,India,Delhi,28.6139,77.209
2026-07-04 09:00:00,36.4,57.9,9.0,36.4,49,3.9,294,974.1,0.0,India,Delhi,28.6139,77.209
2026-07-04 10:00:00,39.2,61.0,9.6,36.5,48,5.1,306,973.3,0.1,India,Delhi,28.6139,77.209
2026-07-04 11:00:00,41.9,72.2,10.9,36.5,49,5.2,326,972.7,0.1,India,Delhi,28.6139,77.209
2026-07-04 12:00:00,58.2,89.2,25.2,33.4,67,6.8,335,972.8,0.1,India,Delhi,28.6139,77.209
2026-07-04 13:00:00,60.8,90.3,31.9,32.9,70,4.6,9,972.4,0.0,India,Delhi,28.6139,77.209
2026-07-04 14:00:00,66.6,89.4,41.0,32.1,78,2.2,76,972.8,0.0,India,Delhi,28.6139,77.209
2026-07-04 15:00:00,73.1,95.5,47.3,31.7,79,4.3,85,973.3,0.0,India,Delhi,28.6139,77.209
2026-07-04 16:00:00,79.4,101.3,48.1,31.5,81,2.7,132,973.8,0.0,India,Delhi,28.6139,77.209
2026-07-04 17:00:00,83.6,130.9,46.0,31.0,82,6.2,120,974.6,0.0,India,Delhi,28.6139,77.209
2026-07-04 18:00:00,78.0,119.2,43.3,31.7,76,6.1,66,974.6,0.0,India,Delhi,28.6139,77.209
2026-07-04 19:00:00,73.3,105.2,40.4,30.8,81,3.5,35,974.0,0.0,India,Delhi,28.6139,77.209
2026-07-04 20:00:00,69.6,99.0,36.9,30.4,84,3.2,16,974.0,0.0,India,Delhi,28.6139,77.209
2026-07-04 21:00:00,67.8,99.0,34.4,30.2,85,4.5,34,973.9,0.0,India,Delhi,28.6139,77.209
2026-07-04 22:00:00,67.5,92.0,34.3,29.7,86,6.1,120,974.0,0.0,India,Delhi,28.6139,77.209
2026-07-04 23:00:00,66.4,83.4,35.2,29.0,88,6.9,123,974.2,0.5,India,Delhi,28.6139,77.209
2026-07-05 00:00:00,54.5,59.8,27.4,28.8,91,6.6,101,974.3,0.1,India,Delhi,28.6139,77.209
2026-07-05 01:00:00,43.8,46.0,26.4,29.4,87,3.8,87,974.7,0.0,India,Delhi,28.6139,77.209
2026-07-05 02:00:00,36.0,38.4,24.8,30.8,80,3.8,93,975.4,0.0,India,Delhi,28.6139,77.209
2026-07-05 03:00:00,31.5,34.2,22.1,32.8,70,4.7,99,975.5,0.0,India,Delhi,28.6139,77.209
2026-07-05 04:00:00,32.6,42.6,17.4,34.4,59,4.7,118,975.4,0.0,India,Delhi,28.6139,77.209
2026-07-05 05:00:00,33.6,43.1,11.7,34.5,55,8.8,102,975.4,0.2,India,Delhi,28.6139,77.209
2026-07-05 06:00:00,34.0,48.8,7.4,31.5,75,6.5,30,975.8,2.5,India,Delhi,28.6139,77.209
2026-07-05 07:00:00,34.6,51.9,5.6,33.9,64,1.7,13,975.1,0.0,India,Delhi,28.6139,77.209
2026-07-05 08:00:00,34.9,54.2,5.2,33.4,63,8.4,83,974.5,0.2,India,Delhi,28.6139,77.209
2026-07-05 09:00:00,34.8,53.2,5.5,32.1,71,8.5,89,973.7,0.2,India,Delhi,28.6139,77.209
2026-07-05 10:00:00,36.2,57.5,6.0,32.9,69,2.7,82,973.0,0.0,India,Delhi,28.6139,77.209
2026-07-05 11:00:00,36.4,56.0,7.2,33.4,66,1.2,63,972.6,0.0,India,Delhi,28.6139,77.209
2026-07-05 12:00:00,40.4,80.8,11.3,31.5,72,5.3,82,972.2,0.0,India,Delhi,28.6139,77.209
2026-07-05 13:00:00,48.2,87.8,21.0,31.2,74,3.3,61,972.7,0.0,India,Delhi,28.6139,77.209
2026-07-05 14:00:00,56.7,95.2,34.3,30.9,77,7.4,89,973.6,0.0,India,Delhi,28.6139,77.209
2026-07-05 15:00:00,66.6,103.8,43.9,30.6,80,8.8,116,974.4,0.0,India,Delhi,28.6139,77.209
2026-07-05 16:00:00,74.7,109.2,46.7,30.3,82,6.3,114,975.1,0.0,India,Delhi,28.6139,77.209
2026-07-05 17:00:00,76.4,113.2,45.7,30.0,84,4.0,100,975.5,0.0,India,Delhi,28.6139,77.209
2026-07-05 18:00:00,72.4,140.2,42.8,30.0,82,3.9,114,974.8,0.0,India,Delhi,28.6139,77.209
2026-07-05 19:00:00,57.3,86.4,37.6,30.1,80,7.3,115,975.0,0.0,India,Delhi,28.6139,77.209
2026-07-05 20:00:00,52.6,75.0,30.5,30.1,77,6.5,113,975.2,0.0,India,Delhi,28.6139,77.209
2026-07-05 21:00:00,48.5,63.3,24.5,29.9,77,7.3,123,974.9,0.0,India,Delhi,28.6139,77.209
2026-07-05 22:00:00,42.7,49.9,20.2,29.7,77,5.1,129,974.4,0.0,India,Delhi,28.6139,77.209
2026-07-05 23:00:00,38.9,42.4,17.0,29.6,78,1.6,174,975.0,0.0,India,Delhi,28.6139,77.209
2026-07-06 00:00:00,26.5,26.5,17.3,26.8,95,5.9,88,974.4,0.0,India,Delhi,28.6139,77.209
2026-07-06 01:00:00,25.6,25.6,19.3,27.7,94,5.1,58,975.0,0.0,India,Delhi,28.6139,77.209
2026-07-06 02:00:00,24.5,25.1,21.9,28.7,89,3.1,59,975.1,0.0,India,Delhi,28.6139,77.209
2026-07-06 03:00:00,21.8,23.4,23.2,30.3,82,3.5,81,976.0,0.0,India,Delhi,28.6139,77.209
2026-07-06 04:00:00,22.0,23.9,22.0,31.7,76,4.4,111,976.3,0.0,India,Delhi,28.6139,77.209
2026-07-06 05:00:00,22.9,24.7,19.3,33.0,67,5.7,131,976.4,0.1,India,Delhi,28.6139,77.209
2026-07-06 06:00:00,23.8,25.6,16.6,34.1,55,7.3,144,976.1,0.0,India,Delhi,28.6139,77.209
2026-07-06 07:00:00,25.4,27.0,13.6,35.3,50,2.3,151,975.3,0.0,India,Delhi,28.6139,77.209
2026-07-06 08:00:00,26.8,28.2,10.6,36.1,48,0.4,297,974.8,0.0,India,Delhi,28.6139,77.209
2026-07-06 09:00:00,29.4,31.3,9.0,36.5,48,2.0,280,973.8,0.0,India,Delhi,28.6139,77.209
2026-07-06 10:00:00,31.5,33.2,8.0,36.7,48,2.6,286,973.2,0.0,India,Delhi,28.6139,77.209
2026-07-06 11:00:00,33.1,34.6,8.5,36.6,48,1.1,279,972.5,0.0,India,Delhi,28.6139,77.209
2026-07-06 12:00:00,33.1,42.4,13.0,34.5,59,7.0,119,972.2,0.0,India,Delhi,28.6139,77.209
2026-07-06 13:00:00,37.7,46.7,30.5,33.6,68,4.5,143,972.7,0.4,India,Delhi,28.6139,77.209
2026-07-06 14:00:00,52.0,60.1,54.6,32.5,76,3.3,229,973.3,0.0,India,Delhi,28.6139,77.209
2026-07-06 15:00:00,61.7,69.4,72.5,32.1,80,2.0,5,973.7,0.0,India,Delhi,28.6139,77.209
2026-07-06 16:00:00,63.8,71.9,78.3,32.0,78,4.2,83,974.7,0.0,India,Delhi,28.6139,77.209
2026-07-06 17:00:00,66.1,74.7,77.9,31.7,76,4.2,102,975.1,0.0,India,Delhi,28.6139,77.209
2026-07-06 18:00:00,67.5,75.9,76.1,31.1,79,3.5,111,975.1,0.0,India,Delhi,28.6139,77.209
2026-07-06 19:00:00,67.1,74.7,73.9,31.0,80,3.1,90,975.0,0.0,India,Delhi,28.6139,77.209
2026-07-06 20:00:00,66.1,73.6,70.4,30.9,81,2.3,94,974.6,0.0,India,Delhi,28.6139,77.209
2026-07-06 21:00:00,65.2,72.9,67.2,30.6,82,4.0,120,974.3,0.0,India,Delhi,28.6139,77.209
2026-07-06 22:00:00,64.3,71.9,65.6,30.2,84,3.7,125,973.6,0.0,India,Delhi,28.6139,77.209
2026-07-06 23:00:00,65.0,72.9,64.5,29.8,85,4.0,175,974.1,0.0,India,Delhi,28.6139,77.209
2026-07-07 00:00:00,49.0,77.8,37.3,27.5,96,7.9,16,974.3,0.0,India,Delhi,28.6139,77.209
2026-07-07 01:00:00,49.0,74.3,37.9,27.6,95,5.6,360,974.6,1.2,India,Delhi,28.6139,77.209
2026-07-07 02:00:00,41.2,68.0,38.4,28.2,95,5.0,178,975.1,0.1,India,Delhi,28.6139,77.209
2026-07-07 03:00:00,43.2,70.8,37.3,29.8,88,5.2,245,975.7,0.0,India,Delhi,28.6139,77.209
2026-07-07 04:00:00,45.5,75.0,33.3,31.6,76,7.5,250,975.6,0.0,India,Delhi,28.6139,77.209
2026-07-07 05:00:00,45.4,72.9,27.5,32.8,68,7.3,224,975.5,0.0,India,Delhi,28.6139,77.209
2026-07-07 06:00:00,42.5,63.6,22.2,31.0,81,4.9,287,975.3,0.0,India,Delhi,28.6139,77.209
2026-07-07 07:00:00,41.9,57.9,17.5,32.5,70,1.4,203,975.0,0.0,India,Delhi,28.6139,77.209
2026-07-07 08:00:00,43.7,57.2,13.1,30.9,72,5.7,307,974.6,0.6,India,Delhi,28.6139,77.209
2026-07-07 09:00:00,46.6,58.9,10.7,31.9,69,1.5,346,973.5,0.2,India,Delhi,28.6139,77.209
2026-07-07 10:00:00,48.7,59.5,9.3,32.5,64,6.2,73,972.8,0.0,India,Delhi,28.6139,77.209
2026-07-07 11:00:00,47.8,56.8,9.8,30.4,78,9.8,96,972.3,0.0,India,Delhi,28.6139,77.209
2026-07-07 12:00:00,46.9,92.0,35.4,26.5,94,7.6,89,972.2,0.0,India,Delhi,28.6139,77.209
2026-07-07 13:00:00,41.3,60.3,38.3,26.7,96,2.0,80,972.1,3.1,India,Delhi,28.6139,77.209
2026-07-07 14:00:00,41.1,52.2,42.6,26.8,96,2.6,282,972.9,1.6,India,Delhi,28.6139,77.209
2026-07-07 15:00:00,43.5,49.5,47.6,27.0,96,4.3,92,973.8,1.0,India,Delhi,28.6139,77.209
2026-07-07 16:00:00,50.4,52.4,55.0,26.9,97,6.6,103,975.0,0.5,India,Delhi,28.6139,77.209
2026-07-07 17:00:00,58.4,58.6,63.1,27.0,96,2.8,130,975.2,0.1,India,Delhi,28.6139,77.209
2026-07-07 18:00:00,60.1,60.1,66.8,27.0,95,4.0,95,974.4,0.0,India,Delhi,28.6139,77.209
2026-07-07 19:00:00,58.8,60.8,63.0,26.9,95,1.6,96,974.3,0.0,India,Delhi,28.6139,77.209
2026-07-07 20:00:00,57.2,62.4,54.8,27.0,94,1.4,310,973.7,0.0,India,Delhi,28.6139,77.209
2026-07-07 21:00:00,52.5,62.4,46.0,26.9,96,9.6,323,973.8,0.0,India,Delhi,28.6139,77.209
2026-07-07 22:00:00,48.3,62.6,36.8,26.8,94,4.6,9,973.8,0.0,India,Delhi,28.6139,77.209
2026-07-07 23:00:00,39.5,43.0,27.1,26.7,93,8.2,26,973.9,0.0,India,Delhi,28.6139,77.209
2026-07-08 00:00:00,49.4,49.6,35.4,26.1,97,7.1,30,973.6,0.5,India,Delhi,28.6139,77.209
2026-07-08 01:00:00,46.1,46.3,36.9,26.3,97,9.5,33,973.6,1.5,India,Delhi,28.6139,77.209
2026-07-08 02:00:00,46.6,46.8,38.9,26.6,97,9.7,59,973.9,0.9,India,Delhi,28.6139,77.209
2026-07-08 03:00:00,39.2,39.5,39.3,27.1,94,10.8,69,974.3,0.2,India,Delhi,28.6139,77.209
2026-07-08 04:00:00,34.8,35.0,37.1,27.8,89,9.3,63,974.5,0.1,India,Delhi,28.6139,77.209
2026-07-08 05:00:00,27.6,27.9,33.2,28.7,83,10.1,70,974.7,0.0,India,Delhi,28.6139,77.209
2026-07-08 06:00:00,25.9,26.2,28.8,27.3,92,8.3,89,974.7,0.1,India,Delhi,28.6139,77.209
2026-07-08 07:00:00,25.3,25.6,23.0,27.7,88,8.1,61,974.3,1.2,India,Delhi,28.6139,77.209
2026-07-08 08:00:00,26.5,27.1,16.5,29.1,79,7.7,57,973.6,0.1,India,Delhi,28.6139,77.209
2026-07-08 09:00:00,29.3,30.0,12.7,29.3,78,8.3,41,973.0,0.1,India,Delhi,28.6139,77.209
2026-07-08 10:00:00,30.3,31.2,12.6,29.0,80,7.8,13,972.3,0.1,India,Delhi,28.6139,77.209
2026-07-08 11:00:00,29.5,30.5,15.1,29.1,80,7.9,4,971.9,0.3,India,Delhi,28.6139,77.209
2026-07-08 12:00:00,41.7,42.4,39.9,27.1,91,8.0,44,972.3,0.1,India,Delhi,28.6139,77.209
2026-07-08 13:00:00,39.3,40.0,40.5,26.5,96,8.1,360,972.0,2.1,India,Delhi,28.6139,77.209
2026-07-08 14:00:00,38.5,39.1,41.2,26.3,95,8.4,25,972.3,0.7,India,Delhi,28.6139,77.209
2026-07-08 15:00:00,38.4,39.0,40.4,26.5,94,8.8,33,973.2,0.2,India,Delhi,28.6139,77.209
2026-07-08 16:00:00,36.3,36.7,37.0,26.6,95,10.3,27,973.7,0.6,India,Delhi,28.6139,77.209
2026-07-08 17:00:00,32.0,32.2,32.2,26.7,96,10.2,32,973.7,1.0,India,Delhi,28.6139,77.209
2026-07-08 18:00:00,25.0,25.1,27.7,26.2,94,8.6,16,973.4,2.0,India,Delhi,28.6139,77.209
2026-07-08 19:00:00,21.0,21.1,23.9,26.0,96,9.0,357,973.0,1.9,India,Delhi,28.6139,77.209
2026-07-08 20:00:00,19.6,19.7,20.4,25.9,95,9.9,2,972.3,1.8,India,Delhi,28.6139,77.209
2026-07-08 21:00:00,18.0,18.0,17.7,25.8,96,9.4,352,972.1,1.8,India,Delhi,28.6139,77.209
2026-07-08 22:00:00,16.6,16.7,15.6,25.8,95,9.9,335,971.9,1.7,India,Delhi,28.6139,77.209
2026-07-08 23:00:00,16.0,16.0,14.2,25.7,96,10.2,321,972.2,8.0,India,Delhi,28.6139,77.209
2026-07-09 00:00:00,25.8,26.5,26.9,25.4,96,11.4,355,972.7,18.1,India,Delhi,28.6139,77.209
2026-07-09 01:00:00,23.2,24.0,26.9,25.2,97,11.1,333,972.2,10.1,India,Delhi,28.6139,77.209
2026-07-09 02:00:00,23.1,24.3,26.8,25.0,98,16.5,349,972.5,7.3,India,Delhi,28.6139,77.209
2026-07-09 03:00:00,26.3,27.5,25.6,25.6,93,18.9,2,973.5,12.1,India,Delhi,28.6139,77.209
2026-07-09 04:00:00,26.3,27.5,22.5,25.3,94,15.8,352,973.9,15.1,India,Delhi,28.6139,77.209
2026-07-09 05:00:00,29.3,41.1,18.4,25.4,94,13.2,331,974.4,9.0,India,Delhi,28.6139,77.209
2026-07-09 06:00:00,29.2,56.0,14.7,25.2,94,8.8,20,975.6,8.1,India,Delhi,28.6139,77.209
2026-07-09 07:00:00,32.1,84.3,11.4,25.4,94,6.9,327,975.4,3.5,India,Delhi,28.6139,77.209
2026-07-09 08:00:00,27.4,74.3,8.5,26.4,92,7.5,320,974.8,1.2,India,Delhi,28.6139,77.209
2026-07-09 09:00:00,26.2,60.1,7.7,27.9,83,11.5,335,974.2,0.1,India,Delhi,28.6139,77.209
2026-07-09 10:00:00,24.1,41.3,8.7,28.6,78,12.4,341,974.4,0.0,India,Delhi,28.6139,77.209
2026-07-09 11:00:00,23.0,47.8,11.6,28.9,77,10.4,326,973.7,0.0,India,Delhi,28.6139,77.209
2026-07-09 12:00:00,35.9,49.9,23.8,29.2,75,12.9,335,973.5,0.0,India,Delhi,28.6139,77.209
2026-07-09 13:00:00,40.5,55.2,38.6,28.3,80,10.6,341,973.7,0.0,India,Delhi,28.6139,77.209
2026-07-09 14:00:00,54.4,64.7,59.0,27.3,86,8.5,348,974.5,0.0,India,Delhi,28.6139,77.209
2026-07-09 15:00:00,68.5,75.4,74.2,26.8,89,6.4,328,974.8,0.0,India,Delhi,28.6139,77.209
2026-07-09 16:00:00,72.2,77.1,79.4,26.5,91,5.8,358,975.6,0.0,India,Delhi,28.6139,77.209
2026-07-09 17:00:00,78.5,82.0,79.4,26.1,92,4.7,310,975.4,0.0,India,Delhi,28.6139,77.209
2026-07-09 18:00:00,80.3,83.1,78.4,27.1,95,6.4,350,975.5,0.0,India,Delhi,28.6139,77.209
2026-07-09 19:00:00,83.4,85.2,77.5,26.5,97,6.2,345,975.2,0.0,India,Delhi,28.6139,77.209
2026-07-09 20:00:00,82.0,85.9,75.5,26.3,97,5.6,303,974.6,0.0,India,Delhi,28.6139,77.209
2026-07-09 21:00:00,78.2,87.1,73.7,26.0,97,6.3,325,974.3,0.0,India,Delhi,28.6139,77.209
2026-07-09 22:00:00,77.8,85.7,73.0,25.7,96,6.8,307,974.1,0.0,India,Delhi,28.6139,77.209
2026-07-09 23:00:00,81.3,89.2,72.4,25.5,96,7.1,294,974.7,0.0,India,Delhi,28.6139,77.209
2026-07-10 00:00:00,48.1,62.2,26.2,26.9,97,6.3,263,974.5,0.0,India,Delhi,28.6139,77.209
2026-07-10 01:00:00,47.7,63.8,24.9,27.2,94,6.2,291,974.7,0.3,India,Delhi,28.6139,77.209
2026-07-10 02:00:00,41.8,63.6,23.0,27.8,90,7.4,356,975.7,0.1,India,Delhi,28.6139,77.209
2026-07-10 03:00:00,39.3,86.6,20.4,28.4,86,6.6,299,976.0,0.2,India,Delhi,28.6139,77.209
2026-07-10 04:00:00,45.6,112.0,16.7,30.1,79,9.9,318,976.3,0.0,India,Delhi,28.6139,77.209
2026-07-10 05:00:00,52.2,141.6,12.4,30.0,78,11.5,350,976.6,0.0,India,Delhi,28.6139,77.209
2026-07-10 06:00:00,57.6,156.5,9.0,31.1,73,9.7,320,976.3,0.0,India,Delhi,28.6139,77.209
2026-07-10 07:00:00,63.3,204.9,6.9,32.1,68,10.0,322,976.2,0.0,India,Delhi,28.6139,77.209
2026-07-10 08:00:00,69.8,242.1,5.8,32.5,66,10.5,329,975.1,0.0,India,Delhi,28.6139,77.209
2026-07-10 09:00:00,73.1,266.4,6.3,32.8,63,10.7,327,974.7,0.0,India,Delhi,28.6139,77.209
2026-07-10 10:00:00,77.1,292.4,7.7,33.0,62,10.5,335,974.3,0.0,India,Delhi,28.6139,77.209
2026-07-10 11:00:00,81.5,318.5,10.7,32.8,62,8.7,339,973.7,0.0,India,Delhi,28.6139,77.209
2026-07-10 12:00:00,119.2,694.8,18.7,32.0,64,4.5,323,973.3,0.0,India,Delhi,28.6139,77.209
2026-07-10 13:00:00,122.9,612.8,37.8,31.3,72,4.0,267,973.8,0.0,India,Delhi,28.6139,77.209
2026-07-10 14:00:00,128.1,556.9,63.8,30.1,78,4.6,261,974.3,0.0,India,Delhi,28.6139,77.209
2026-07-10 15:00:00,124.8,465.7,81.0,29.6,79,7.2,266,974.9,0.0,India,Delhi,28.6139,77.209
2026-07-10 16:00:00,105.9,332.5,80.6,29.1,81,8.1,274,975.5,0.0,India,Delhi,28.6139,77.209
2026-07-10 17:00:00,88.9,243.1,71.3,28.5,86,3.6,250,975.5,0.0,India,Delhi,28.6139,77.209
2026-07-10 18:00:00,82.9,203.5,64.2,28.3,87,4.8,283,975.4,0.0,India,Delhi,28.6139,77.209
2026-07-10 19:00:00,84.8,191.4,63.4,27.9,89,5.2,268,974.7,0.0,India,Delhi,28.6139,77.209
2026-07-10 20:00:00,80.8,161.1,64.7,27.7,89,5.2,266,974.3,0.0,India,Delhi,28.6139,77.209
2026-07-10 21:00:00,73.6,139.7,66.1,27.6,90,2.4,279,973.7,0.0,India,Delhi,28.6139,77.209
2026-07-10 22:00:00,72.9,133.2,68.2,27.5,91,1.9,326,973.8,0.0,India,Delhi,28.6139,77.209
2026-07-10 23:00:00,79.6,151.8,70.5,27.5,91,0.8,225,974.0,0.0,India,Delhi,28.6139,77.209
2026-07-11 00:00:00,98.5,238.0,55.3,27.4,93,2.8,310,974.0,0.0,India,Delhi,28.6139,77.209
2026-07-11 01:00:00,96.2,233.3,49.3,27.7,93,4.8,297,974.3,0.0,India,Delhi,28.6139,77.209
2026-07-11 02:00:00,100.1,261.7,40.7,28.6,87,1.7,41,974.7,0.0,India,Delhi,28.6139,77.209
2026-07-11 03:00:00,111.5,373.5,31.9,29.1,84,5.6,69,975.6,0.0,India,Delhi,28.6139,77.209
2026-07-11 04:00:00,125.7,508.5,22.7,30.5,77,4.7,212,975.6,0.0,India,Delhi,28.6139,77.209
2026-07-11 05:00:00,137.4,612.8,13.2,32.3,64,10.3,270,975.4,0.0,India,Delhi,28.6139,77.209
2026-07-11 06:00:00,149.5,739.5,6.5,33.1,60,11.8,289,975.3,0.0,India,Delhi,28.6139,77.209
2026-07-11 07:00:00,165.8,905.2,3.6,33.7,59,9.3,299,974.9,0.1,India,Delhi,28.6139,77.209
2026-07-11 08:00:00,181.1,1050.5,3.4,34.1,58,8.1,299,974.1,0.1,India,Delhi,28.6139,77.209
2026-07-11 09:00:00,184.9,1084.1,5.4,34.3,57,6.6,291,973.4,0.1,India,Delhi,28.6139,77.209
2026-07-11 10:00:00,180.7,1043.1,9.1,34.2,57,5.8,275,972.8,0.0,India,Delhi,28.6139,77.209
2026-07-11 11:00:00,168.6,925.7,15.1,34.2,57,6.4,243,972.2,0.0,India,Delhi,28.6139,77.209
2026-07-11 12:00:00,141.6,661.2,16.5,34.1,61,4.9,242,972.1,0.0,India,Delhi,28.6139,77.209
2026-07-11 13:00:00,150.4,506.6,43.6,32.7,71,4.6,211,972.3,0.0,India,Delhi,28.6139,77.209
2026-07-11 14:00:00,173.7,506.6,80.7,31.7,78,2.3,162,972.7,0.0,India,Delhi,28.6139,77.209
2026-07-11 15:00:00,197.4,530.9,106.4,31.5,79,1.0,149,973.4,0.0,India,Delhi,28.6139,77.209
2026-07-11 16:00:00,208.6,508.5,109.7,31.0,81,4.0,170,974.0,0.0,India,Delhi,28.6139,77.209
2026-07-11 17:00:00,206.8,482.4,101.7,30.7,77,6.2,187,974.1,0.0,India,Delhi,28.6139,77.209
2026-07-11 18:00:00,193.2,446.1,94.0,31.0,76,5.4,214,973.8,0.0,India,Delhi,28.6139,77.209
2026-07-11 19:00:00,177.9,402.3,91.1,29.9,79,7.8,226,972.8,0.0,India,Delhi,28.6139,77.209
2026-07-11 20:00:00,163.0,359.5,88.6,29.5,80,6.6,237,972.3,0.0,India,Delhi,28.6139,77.209
2026-07-11 21:00:00,150.4,339.9,84.9,29.1,80,6.0,249,971.9,0.0,India,Delhi,28.6139,77.209
2026-07-11 22:00:00,142.0,341.8,80.1,28.9,79,6.5,240,971.3,0.0,India,Delhi,28.6139,77.209
2026-07-11 23:00:00,137.8,362.3,74.1,28.7,78,5.9,243,971.3,0.0,India,Delhi,28.6139,77.209
2026-07-12 00:00:00,132.2,592.3,29.1,29.4,74,10.9,243,971.1,0.0,India,Delhi,28.6139,77.209
2026-07-12 01:00:00,151.3,715.3,24.5,29.6,72,10.5,246,971.7,0.0,India,Delhi,28.6139,77.209
2026-07-12 02:00:00,170.0,741.3,18.1,30.5,70,10.5,253,972.2,0.0,India,Delhi,28.6139,77.209
2026-07-12 03:00:00,189.5,933.2,12.6,31.3,67,12.3,258,972.6,0.0,India,Delhi,28.6139,77.209
2026-07-12 04:00:00,195.6,1005.8,9.0,32.2,64,11.8,261,973.1,0.0,India,Delhi,28.6139,77.209
2026-07-12 05:00:00,212.8,1169.7,6.4,33.2,62,11.4,264,973.2,0.0,India,Delhi,28.6139,77.209
2026-07-12 06:00:00,230.0,1333.7,4.6,34.3,59,11.8,276,973.3,0.0,India,Delhi,28.6139,77.209
2026-07-12 07:00:00,233.3,1397.0,3.4,34.6,57,10.7,286,973.4,0.1,India,Delhi,28.6139,77.209
2026-07-12 08:00:00,220.3,1307.6,3.0,35.0,55,9.6,290,972.7,0.1,India,Delhi,28.6139,77.209
2026-07-12 09:00:00,203.5,1192.1,4.1,35.0,55,8.8,290,972.3,0.1,India,Delhi,28.6139,77.209
2026-07-12 10:00:00,185.8,1061.7,6.5,34.3,59,8.9,297,972.2,0.3,India,Delhi,28.6139,77.209
2026-07-12 11:00:00,167.6,851.2,10.4,32.4,65,9.6,311,972.2,0.3,India,Delhi,28.6139,77.209
2026-07-12 12:00:00,185.3,810.3,16.6,34.6,58,5.4,276,971.6,0.6,India,Delhi,28.6139,77.209
2026-07-12 13:00:00,187.7,687.3,33.8,33.6,68,3.8,289,971.6,0.0,India,Delhi,28.6139,77.209
2026-07-12 14:00:00,200.7,709.7,57.4,32.3,73,4.2,295,971.9,0.0,India,Delhi,28.6139,77.209
2026-07-12 15:00:00,213.3,732.0,74.0,31.9,75,2.7,270,972.6,0.0,India,Delhi,28.6139,77.209
2026-07-12 16:00:00,219.3,735.7,77.4,31.5,77,2.4,228,973.4,0.0,India,Delhi,28.6139,77.209
2026-07-12 17:00:00,223.1,746.9,73.8,31.1,78,3.4,245,973.9,0.0,India,Delhi,28.6139,77.209
2026-07-12 18:00:00,220.7,707.8,69.0,31.5,72,8.4,254,973.5,0.0,India,Delhi,28.6139,77.209
2026-07-12 19:00:00,207.7,663.1,64.6,30.5,72,11.3,245,973.1,0.1,India,Delhi,28.6139,77.209
2026-07-12 20:00:00,195.1,622.1,59.0,30.5,64,13.7,275,973.0,0.0,India,Delhi,28.6139,77.209
2026-07-12 21:00:00,175.6,577.4,52.3,29.6,67,9.8,283,973.0,0.0,India,Delhi,28.6139,77.209
2026-07-12 22:00:00,152.7,534.6,43.8,28.9,70,7.7,270,972.8,0.0,India,Delhi,28.6139,77.209
2026-07-12 23:00:00,137.8,519.7,34.2,28.4,72,7.9,274,973.1,0.0,India,Delhi,28.6139,77.209
2026-07-13 00:00:00,140.6,516.0,21.1,29.0,73,11.6,262,973.1,0.0,India,Delhi,28.6139,77.209
2026-07-13 01:00:00,142.5,510.4,20.9,29.1,72,11.5,262,973.3,0.0,India,Delhi,28.6139,77.209
2026-07-13 02:00:00,144.4,488.0,20.6,30.0,70,10.4,268,973.8,0.0,India,Delhi,28.6139,77.209
2026-07-13 03:00:00,138.8,555.1,18.9,31.2,67,9.5,268,974.6,0.0,India,Delhi,28.6139,77.209
2026-07-13 04:00:00,127.1,564.4,14.7,32.4,63,11.0,275,974.7,0.0,India,Delhi,28.6139,77.209
2026-07-13 05:00:00,122.0,590.5,9.3,33.4,60,10.8,281,974.8,0.0,India,Delhi,28.6139,77.209
2026-07-13 06:00:00,117.3,599.8,5.4,34.7,54,10.3,285,974.7,0.0,India,Delhi,28.6139,77.209
2026-07-13 07:00:00,112.9,579.3,3.8,35.2,51,7.7,286,974.8,0.0,India,Delhi,28.6139,77.209
2026-07-13 08:00:00,104.5,519.7,3.8,35.7,48,5.9,268,974.4,0.0,India,Delhi,28.6139,77.209
2026-07-13 09:00:00,105.0,510.4,5.2,35.8,48,6.9,264,973.9,0.0,India,Delhi,28.6139,77.209
2026-07-13 10:00:00,103.8,489.9,6.8,35.6,49,8.8,261,973.3,0.0,India,Delhi,28.6139,77.209
2026-07-13 11:00:00,98.0,448.0,10.0,35.4,50,8.5,265,973.1,0.0,India,Delhi,28.6139,77.209
2026-07-13 12:00:00,104.3,444.2,21.8,34.3,65,5.2,155,972.6,0.0,India,Delhi,28.6139,77.209
2026-07-13 13:00:00,111.1,393.0,41.5,33.5,71,4.4,150,973.0,0.0,India,Delhi,28.6139,77.209
2026-07-13 14:00:00,124.3,417.2,68.6,32.6,74,3.8,197,973.4,0.0,India,Delhi,28.6139,77.209
2026-07-13 15:00:00,140.6,442.4,89.1,32.2,67,6.4,252,974.1,0.0,India,Delhi,28.6139,77.209
2026-07-13 16:00:00,158.3,455.4,97.3,31.8,63,6.1,273,974.5,0.0,India,Delhi,28.6139,77.209
2026-07-13 17:00:00,171.8,446.1,98.8,30.8,69,6.4,310,975.3,0.0,India,Delhi,28.6139,77.209
2026-07-13 18:00:00,157.4,386.5,96.5,30.6,72,6.1,240,974.9,0.0,India,Delhi,28.6139,77.209
2026-07-13 19:00:00,132.2,327.8,90.3,29.8,77,4.3,253,974.9,0.0,India,Delhi,28.6139,77.209
2026-07-13 20:00:00,123.9,333.4,80.1,29.7,77,5.1,238,974.4,0.0,India,Delhi,28.6139,77.209
2026-07-13 21:00:00,122.0,345.5,69.0,29.8,72,7.6,265,974.4,0.0,India,Delhi,28.6139,77.209
2026-07-13 22:00:00,121.1,383.7,56.6,29.3,74,6.6,303,974.3,0.0,India,Delhi,28.6139,77.209
2026-07-13 23:00:00,131.8,493.6,43.3,28.7,77,6.2,330,974.7,0.0,India,Delhi,28.6139,77.209
2026-07-14 00:00:00,68.0,164.8,24.7,26.1,95,5.3,258,975.3,0.0,India,Delhi,28.6139,77.209
2026-07-14 01:00:00,63.1,148.5,24.5,26.4,85,19.6,250,975.3,1.0,India,Delhi,28.6139,77.209
2026-07-14 02:00:00,63.3,152.3,23.9,28.1,76,9.7,242,975.4,0.1,India,Delhi,28.6139,77.209
2026-07-14 03:00:00,71.2,207.2,22.0,30.8,70,7.9,266,975.6,0.0,India,Delhi,28.6139,77.209
2026-07-14 04:00:00,86.6,307.3,17.4,32.0,65,8.0,262,976.3,0.0,India,Delhi,28.6139,77.209
2026-07-14 05:00:00,104.5,427.5,11.5,33.4,60,9.8,262,976.7,0.0,India,Delhi,28.6139,77.209
2026-07-14 06:00:00,121.1,555.1,7.0,35.2,51,11.7,287,976.9,0.0,India,Delhi,28.6139,77.209
2026-07-14 07:00:00,133.6,655.7,4.9,35.6,48,9.6,296,976.7,0.0,India,Delhi,28.6139,77.209
2026-07-14 08:00:00,140.2,704.1,4.2,36.0,46,8.6,293,976.3,0.0,India,Delhi,28.6139,77.209
2026-07-14 09:00:00,142.5,720.8,5.2,36.2,45,7.7,291,975.7,0.0,India,Delhi,28.6139,77.209
2026-07-14 10:00:00,138.8,689.2,7.8,36.2,45,8.3,290,975.1,0.0,India,Delhi,28.6139,77.209
2026-07-14 11:00:00,140.6,691.0,12.1,35.8,45,9.9,292,974.9,0.0,India,Delhi,28.6139,77.209
2026-07-14 12:00:00,125.7,465.7,17.8,28.1,89,8.2,194,975.0,0.0,India,Delhi,28.6139,77.209
2026-07-14 13:00:00,111.8,327.8,26.2,28.7,89,9.7,205,975.0,1.1,India,Delhi,28.6139,77.209
2026-07-14 14:00:00,101.7,260.8,37.7,28.2,88,11.3,193,976.0,0.1,India,Delhi,28.6139,77.209
2026-07-14 15:00:00,94.8,212.8,45.5,28.0,83,6.5,208,976.7,0.0,India,Delhi,28.6139,77.209
2026-07-14 16:00:00,81.3,163.0,46.0,28.4,80,5.8,202,977.1,0.0,India,Delhi,28.6139,77.209
2026-07-14 17:00:00,70.5,129.9,42.8,28.7,76,6.6,221,977.6,0.0,India,Delhi,28.6139,77.209
2026-07-14 18:00:00,68.9,121.5,39.4,29.4,74,4.6,225,977.4,0.0,India,Delhi,28.6139,77.209
2026-07-14 19:00:00,66.6,122.5,36.9,27.4,83,7.4,84,977.2,0.0,India,Delhi,28.6139,77.209
2026-07-14 20:00:00,61.9,118.3,34.3,26.3,87,9.4,150,976.9,0.0,India,Delhi,28.6139,77.209
2026-07-14 21:00:00,58.8,115.5,32.0,25.9,88,6.9,173,976.7,0.0,India,Delhi,28.6139,77.209
2026-07-14 22:00:00,58.4,121.1,30.1,26.2,90,2.6,78,976.2,0.0,India,Delhi,28.6139,77.209
2026-07-14 23:00:00,58.9,127.1,28.6,26.3,91,2.3,119,976.3,0.0,India,Delhi,28.6139,77.209
2026-07-15 00:00:00,51.5,76.6,40.3,26.4,88,6.8,180,976.9,0.0,India,Delhi,28.6139,77.209
2026-07-15 01:00:00,53.6,99.0,39.8,25.4,96,9.5,111,977.7,2.4,India,Delhi,28.6139,77.209
2026-07-15 02:00:00,61.2,115.9,38.6,26.0,98,7.2,168,977.5,0.9,India,Delhi,28.6139,77.209
2026-07-15 03:00:00,68.7,149.9,35.0,29.1,84,5.3,188,978.1,0.1,India,Delhi,28.6139,77.209
2026-07-15 04:00:00,82.0,220.7,26.4,31.9,65,5.6,249,978.5,0.0,India,Delhi,28.6139,77.209
2026-07-15 05:00:00,97.3,321.3,15.3,33.7,55,8.7,275,978.8,0.0,India,Delhi,28.6139,77.209
2026-07-15 06:00:00,110.6,424.7,7.1,35.4,48,8.8,271,978.8,0.0,India,Delhi,28.6139,77.209
2026-07-15 07:00:00,122.0,523.4,4.0,36.0,44,8.5,276,978.5,0.0,India,Delhi,28.6139,77.209
2026-07-15 08:00:00,129.9,599.8,3.7,36.3,42,9.7,281,977.7,0.0,India,Delhi,28.6139,77.209
2026-07-15 09:00:00,136.0,651.9,5.1,36.3,43,9.7,294,977.3,0.0,India,Delhi,28.6139,77.209
2026-07-15 10:00:00,142.5,709.7,6.4,36.1,43,9.2,293,976.9,0.0,India,Delhi,28.6139,77.209
2026-07-15 11:00:00,149.5,733.9,9.3,35.8,44,9.4,274,976.4,0.0,India,Delhi,28.6139,77.209
2026-07-15 12:00:00,127.1,523.4,16.4,34.0,52,8.8,178,976.0,0.0,India,Delhi,28.6139,77.209
2026-07-15 13:00:00,130.9,471.2,33.8,32.8,57,8.1,176,976.4,0.0,India,Delhi,28.6139,77.209
2026-07-15 14:00:00,142.5,441.4,57.7,31.9,64,7.6,198,977.0,0.0,India,Delhi,28.6139,77.209
2026-07-15 15:00:00,153.2,415.4,74.4,31.6,65,8.3,237,977.6,0.0,India,Delhi,28.6139,77.209
2026-07-15 16:00:00,149.5,365.1,77.4,31.5,64,6.4,260,978.3,0.0,India,Delhi,28.6139,77.209
2026-07-15 17:00:00,138.3,353.0,73.3,31.2,64,4.9,262,978.8,0.0,India,Delhi,28.6139,77.209
2026-07-15 18:00:00,128.1,326.0,68.5,31.8,63,5.6,239,978.1,0.0,India,Delhi,28.6139,77.209
2026-07-15 19:00:00,116.4,284.1,64.9,31.0,66,6.3,257,978.4,0.0,India,Delhi,28.6139,77.209
2026-07-15 20:00:00,106.9,244.0,60.5,30.6,67,5.2,256,978.0,0.0,India,Delhi,28.6139,77.209
2026-07-15 21:00:00,98.5,210.9,56.3,30.3,67,6.1,251,977.9,0.0,India,Delhi,28.6139,77.209
2026-07-15 22:00:00,90.1,182.1,52.7,30.0,66,7.5,253,977.8,0.0,India,Delhi,28.6139,77.209
2026-07-15 23:00:00,84.8,172.3,49.2,29.8,65,9.0,268,977.9,0.0,India,Delhi,28.6139,77.209
2026-07-16 00:00:00,115.9,379.0,30.1,30.0,64,9.0,269,978.0,0.0,India,Delhi,28.6139,77.209
2026-07-16 01:00:00,118.5,371.6,29.1,30.2,63,9.2,274,978.2,0.0,India,Delhi,28.6139,77.209
2026-07-16 02:00:00,121.1,345.5,27.4,31.3,61,7.9,270,978.6,0.0,India,Delhi,28.6139,77.209
2026-07-16 03:00:00,116.9,383.7,24.3,32.7,56,9.2,282,978.8,0.0,India,Delhi,28.6139,77.209
2026-07-16 04:00:00,102.9,372.5,18.4,34.1,53,9.6,284,979.1,0.0,India,Delhi,28.6139,77.209
2026-07-16 05:00:00,105.7,451.7,11.1,35.6,48,10.9,290,979.2,0.0,India,Delhi,28.6139,77.209
2026-07-16 06:00:00,116.9,573.7,5.7,36.9,42,12.6,303,979.2,0.0,India,Delhi,28.6139,77.209
2026-07-16 07:00:00,127.6,685.5,3.7,36.7,42,11.7,299,978.9,0.0,India,Delhi,28.6139,77.209
2026-07-16 08:00:00,127.6,692.9,3.5,37.1,40,12.5,295,978.1,0.0,India,Delhi,28.6139,77.209
2026-07-16 09:00:00,124.3,666.8,4.5,37.3,40,12.5,298,977.5,0.0,India,Delhi,28.6139,77.209
2026-07-16 10:00:00,117.6,614.7,5.3,37.2,39,12.5,297,976.7,0.0,India,Delhi,28.6139,77.209
2026-07-16 11:00:00,115.9,573.7,7.1,37.1,39,11.4,296,976.2,0.0,India,Delhi,28.6139,77.209
2026-07-16 12:00:00,145.3,782.3,13.1,37.3,38,12.4,310,975.5,0.0,India,Delhi,28.6139,77.209
2026-07-16 13:00:00,158.3,765.5,29.7,36.6,40,7.8,314,975.8,0.0,India,Delhi,28.6139,77.209
2026-07-16 14:00:00,178.8,819.6,52.7,35.1,46,5.2,316,976.3,0.0,India,Delhi,28.6139,77.209
2026-07-16 15:00:00,200.7,907.1,71.3,34.3,56,2.4,306,976.9,0.0,India,Delhi,28.6139,77.209
2026-07-16 16:00:00,221.7,979.8,81.0,34.0,59,1.5,339,977.6,0.0,India,Delhi,28.6139,77.209
2026-07-16 17:00:00,237.5,1009.6,86.3,33.7,61,1.5,21,977.7,0.0,India,Delhi,28.6139,77.209
2026-07-16 18:00:00,247.7,1024.5,89.7,34.3,58,1.4,180,977.0,0.0,India,Delhi,28.6139,77.209
2026-07-16 19:00:00,255.2,1054.3,91.7,33.2,60,3.2,183,976.8,0.0,India,Delhi,28.6139,77.209
2026-07-16 20:00:00,261.7,1087.8,91.8,32.5,65,2.3,162,976.6,0.0,India,Delhi,28.6139,77.209
2026-07-16 21:00:00,267.3,1113.9,90.9,31.7,67,2.8,225,976.6,0.0,India,Delhi,28.6139,77.209
2026-07-16 22:00:00,271.0,1113.9,90.0,31.1,69,4.0,252,976.5,0.0,India,Delhi,28.6139,77.209
2026-07-16 23:00:00,267.3,1039.4,88.0,30.7,70,4.6,239,976.7,0.0,India,Delhi,28.6139,77.209
2026-07-17 00:00:00,162.1,489.9,69.6,31.1,70,3.5,279,976.7,0.0,India,Delhi,28.6139,77.209
2026-07-17 01:00:00,145.3,407.0,58.9,31.0,69,7.0,252,977.4,0.0,India,Delhi,28.6139,77.209
2026-07-17 02:00:00,126.2,358.6,44.0,31.8,65,7.5,260,977.8,0.0,India,Delhi,28.6139,77.209
2026-07-17 03:00:00,110.4,367.9,30.5,33.0,56,9.4,268,978.1,0.0,India,Delhi,28.6139,77.209
2026-07-17 04:00:00,110.6,436.8,20.2,34.5,51,10.5,277,978.3,0.0,India,Delhi,28.6139,77.209
2026-07-17 05:00:00,119.7,534.6,11.4,36.0,45,11.2,281,978.5,0.0,India,Delhi,28.6139,77.209
2026-07-17 06:00:00,118.5,553.2,5.3,36.6,41,11.8,301,978.7,0.0,India,Delhi,28.6139,77.209
2026-07-17 07:00:00,116.4,556.9,2.9,36.4,42,11.8,309,978.3,0.2,India,Delhi,28.6139,77.209
2026-07-17 08:00:00,119.2,597.9,3.3,36.9,41,11.6,305,977.6,0.1,India,Delhi,28.6139,77.209
2026-07-17 09:00:00,123.4,638.9,4.7,37.2,40,10.9,304,976.8,0.0,India,Delhi,28.6139,77.209
2026-07-17 10:00:00,129.9,696.6,6.2,37.4,39,11.8,295,975.9,0.0,India,Delhi,28.6139,77.209
2026-07-17 11:00:00,133.6,711.5,8.8,37.0,39,12.1,295,975.5,0.0,India,Delhi,28.6139,77.209
2026-07-17 12:00:00,165.8,920.1,15.1,37.0,38,11.3,301,975.5,0.0,India,Delhi,28.6139,77.209
2026-07-17 13:00:00,168.6,858.7,24.7,35.8,45,6.3,307,975.9,0.0,India,Delhi,28.6139,77.209
2026-07-17 14:00:00,176.0,830.7,38.2,34.7,55,2.8,320,976.2,0.0,India,Delhi,28.6139,77.209
2026-07-17 15:00:00,178.8,782.3,51.3,34.4,57,1.0,248,976.8,0.0,India,Delhi,28.6139,77.209
2026-07-17 16:00:00,187.2,800.9,63.6,33.9,61,1.3,188,977.6,0.0,India,Delhi,28.6139,77.209
2026-07-17 17:00:00,194.6,830.7,75.4,33.0,64,2.9,187,977.7,0.0,India,Delhi,28.6139,77.209
2026-07-17 18:00:00,200.2,793.5,83.0,33.1,65,2.6,192,977.2,0.0,India,Delhi,28.6139,77.209
2026-07-17 19:00:00,197.9,722.7,84.2,31.9,68,6.1,214,977.1,0.0,India,Delhi,28.6139,77.209
2026-07-17 20:00:00,191.4,646.3,81.2,31.4,66,3.1,242,976.9,0.0,India,Delhi,28.6139,77.209
2026-07-17 21:00:00,176.0,538.3,76.6,31.2,65,3.1,273,976.7,0.0,India,Delhi,28.6139,77.209
2026-07-17 22:00:00,155.1,434.0,70.9,31.3,61,4.5,270,976.4,0.0,India,Delhi,28.6139,77.209
2026-07-17 23:00:00,131.3,349.2,63.6,31.2,59,8.0,252,976.5,0.0,India,Delhi,28.6139,77.209
2026-07-18 00:00:00,141.6,372.5,70.4,31.1,65,11.0,276,976.3,0.0,India,Delhi,28.6139,77.209
2026-07-18 01:00:00,112.0,290.6,58.9,31.0,61,11.1,282,976.7,0.0,India,Delhi,28.6139,77.209
2026-07-18 02:00:00,98.3,282.2,42.8,31.8,57,10.7,279,977.1,0.0,India,Delhi,28.6139,77.209
2026-07-18 03:00:00,92.2,335.3,28.7,32.1,58,9.7,273,977.4,0.0,India,Delhi,28.6139,77.209
2026-07-18 04:00:00,98.0,459.1,18.8,33.1,56,11.5,278,977.6,0.0,India,Delhi,28.6139,77.209
2026-07-18 05:00:00,120.1,661.2,11.0,34.8,51,13.7,283,977.7,0.0,India,Delhi,28.6139,77.209
2026-07-18 06:00:00,156.5,938.8,5.6,35.5,49,14.9,291,977.7,0.0,India,Delhi,28.6139,77.209
2026-07-18 07:00:00,186.3,1158.6,3.2,35.6,49,13.7,295,977.2,0.0,India,Delhi,28.6139,77.209
2026-07-18 08:00:00,200.7,1251.7,3.2,36.0,47,11.9,297,976.5,0.0,India,Delhi,28.6139,77.209
2026-07-18 09:00:00,206.3,1292.7,4.6,36.0,47,9.8,294,976.1,0.0,India,Delhi,28.6139,77.209
2026-07-18 10:00:00,206.3,1277.8,6.7,36.3,44,9.3,292,975.6,0.0,India,Delhi,28.6139,77.209
2026-07-18 11:00:00,204.9,1214.4,10.2,35.7,46,7.9,281,975.2,0.0,India,Delhi,28.6139,77.209
2026-07-18 12:00:00,147.6,789.8,22.4,36.3,42,5.8,306,975.1,0.0,India,Delhi,28.6139,77.209
2026-07-18 13:00:00,148.5,672.4,39.8,35.5,49,3.8,245,975.8,0.0,India,Delhi,28.6139,77.209
2026-07-18 14:00:00,157.9,648.2,63.8,34.4,51,4.9,246,976.3,0.0,India,Delhi,28.6139,77.209
2026-07-18 15:00:00,170.9,694.8,81.2,34.1,52,4.4,249,976.4,0.0,India,Delhi,28.6139,77.209
2026-07-18 16:00:00,169.0,579.3,86.0,33.9,52,4.4,218,976.8,0.0,India,Delhi,28.6139,77.209
2026-07-18 17:00:00,152.7,510.4,84.3,33.2,57,4.1,178,977.4,0.0,India,Delhi,28.6139,77.209
2026-07-18 18:00:00,139.2,437.7,80.6,33.6,52,6.6,202,977.2,0.0,India,Delhi,28.6139,77.209
2026-07-18 19:00:00,126.7,376.3,75.9,32.0,65,4.9,188,977.0,0.0,India,Delhi,28.6139,77.209
2026-07-18 20:00:00,116.2,323.2,69.3,31.2,70,5.7,191,976.6,0.0,India,Delhi,28.6139,77.209
2026-07-18 21:00:00,106.6,275.7,62.9,30.7,71,5.6,186,976.4,0.0,India,Delhi,28.6139,77.209
2026-07-18 22:00:00,99.0,252.4,57.6,30.4,70,6.9,194,976.5,0.0,India,Delhi,28.6139,77.209
2026-07-18 23:00:00,94.8,252.4,52.5,30.1,70,6.7,214,976.5,0.0,India,Delhi,28.6139,77.209
2026-07-19 00:00:00,110.8,209.1,71.9,29.8,81,2.8,108,976.2,0.0,India,Delhi,28.6139,77.209
2026-07-19 01:00:00,105.7,181.1,65.1,30.4,80,5.3,204,977.0,0.0,India,Delhi,28.6139,77.209
2026-07-19 02:00:00,100.4,161.6,55.3,31.6,71,6.8,238,976.9,0.0,India,Delhi,28.6139,77.209
2026-07-19 03:00:00,81.5,146.2,44.5,32.5,62,8.1,269,977.6,0.0,India,Delhi,28.6139,77.209
2026-07-19 04:00:00,70.5,176.5,31.9,33.0,58,7.5,278,978.1,0.0,India,Delhi,28.6139,77.209
2026-07-19 05:00:00,75.7,285.9,18.4,34.1,54,8.0,284,978.2,0.0,India,Delhi,28.6139,77.209
2026-07-19 06:00:00,90.1,429.3,8.4,35.6,47,11.1,304,978.2,0.0,India,Delhi,28.6139,77.209
2026-07-19 07:00:00,97.6,499.2,4.1,36.0,46,11.2,308,978.0,0.0,India,Delhi,28.6139,77.209
2026-07-19 08:00:00,111.8,603.5,3.3,35.0,51,8.1,294,977.5,0.4,India,Delhi,28.6139,77.209
2026-07-19 09:00:00,118.7,666.8,4.3,35.2,51,4.9,231,976.8,0.0,India,Delhi,28.6139,77.209
2026-07-19 10:00:00,126.7,717.1,5.9,34.9,55,4.3,204,976.2,0.0,India,Delhi,28.6139,77.209
2026-07-19 11:00:00,131.3,752.5,9.1,33.6,60,5.4,48,976.4,1.8,India,Delhi,28.6139,77.209
2026-07-19 12:00:00,127.1,536.4,22.2,36.6,43,1.6,354,975.5,0.1,India,Delhi,28.6139,77.209
2026-07-19 13:00:00,121.5,445.2,27.0,34.2,57,10.4,100,976.3,0.2,India,Delhi,28.6139,77.209
2026-07-19 14:00:00,116.2,374.4,33.7,31.6,79,11.2,122,976.4,0.1,India,Delhi,28.6139,77.209
2026-07-19 15:00:00,108.7,305.5,38.7,31.2,81,9.7,155,977.3,0.0,India,Delhi,28.6139,77.209
2026-07-19 16:00:00,103.6,268.2,40.6,31.2,81,6.5,157,978.4,0.1,India,Delhi,28.6139,77.209
2026-07-19 17:00:00,98.3,238.4,40.8,30.7,84,6.4,122,978.6,0.5,India,Delhi,28.6139,77.209
2026-07-19 18:00:00,91.5,210.0,40.4,31.6,78,8.7,137,978.4,0.5,India,Delhi,28.6139,77.209
2026-07-19 19:00:00,89.6,210.0,39.7,30.3,84,7.5,120,977.6,0.0,India,Delhi,28.6139,77.209
2026-07-19 20:00:00,90.8,241.2,38.4,28.8,89,8.5,128,977.2,0.1,India,Delhi,28.6139,77.209
2026-07-19 21:00:00,92.4,269.2,36.7,28.1,90,7.6,117,976.9,0.0,India,Delhi,28.6139,77.209
2026-07-19 22:00:00,95.2,291.5,34.1,28.4,90,4.2,220,977.1,0.0,India,Delhi,28.6139,77.209
2026-07-19 23:00:00,92.9,275.7,31.2,26.8,94,9.4,225,977.1,4.8,India,Delhi,28.6139,77.209
2026-07-20 00:00:00,32.9,71.7,19.4,28.5,84,8.5,207,976.9,1.1,India,Delhi,28.6139,77.209
2026-07-20 01:00:00,31.3,58.0,24.0,28.6,85,8.0,218,976.8,0.2,India,Delhi,28.6139,77.209
2026-07-20 02:00:00,30.6,54.5,30.1,28.2,87,6.7,251,977.3,0.6,India,Delhi,28.6139,77.209
2026-07-20 03:00:00,33.5,53.8,32.8,27.7,92,1.8,135,978.0,4.2,India,Delhi,28.6139,77.209
2026-07-20 04:00:00,34.7,62.2,28.8,28.7,90,6.7,185,978.6,0.9,India,Delhi,28.6139,77.209
2026-07-20 05:00:00,36.8,90.8,21.3,29.5,86,0.6,18,979.0,0.9,India,Delhi,28.6139,77.209
2026-07-20 06:00:00,39.5,110.6,15.6,31.7,71,4.5,194,978.7,0.4,India,Delhi,28.6139,77.209
2026-07-20 07:00:00,42.3,126.2,13.3,30.8,76,6.6,111,978.5,1.2,India,Delhi,28.6139,77.209
2026-07-20 08:00:00,51.9,199.3,12.8,28.9,86,11.5,139,978.2,7.2,India,Delhi,28.6139,77.209
2026-07-20 09:00:00,61.0,265.4,13.8,29.1,85,7.6,152,977.3,0.7,India,Delhi,28.6139,77.209
2026-07-20 10:00:00,67.5,297.1,16.0,30.2,81,4.2,200,976.7,0.1,India,Delhi,28.6139,77.209
2026-07-20 11:00:00,73.6,320.4,19.7,30.5,79,4.4,201,976.7,0.0,India,Delhi,28.6139,77.209
2026-07-20 12:00:00,35.4,75.2,33.5,29.9,78,5.5,218,977.7,0.0,India,Delhi,28.6139,77.209
2026-07-20 13:00:00,41.2,76.1,47.4,27.5,92,4.0,30,978.0,4.3,India,Delhi,28.6139,77.209
2026-07-20 14:00:00,54.4,83.6,66.3,27.4,93,2.7,180,977.6,3.4,India,Delhi,28.6139,77.209
2026-07-20 15:00:00,63.6,86.4,78.4,27.4,95,4.6,222,978.3,1.1,India,Delhi,28.6139,77.209
2026-07-20 16:00:00,62.4,82.2,77.7,27.4,95,3.4,254,978.9,0.6,India,Delhi,28.6139,77.209
2026-07-20 17:00:00,59.5,77.8,70.1,27.3,94,3.3,241,979.4,0.1,India,Delhi,28.6139,77.209
2026-07-20 18:00:00,51.1,64.0,61.7,26.5,96,1.6,270,979.3,0.0,India,Delhi,28.6139,77.209
2026-07-20 19:00:00,42.3,51.3,53.7,26.7,95,3.6,70,978.7,0.2,India,Delhi,28.6139,77.209
2026-07-20 20:00:00,34.9,41.4,44.8,26.5,95,7.8,82,978.2,0.6,India,Delhi,28.6139,77.209
2026-07-20 21:00:00,31.4,36.2,37.6,26.3,95,7.6,83,978.2,0.2,India,Delhi,28.6139,77.209
2026-07-20 22:00:00,30.6,33.9,33.4,26.3,93,7.6,97,977.8,0.2,India,Delhi,28.6139,77.209
2026-07-20 23:00:00,27.8,29.3,30.8,26.1,93,6.0,107,977.9,0.3,India,Delhi,28.6139,77.209
2026-07-21 00:00:00,18.7,20.7,25.4,26.3,93,5.1,27,977.6,0.4,India,Delhi,28.6139,77.209
2026-07-21 01:00:00,20.3,21.3,25.0,25.7,95,6.5,51,978.4,3.8,India,Delhi,28.6139,77.209
2026-07-21 02:00:00,21.2,21.9,24.4,25.9,95,9.1,72,978.4,1.0,India,Delhi,28.6139,77.209
2026-07-21 03:00:00,22.3,22.8,22.9,26.4,92,9.2,84,978.8,0.4,India,Delhi,28.6139,77.209
2026-07-21 04:00:00,15.5,16.1,19.7,27.0,88,8.5,86,978.7,0.1,India,Delhi,28.6139,77.209
2026-07-21 05:00:00,13.0,13.5,15.5,28.0,84,8.6,101,978.8,0.2,India,Delhi,28.6139,77.209
2026-07-21 06:00:00,12.0,12.4,12.6,26.7,95,11.9,94,978.5,0.1,India,Delhi,28.6139,77.209
2026-07-21 07:00:00,11.7,12.0,11.8,27.7,94,7.9,89,978.0,0.9,India,Delhi,28.6139,77.209
2026-07-21 08:00:00,12.1,12.4,12.1,29.5,86,7.2,109,977.4,0.5,India,Delhi,28.6139,77.209
2026-07-21 09:00:00,13.6,13.8,12.9,29.1,85,8.0,104,976.6,0.4,India,Delhi,28.6139,77.209
2026-07-21 10:00:00,13.5,13.7,13.5,27.5,92,9.3,106,976.4,4.3,India,Delhi,28.6139,77.209
2026-07-21 11:00:00,15.1,15.3,14.6,28.4,87,6.0,111,975.8,0.6,India,Delhi,28.6139,77.209
2026-07-21 12:00:00,30.2,31.3,21.8,29.9,74,7.2,78,975.5,0.1,India,Delhi,28.6139,77.209
2026-07-21 13:00:00,36.4,37.1,26.4,28.9,82,6.9,127,976.0,0.1,India,Delhi,28.6139,77.209
2026-07-21 14:00:00,39.9,40.4,32.6,28.4,86,4.6,99,976.8,0.1,India,Delhi,28.6139,77.209
2026-07-21 15:00:00,35.2,35.4,36.0,28.2,87,7.7,99,977.5,0.0,India,Delhi,28.6139,77.209
2026-07-21 16:00:00,32.7,32.8,33.9,28.0,87,7.6,98,978.0,0.0,India,Delhi,28.6139,77.209
2026-07-21 17:00:00,32.2,32.4,29.0,27.7,88,10.3,105,978.6,0.1,India,Delhi,28.6139,77.209
2026-07-21 18:00:00,31.3,31.4,24.6,26.7,95,12.2,117,978.3,0.1,India,Delhi,28.6139,77.209
2026-07-21 19:00:00,30.3,30.3,22.0,26.5,94,10.9,117,977.9,0.1,India,Delhi,28.6139,77.209
2026-07-21 20:00:00,30.0,30.2,20.0,26.4,94,9.4,110,977.3,0.0,India,Delhi,28.6139,77.209
2026-07-21 21:00:00,29.3,29.3,18.5,26.3,95,8.7,103,976.8,0.0,India,Delhi,28.6139,77.209
2026-07-21 22:00:00,29.5,29.6,17.5,25.8,96,11.2,100,977.1,1.0,India,Delhi,28.6139,77.209
2026-07-21 23:00:00,29.6,29.8,17.0,25.8,95,11.2,95,977.6,0.4,India,Delhi,28.6139,77.209
2026-07-22 00:00:00,36.1,36.4,22.9,25.8,95,11.6,98,977.2,0.6,India,Delhi,28.6139,77.209
2026-07-22 01:00:00,35.2,35.6,22.6,25.9,95,13.3,99,977.6,0.7,India,Delhi,28.6139,77.209
2026-07-22 02:00:00,35.3,35.7,22.0,26.7,89,15.7,107,977.8,0.2,India,Delhi,28.6139,77.209
2026-07-22 03:00:00,36.7,37.1,20.3,27.1,84,16.5,110,978.3,0.7,India,Delhi,28.6139,77.209
2026-07-22 04:00:00,37.4,38.1,16.4,28.7,77,14.3,118,978.4,0.4,India,Delhi,28.6139,77.209
2026-07-22 05:00:00,33.8,34.5,11.5,29.9,74,13.4,125,978.3,0.7,India,Delhi,28.6139,77.209
2026-07-22 06:00:00,41.2,104.8,7.8,30.6,67,15.0,124,978.1,0.2,India,Delhi,28.6139,77.209
2026-07-22 07:00:00,42.3,125.3,5.8,31.3,66,14.4,121,977.8,0.2,India,Delhi,28.6139,77.209
2026-07-22 08:00:00,37.4,85.9,5.1,31.7,67,11.9,110,976.9,0.0,India,Delhi,28.6139,77.209
2026-07-22 09:00:00,39.5,95.5,7.0,31.8,67,11.4,106,975.9,0.1,India,Delhi,28.6139,77.209
2026-07-22 10:00:00,40.3,98.7,13.0,31.6,69,10.7,104,975.4,0.1,India,Delhi,28.6139,77.209
2026-07-22 11:00:00,35.3,71.9,21.7,31.5,68,8.8,101,974.6,0.1,India,Delhi,28.6139,77.209
2026-07-22 12:00:00,14.7,16.4,14.7,28.4,88,5.7,46,975.2,0.1,India,Delhi,28.6139,77.209
2026-07-22 13:00:00,17.3,18.2,24.3,28.9,86,3.6,45,975.7,0.0,India,Delhi,28.6139,77.209
2026-07-22 14:00:00,23.9,24.3,37.3,28.6,89,4.6,64,976.0,0.0,India,Delhi,28.6139,77.209
2026-07-22 15:00:00,25.4,25.6,45.1,28.8,89,7.0,64,976.7,0.0,India,Delhi,28.6139,77.209
2026-07-22 16:00:00,23.3,23.7,42.9,28.9,87,9.2,83,977.0,0.0,India,Delhi,28.6139,77.209
2026-07-22 17:00:00,21.0,21.2,35.6,28.6,84,9.2,97,977.3,0.1,India,Delhi,28.6139,77.209
2026-07-22 18:00:00,17.6,17.9,29.1,28.2,84,10.1,101,977.1,0.0,India,Delhi,28.6139,77.209
2026-07-22 19:00:00,14.9,15.1,25.2,28.2,84,11.1,99,976.7,0.0,India,Delhi,28.6139,77.209
2026-07-22 20:00:00,21.2,73.1,22.1,27.9,84,11.3,98,976.2,0.0,India,Delhi,28.6139,77.209
2026-07-22 21:00:00,24.9,88.7,20.0,27.7,85,11.8,103,975.8,0.0,India,Delhi,28.6139,77.209
2026-07-22 22:00:00,28.7,98.5,19.3,27.4,85,10.6,104,975.6,0.0,India,Delhi,28.6139,77.209
2026-07-22 23:00:00,34.2,127.1,19.7,27.2,86,10.5,103,975.8,0.0,India,Delhi,28.6139,77.209
2026-07-23 00:00:00,30.7,75.9,21.4,26.6,93,9.6,107,976.0,0.0,India,Delhi,28.6139,77.209
2026-07-23 01:00:00,33.5,88.2,20.4,26.1,95,8.7,96,976.2,1.5,India,Delhi,28.6139,77.209
2026-07-23 02:00:00,38.6,116.6,18.9,26.6,93,12.4,103,976.4,0.4,India,Delhi,28.6139,77.209
2026-07-23 03:00:00,28.3,43.4,16.8,27.6,85,12.1,100,976.7,0.2,India,Delhi,28.6139,77.209
2026-07-23 04:00:00,23.1,26.5,13.3,28.4,83,9.8,96,976.5,0.3,India,Delhi,28.6139,77.209
2026-07-23 05:00:00,21.5,22.1,9.2,30.3,74,12.8,107,976.3,0.1,India,Delhi,28.6139,77.209
2026-07-23 06:00:00,20.5,20.7,6.4,31.0,68,14.5,104,976.4,0.0,India,Delhi,28.6139,77.209
2026-07-23 07:00:00,20.4,20.7,5.6,31.5,65,15.0,106,975.8,0.1,India,Delhi,28.6139,77.209
2026-07-23 08:00:00,33.3,128.1,6.2,31.9,65,13.8,104,975.0,0.2,India,Delhi,28.6139,77.209
2026-07-23 09:00:00,28.2,74.7,7.6,32.2,64,13.3,99,974.2,0.1,India,Delhi,28.6139,77.209
2026-07-23 10:00:00,28.9,79.2,10.0,29.7,76,15.0,107,974.2,1.3,India,Delhi,28.6139,77.209
2026-07-23 11:00:00,31.0,73.8,13.3,30.2,76,4.7,97,973.4,0.6,India,Delhi,28.6139,77.209
2026-07-23 12:00:00,22.5,22.6,16.5,31.3,70,10.7,110,973.7,0.2,India,Delhi,28.6139,77.209
2026-07-23 13:00:00,27.6,27.7,21.0,30.2,75,8.6,113,974.3,0.2,India,Delhi,28.6139,77.209
2026-07-23 14:00:00,28.8,28.9,27.0,29.8,76,7.8,109,974.5,0.0,India,Delhi,28.6139,77.209
2026-07-23 15:00:00,28.8,28.8,30.6,28.6,82,8.5,136,975.4,0.3,India,Delhi,28.6139,77.209
2026-07-23 16:00:00,29.5,29.5,29.3,26.2,94,9.1,65,976.5,3.5,India,Delhi,28.6139,77.209
2026-07-23 17:00:00,30.0,30.2,25.5,26.5,94,11.6,105,976.2,0.8,India,Delhi,28.6139,77.209
2026-07-23 18:00:00,30.0,30.0,22.4,27.5,88,13.1,108,976.3,0.0,India,Delhi,28.6139,77.209
2026-07-23 19:00:00,30.5,30.6,21.1,27.1,88,10.8,101,976.0,0.0,India,Delhi,28.6139,77.209
2026-07-23 20:00:00,31.7,31.8,20.4,26.9,89,10.9,103,975.9,0.0,India,Delhi,28.6139,77.209
2026-07-23 21:00:00,33.5,33.6,19.9,26.8,89,9.7,90,975.2,0.0,India,Delhi,28.6139,77.209
2026-07-23 22:00:00,35.0,35.2,19.4,26.7,90,9.7,93,975.3,0.0,India,Delhi,28.6139,77.209
2026-07-23 23:00:00,35.6,35.6,19.0,26.5,91,10.3,93,975.4,0.0,India,Delhi,28.6139,77.209
2026-07-24 00:00:00,37.7,37.7,18.0,25.8,95,9.7,80,975.5,0.1,India,Delhi,28.6139,77.209
2026-07-24 01:00:00,37.7,37.7,17.8,25.9,94,12.1,84,975.1,0.1,India,Delhi,28.6139,77.209
2026-07-24 02:00:00,34.3,34.5,17.4,26.8,90,10.8,91,975.7,0.0,India,Delhi,28.6139,77.209
2026-07-24 03:00:00,31.5,31.5,16.3,28.2,83,14.7,102,975.7,0.0,India,Delhi,28.6139,77.209
2026-07-24 04:00:00,26.4,26.4,13.6,29.3,77,14.2,105,976.1,0.1,India,Delhi,28.6139,77.209
2026-07-24 05:00:00,24.1,24.2,10.2,30.3,73,13.4,110,976.1,0.2,India,Delhi,28.6139,77.209
2026-07-24 06:00:00,22.9,22.9,7.9,30.3,75,12.9,122,976.3,0.2,India,Delhi,28.6139,77.209
2026-07-24 07:00:00,21.4,21.4,7.4,31.0,73,12.1,130,976.1,0.6,India,Delhi,28.6139,77.209
2026-07-24 08:00:00,20.4,20.4,8.1,29.5,79,12.6,158,975.1,1.3,India,Delhi,28.6139,77.209
2026-07-24 09:00:00,17.7,17.7,9.4,28.7,83,6.8,122,974.9,4.8,India,Delhi,28.6139,77.209
2026-07-24 10:00:00,16.1,16.2,10.9,29.7,80,7.1,97,973.9,0.8,India,Delhi,28.6139,77.209
2026-07-24 11:00:00,16.5,16.6,13.2,30.6,74,7.6,117,973.2,0.1,India,Delhi,28.6139,77.209
2026-07-24 12:00:00,23.3,23.5,17.3,30.0,82,6.2,73,972.9,0.2,India,Delhi,28.6139,77.209
2026-07-24 13:00:00,29.5,29.6,26.2,30.0,83,7.7,81,973.4,0.0,India,Delhi,28.6139,77.209
2026-07-24 14:00:00,34.3,34.6,38.2,29.6,84,7.9,111,974.4,0.0,India,Delhi,28.6139,77.209
2026-07-24 15:00:00,34.3,34.7,45.1,29.4,84,9.6,95,975.4,0.0,India,Delhi,28.6139,77.209
2026-07-24 16:00:00,32.8,33.4,42.2,29.0,84,10.8,95,976.3,0.0,India,Delhi,28.6139,77.209
2026-07-24 17:00:00,31.9,33.2,34.3,28.6,85,10.5,98,976.7,0.0,India,Delhi,28.6139,77.209
2026-07-24 18:00:00,30.5,33.1,27.6,28.3,86,12.4,104,976.5,0.0,India,Delhi,28.6139,77.209
2026-07-24 19:00:00,28.0,31.8,24.1,28.1,85,12.4,112,976.5,0.0,India,Delhi,28.6139,77.209
2026-07-24 20:00:00,26.5,31.4,21.8,28.0,83,11.9,115,976.6,0.0,India,Delhi,28.6139,77.209
2026-07-24 21:00:00,26.3,31.5,20.4,27.6,84,11.0,109,976.6,0.1,India,Delhi,28.6139,77.209
2026-07-24 22:00:00,26.5,31.1,20.4,27.5,87,10.5,117,976.4,0.1,India,Delhi,28.6139,77.209
2026-07-24 23:00:00,27.1,30.5,21.3,27.4,87,10.5,117,976.4,0.1,India,Delhi,28.6139,77.209
2026-07-25 00:00:00,29.7,33.9,22.5,27.4,89,9.4,122,976.3,0.1,India,Delhi,28.6139,77.209
2026-07-25 01:00:00,29.8,32.8,21.9,27.5,89,7.7,129,977.6,0.0,India,Delhi,28.6139,77.209
2026-07-25 02:00:00,28.5,30.6,20.9,28.2,87,7.4,122,977.9,0.0,India,Delhi,28.6139,77.209
2026-07-25 03:00:00,29.0,31.1,19.0,28.8,81,11.8,115,978.2,0.1,India,Delhi,28.6139,77.209
2026-07-25 04:00:00,29.5,34.2,15.4,29.7,75,10.5,115,978.5,0.1,India,Delhi,28.6139,77.209
2026-07-25 05:00:00,26.8,32.8,11.0,30.4,73,10.6,114,978.8,0.3,India,Delhi,28.6139,77.209
2026-07-25 06:00:00,24.3,29.0,7.8,31.5,66,12.5,123,978.5,0.3,India,Delhi,28.6139,77.209
2026-07-25 07:00:00,25.8,29.6,6.4,31.5,66,12.6,124,977.7,0.2,India,Delhi,28.6139,77.209
2026-07-25 08:00:00,32.2,66.1,6.3,32.1,64,10.7,126,977.2,0.1,India,Delhi,28.6139,77.209
2026-07-25 09:00:00,26.4,39.3,7.7,32.3,63,12.2,127,976.4,0.3,India,Delhi,28.6139,77.209
2026-07-25 10:00:00,25.1,33.4,10.7,32.3,64,11.6,125,976.2,0.3,India,Delhi,28.6139,77.209
2026-07-25 11:00:00,24.9,32.1,15.2,31.4,68,11.6,111,975.6,0.2,India,Delhi,28.6139,77.209
2026-07-25 12:00:00,38.3,41.8,23.0,30.2,82,8.6,89,976.0,0.0,India,Delhi,28.6139,77.209
2026-07-25 13:00:00,44.2,46.1,29.1,29.6,82,11.2,90,976.4,0.0,India,Delhi,28.6139,77.209
2026-07-25 14:00:00,51.8,52.7,37.3,28.8,83,8.9,82,977.2,0.0,India,Delhi,28.6139,77.209
2026-07-25 15:00:00,50.3,50.9,42.5,28.4,86,9.8,85,978.1,0.0,India,Delhi,28.6139,77.209
2026-07-25 16:00:00,45.1,45.4,42.0,28.0,88,8.3,86,978.7,0.0,India,Delhi,28.6139,77.209
2026-07-25 17:00:00,46.8,47.0,38.4,27.7,89,8.3,94,979.0,0.0,India,Delhi,28.6139,77.209
2026-07-25 18:00:00,48.1,48.3,34.6,27.4,92,9.1,81,978.5,0.0,India,Delhi,28.6139,77.209
2026-07-25 19:00:00,48.5,48.7,31.2,27.4,93,9.6,81,978.3,0.1,India,Delhi,28.6139,77.209
2026-07-25 20:00:00,47.0,47.1,27.7,27.5,94,8.2,100,977.9,0.0,India,Delhi,28.6139,77.209
2026-07-25 21:00:00,45.4,45.6,25.2,27.5,95,7.9,102,977.6,0.0,India,Delhi,28.6139,77.209
2026-07-25 22:00:00,44.7,44.9,24.9,27.3,95,7.1,100,977.6,0.0,India,Delhi,28.6139,77.209
2026-07-25 23:00:00,44.9,46.3,25.7,27.3,95,6.1,104,977.8,0.0,India,Delhi,28.6139,77.209
2026-07-26 00:00:00,26.0,26.8,23.0,28.3,91,4.3,135,977.6,0.0,India,Delhi,28.6139,77.209
2026-07-26 01:00:00,27.8,28.6,22.2,27.6,94,4.7,140,977.7,0.4,India,Delhi,28.6139,77.209
2026-07-26 02:00:00,26.9,27.9,21.0,28.5,90,5.0,154,978.0,0.1,India,Delhi,28.6139,77.209
2026-07-26 03:00:00,28.9,31.4,19.1,29.5,84,2.3,122,978.2,0.0,India,Delhi,28.6139,77.209
2026-07-26 04:00:00,32.1,36.4,16.0,30.7,78,3.3,81,978.1,0.0,India,Delhi,28.6139,77.209
2026-07-26 05:00:00,34.7,41.6,12.2,31.5,73,3.8,93,978.4,0.1,India,Delhi,28.6139,77.209
2026-07-26 06:00:00,36.7,46.4,9.2,32.5,63,3.9,68,978.6,0.1,India,Delhi,28.6139,77.209
2026-07-26 07:00:00,36.8,49.0,7.3,32.9,63,3.7,113,978.4,0.2,India,Delhi,28.6139,77.209
2026-07-26 08:00:00,39.0,51.2,6.1,33.5,62,4.3,132,977.9,0.2,India,Delhi,28.6139,77.209
2026-07-26 09:00:00,39.3,51.3,6.1,33.7,60,4.2,144,976.8,0.1,India,Delhi,28.6139,77.209
2026-07-26 10:00:00,40.4,51.8,5.7,33.7,59,3.3,144,976.1,0.1,India,Delhi,28.6139,77.209
2026-07-26 11:00:00,40.2,54.1,6.5,33.5,61,3.2,117,975.4,0.0,India,Delhi,28.6139,77.209
2026-07-26 12:00:00,44.2,56.9,12.4,33.7,60,3.9,77,975.0,0.0,India,Delhi,28.6139,77.209
2026-07-26 13:00:00,51.0,61.0,33.2,32.6,70,4.1,45,975.1,0.0,India,Delhi,28.6139,77.209
2026-07-26 14:00:00,70.1,78.7,61.6,31.7,77,3.1,54,975.5,0.0,India,Delhi,28.6139,77.209
2026-07-26 15:00:00,86.1,94.5,81.2,31.3,80,0.2,270,976.0,0.0,India,Delhi,28.6139,77.209
2026-07-26 16:00:00,91.3,99.0,83.0,31.1,83,0.3,315,976.6,0.0,India,Delhi,28.6139,77.209
2026-07-26 17:00:00,89.4,96.2,76.1,30.9,83,0.9,180,976.9,0.0,India,Delhi,28.6139,77.209
2026-07-26 18:00:00,85.2,91.5,70.5,30.6,85,1.2,141,976.4,0.0,India,Delhi,28.6139,77.209
2026-07-26 19:00:00,86.4,92.9,70.7,30.2,86,1.2,117,976.1,0.0,India,Delhi,28.6139,77.209
2026-07-26 20:00:00,89.6,95.9,72.4,29.8,88,0.5,180,975.4,0.0,India,Delhi,28.6139,77.209
2026-07-26 21:00:00,91.0,97.8,72.6,29.5,87,2.7,208,975.1,0.0,India,Delhi,28.6139,77.209
2026-07-26 22:00:00,92.2,98.7,70.5,29.4,84,2.1,211,975.0,0.0,India,Delhi,28.6139,77.209
2026-07-26 23:00:00,90.8,96.9,67.1,29.2,84,2.1,211,975.1,0.0,India,Delhi,28.6139,77.209
2026-07-27 00:00:00,82.7,86.6,58.3,29.7,84,2.3,293,975.1,0.0,India,Delhi,28.6139,77.209
2026-07-27 01:00:00,84.1,87.8,54.3,29.9,82,2.4,306,975.2,0.0,India,Delhi,28.6139,77.209
2026-07-27 02:00:00,79.2,84.8,48.4,30.5,79,1.7,302,975.7,0.0,India,Delhi,28.6139,77.209
2026-07-27 03:00:00,65.2,73.6,41.4,31.4,75,2.3,288,975.7,0.0,India,Delhi,28.6139,77.209
2026-07-27 04:00:00,55.9,72.2,32.1,32.4,69,2.1,285,975.6,0.0,India,Delhi,28.6139,77.209
2026-07-27 05:00:00,50.3,66.4,21.7,33.2,65,2.3,299,976.0,0.2,India,Delhi,28.6139,77.209
2026-07-27 06:00:00,46.3,59.8,13.9,34.3,55,1.4,270,975.4,0.1,India,Delhi,28.6139,77.209
2026-07-27 07:00:00,47.5,60.3,10.6,35.1,53,4.2,227,975.5,0.0,India,Delhi,28.6139,77.209
2026-07-27 08:00:00,48.8,61.2,9.9,35.2,54,4.4,232,974.8,0.0,India,Delhi,28.6139,77.209
2026-07-27 09:00:00,50.6,62.6,10.4,35.3,53,5.4,256,973.8,0.0,India,Delhi,28.6139,77.209
2026-07-27 10:00:00,49.8,63.8,11.0,34.2,55,4.5,268,973.2,0.0,India,Delhi,28.6139,77.209
2026-07-27 11:00:00,47.7,63.3,12.7,33.7,58,1.4,310,973.1,0.2,India,Delhi,28.6139,77.209
2026-07-27 12:00:00,50.2,81.3,23.7,33.0,64,2.1,195,973.0,0.0,India,Delhi,28.6139,77.209
2026-07-27 13:00:00,58.7,87.3,33.3,32.0,76,1.6,360,973.0,0.0,India,Delhi,28.6139,77.209
2026-07-27 14:00:00,66.6,96.2,46.2,31.6,78,1.5,111,973.2,0.0,India,Delhi,28.6139,77.209
2026-07-27 15:00:00,68.7,87.5,53.7,31.1,77,6.5,118,974.1,0.0,India,Delhi,28.6139,77.209
2026-07-27 16:00:00,66.6,96.4,50.8,30.0,83,9.6,118,974.7,0.0,India,Delhi,28.6139,77.209
2026-07-27 17:00:00,64.5,120.1,42.5,29.2,84,11.6,132,975.3,0.0,India,Delhi,28.6139,77.209
2026-07-27 18:00:00,61.2,135.0,35.3,30.1,87,10.6,137,974.8,0.1,India,Delhi,28.6139,77.209
2026-07-27 19:00:00,56.5,116.9,31.2,28.4,87,13.3,161,975.2,0.2,India,Delhi,28.6139,77.209
2026-07-27 20:00:00,51.6,90.1,28.1,27.3,92,6.9,135,975.0,0.5,India,Delhi,28.6139,77.209
2026-07-27 21:00:00,49.8,75.7,26.1,27.0,94,10.6,124,974.7,0.5,India,Delhi,28.6139,77.209
2026-07-27 22:00:00,49.4,68.0,25.4,26.3,96,7.6,128,974.4,0.3,India,Delhi,28.6139,77.209
2026-07-27 23:00:00,48.4,62.2,25.7,26.1,97,9.1,122,974.2,0.4,India,Delhi,28.6139,77.209
2026-07-28 00:00:00,55.8,113.6,32.3,28.5,92,7.9,153,973.7,0.2,India,Delhi,28.6139,77.209
2026-07-28 01:00:00,54.0,101.7,32.2,28.5,93,8.0,128,974.4,0.3,India,Delhi,28.6139,77.209
2026-07-28 02:00:00,48.4,83.4,31.8,28.8,93,7.9,184,974.7,0.4,India,Delhi,28.6139,77.209
2026-07-28 03:00:00,44.6,78.2,30.1,28.3,88,12.0,126,975.2,0.8,India,Delhi,28.6139,77.209
2026-07-28 04:00:00,47.5,100.4,25.9,28.1,90,10.5,143,976.0,0.7,India,Delhi,28.6139,77.209
2026-07-28 05:00:00,48.9,108.7,20.4,27.2,94,9.4,148,976.9,3.1,India,Delhi,28.6139,77.209
2026-07-28 06:00:00,44.1,90.3,15.8,27.5,93,8.7,111,976.6,1.4,India,Delhi,28.6139,77.209
2026-07-28 07:00:00,42.0,76.6,12.5,26.7,95,9.1,141,975.9,4.2,India,Delhi,28.6139,77.209
2026-07-28 08:00:00,43.3,70.3,10.1,26.9,93,7.8,146,975.8,2.5,India,Delhi,28.6139,77.209
2026-07-28 09:00:00,43.4,64.5,10.1,26.9,94,4.0,180,974.7,1.7,India,Delhi,28.6139,77.209
2026-07-28 10:00:00,43.5,61.0,12.7,27.3,92,5.1,163,974.2,1.3,India,Delhi,28.6139,77.209
2026-07-28 11:00:00,44.0,59.0,17.6,27.1,94,4.7,162,973.6,0.7,India,Delhi,28.6139,77.209
2026-07-28 12:00:00,34.7,47.7,49.5,31.0,72,3.8,329,973.7,0.2,India,Delhi,28.6139,77.209
2026-07-28 13:00:00,32.4,42.3,57.7,30.2,77,4.3,338,973.8,0.1,India,Delhi,28.6139,77.209
2026-07-28 14:00:00,39.8,46.7,69.0,29.5,83,2.3,45,974.3,0.0,India,Delhi,28.6139,77.209
2026-07-28 15:00:00,47.6,54.5,77.7,28.9,86,3.8,109,975.1,0.0,India,Delhi,28.6139,77.209
2026-07-28 16:00:00,52.7,59.5,81.5,28.6,87,5.2,104,976.0,0.0,India,Delhi,28.6139,77.209
2026-07-28 17:00:00,51.3,56.8,82.8,28.2,88,6.3,105,976.6,0.0,India,Delhi,28.6139,77.209
2026-07-28 18:00:00,47.4,51.5,82.9,27.9,89,2.4,171,976.4,0.0,India,Delhi,28.6139,77.209
2026-07-28 19:00:00,43.8,47.1,82.6,27.7,91,1.7,162,976.2,0.0,India,Delhi,28.6139,77.209
2026-07-28 20:00:00,42.1,45.4,81.2,27.6,91,1.7,108,976.2,0.0,India,Delhi,28.6139,77.209
2026-07-28 21:00:00,44.8,47.8,78.1,27.1,94,5.5,81,975.8,0.4,India,Delhi,28.6139,77.209
2026-07-28 22:00:00,47.8,51.2,72.3,26.7,95,4.7,108,975.8,0.2,India,Delhi,28.6139,77.209
2026-07-28 23:00:00,46.6,49.8,64.8,26.7,95,3.2,128,976.1,0.0,India,Delhi,28.6139,77.209
2026-07-29 00:00:00,47.8,51.3,57.6,26.7,97,2.4,167,975.6,0.0,India,Delhi,28.6139,77.209
2026-07-29 01:00:00,51.1,53.7,52.5,26.4,96,2.3,119,976.2,1.3,India,Delhi,28.6139,77.209
2026-07-29 02:00:00,43.9,47.3,45.4,26.3,99,5.1,113,976.7,1.6,India,Delhi,28.6139,77.209
2026-07-29 03:00:00,38.2,42.3,39.6,26.8,93,2.9,90,977.0,0.6,India,Delhi,28.6139,77.209
2026-07-29 04:00:00,35.5,39.8,36.7,28.0,87,1.8,114,977.2,0.6,India,Delhi,28.6139,77.209
2026-07-29 05:00:00,32.0,36.8,35.0,28.8,84,2.9,112,977.4,0.3,India,Delhi,28.6139,77.209
2026-07-29 06:00:00,31.5,36.6,33.3,30.9,75,1.9,299,977.0,0.1,India,Delhi,28.6139,77.209
2026-07-29 07:00:00,34.0,39.3,30.3,31.7,73,1.1,18,976.7,0.0,India,Delhi,28.6139,77.209
2026-07-29 08:00:00,36.8,43.1,27.3,32.0,72,1.5,14,976.1,0.1,India,Delhi,28.6139,77.209
2026-07-29 09:00:00,39.8,46.4,26.3,32.3,68,1.6,6,975.1,0.1,India,Delhi,28.6139,77.209
2026-07-29 10:00:00,43.5,52.4,26.5,32.5,67,1.9,253,974.5,0.1,India,Delhi,28.6139,77.209
2026-07-29 11:00:00,45.9,53.6,28.8,32.3,67,1.7,13,973.7,0.1,India,Delhi,28.6139,77.209
2026-07-29 12:00:00,59.6,70.3,20.4,32.5,68,5.3,172,973.5,0.1,India,Delhi,28.6139,77.209
2026-07-29 13:00:00,68.0,75.9,32.9,31.7,77,4.3,163,973.5,0.0,India,Delhi,28.6139,77.209
2026-07-29 14:00:00,80.1,85.2,49.9,30.8,82,3.3,144,974.3,0.0,India,Delhi,28.6139,77.209
2026-07-29 15:00:00,75.4,79.6,61.6,30.3,83,4.6,141,975.2,0.0,India,Delhi,28.6139,77.209
2026-07-29 16:00:00,80.3,83.1,63.2,29.8,85,4.5,127,976.0,0.0,India,Delhi,28.6139,77.209
2026-07-29 17:00:00,81.5,83.8,59.5,29.4,88,3.5,118,976.2,0.0,India,Delhi,28.6139,77.209
2026-07-29 18:00:00,80.8,82.7,54.6,29.8,86,7.0,113,975.8,0.0,India,Delhi,28.6139,77.209
2026-07-29 19:00:00,77.8,79.4,49.2,29.2,89,7.5,107,975.4,0.0,India,Delhi,28.6139,77.209
2026-07-29 20:00:00,74.7,75.9,42.6,28.0,85,2.5,356,975.5,0.0,India,Delhi,28.6139,77.209
2026-07-29 21:00:00,71.7,72.9,37.6,25.5,96,1.9,34,975.3,6.1,India,Delhi,28.6139,77.209
2026-07-29 22:00:00,69.2,70.1,35.4,26.1,95,2.7,138,974.8,0.6,India,Delhi,28.6139,77.209
2026-07-29 23:00:00,67.5,68.2,34.7,26.3,97,1.9,107,974.8,0.1,India,Delhi,28.6139,77.209
2026-07-30 00:00:00,70.5,70.8,38.8,28.3,95,0.8,207,974.2,0.0,India,Delhi,28.6139,77.209
2026-07-30 01:00:00,73.3,73.8,37.8,28.4,95,2.1,31,974.6,0.8,India,Delhi,28.6139,77.209
2026-07-30 02:00:00,68.2,68.7,36.3,28.4,89,11.5,132,975.5,1.0,India,Delhi,28.6139,77.209
2026-07-30 03:00:00,52.4,52.9,33.0,29.2,85,9.1,144,976.0,0.4,India,Delhi,28.6139,77.209
2026-07-30 04:00:00,47.0,47.5,26.6,30.4,78,5.8,166,976.2,0.1,India,Delhi,28.6139,77.209
2026-07-30 05:00:00,43.2,45.1,18.5,31.6,72,6.9,155,976.5,0.0,India,Delhi,28.6139,77.209
2026-07-30 06:00:00,41.8,42.8,12.3,32.8,64,6.1,120,976.4,0.0,India,Delhi,28.6139,77.209
2026-07-30 07:00:00,41.1,43.9,9.3,32.9,63,7.7,115,976.0,0.1,India,Delhi,28.6139,77.209
2026-07-30 08:00:00,41.9,52.2,8.2,32.0,67,7.5,138,975.8,0.6,India,Delhi,28.6139,77.209
2026-07-30 09:00:00,42.1,55.9,8.6,32.8,64,4.6,111,974.8,0.1,India,Delhi,28.6139,77.209
2026-07-30 10:00:00,41.2,55.2,10.6,33.1,62,5.0,105,973.9,0.1,India,Delhi,28.6139,77.209
2026-07-30 11:00:00,40.6,53.1,14.2,33.2,61,6.7,104,973.3,0.1,India,Delhi,28.6139,77.209
2026-07-30 12:00:00,40.9,42.7,20.0,31.5,73,9.4,88,973.2,0.0,India,Delhi,28.6139,77.209
2026-07-30 13:00:00,43.8,45.2,28.6,29.0,84,13.0,70,973.7,0.7,India,Delhi,28.6139,77.209
2026-07-30 14:00:00,46.4,47.5,40.3,28.5,86,6.8,63,974.5,0.0,India,Delhi,28.6139,77.209
2026-07-30 15:00:00,46.1,46.7,47.9,28.5,88,7.0,67,975.2,0.0,India,Delhi,28.6139,77.209
2026-07-30 16:00:00,45.5,45.9,47.7,28.4,90,7.1,80,976.0,0.0,India,Delhi,28.6139,77.209
2026-07-30 17:00:00,45.8,46.3,43.3,28.3,91,7.9,89,976.3,0.0,India,Delhi,28.6139,77.209
2026-07-30 18:00:00,45.4,46.6,38.4,28.8,90,11.1,104,976.0,0.0,India,Delhi,28.6139,77.209
2026-07-30 19:00:00,43.3,45.2,33.6,28.6,89,11.2,101,975.5,0.0,India,Delhi,28.6139,77.209
2026-07-30 20:00:00,39.3,41.2,28.3,28.4,89,10.5,106,975.5,0.0,India,Delhi,28.6139,77.209
2026-07-30 21:00:00,33.8,34.7,24.1,28.3,88,10.3,103,975.4,0.0,India,Delhi,28.6139,77.209
2026-07-30 22:00:00,29.0,29.5,21.7,28.1,87,10.4,99,975.3,0.0,India,Delhi,28.6139,77.209
2026-07-30 23:00:00,38.3,136.9,20.5,27.9,87,10.9,96,975.6,0.0,India,Delhi,28.6139,77.209
2026-07-31 00:00:00,37.7,146.2,19.9,28.1,84,12.6,107,975.3,0.0,India,Delhi,28.6139,77.209
2026-07-31 01:00:00,32.6,89.4,19.5,27.9,85,10.9,97,975.8,0.0,India,Delhi,28.6139,77.209
2026-07-31 02:00:00,27.4,47.5,18.8,28.6,82,11.2,94,976.3,0.0,India,Delhi,28.6139,77.209
2026-07-31 03:00:00,21.6,25.4,17.3,28.9,80,14.2,98,976.6,0.1,India,Delhi,28.6139,77.209
2026-07-31 04:00:00,20.5,21.8,14.3,29.5,77,14.4,99,976.9,0.2,India,Delhi,28.6139,77.209
2026-07-31 05:00:00,21.3,22.1,10.6,29.8,75,14.4,99,977.0,0.2,India,Delhi,28.6139,77.209
2026-07-31 06:00:00,22.8,23.3,7.9,30.5,72,12.0,99,977.2,0.1,India,Delhi,28.6139,77.209
2026-07-31 07:00:00,22.2,22.6,6.7,31.4,68,14.4,102,976.5,0.1,India,Delhi,28.6139,77.209
2026-07-31 08:00:00,20.8,28.2,6.6,32.0,64,13.6,102,975.8,0.1,India,Delhi,28.6139,77.209
2026-07-31 09:00:00,21.7,30.4,7.3,32.5,63,12.3,101,974.9,0.3,India,Delhi,28.6139,77.209
2026-07-31 10:00:00,20.7,23.7,8.9,32.4,63,12.5,98,974.1,0.3,India,Delhi,28.6139,77.209
2026-07-31 11:00:00,20.2,21.4,11.3,29.4,78,10.4,111,973.3,2.1,India,Delhi,28.6139,77.209
2026-07-31 12:00:00,31.5,32.0,19.2,31.4,73,7.2,90,973.5,1.1,India,Delhi,28.6139,77.209
2026-07-31 13:00:00,35.2,35.5,24.9,30.9,75,7.9,79,974.0,0.0,India,Delhi,28.6139,77.209
2026-07-31 14:00:00,36.7,37.0,32.5,30.0,80,8.7,77,974.7,0.0,India,Delhi,28.6139,77.209
2026-07-31 15:00:00,36.3,36.8,37.1,29.6,83,8.5,77,975.3,0.0,India,Delhi,28.6139,77.209
2026-07-31 16:00:00,34.9,35.6,36.0,29.1,84,11.4,101,976.2,0.3,India,Delhi,28.6139,77.209
2026-07-31 17:00:00,33.4,34.3,31.8,28.8,85,11.1,99,976.5,0.0,India,Delhi,28.6139,77.209
2026-07-31 18:00:00,31.2,32.1,27.7,28.0,87,9.2,87,976.0,0.0,India,Delhi,28.6139,77.209
2026-07-31 19:00:00,28.6,29.5,24.4,27.9,88,10.8,101,976.1,0.0,India,Delhi,28.6139,77.209
2026-07-31 20:00:00,41.2,157.9,21.2,27.1,94,9.4,93,976.0,2.6,India,Delhi,28.6139,77.209
2026-07-31 21:00:00,49.4,225.8,18.9,27.1,92,11.0,96,975.4,0.0,India,Delhi,28.6139,77.209
2026-07-31 22:00:00,52.9,252.4,18.2,27.1,91,11.1,97,975.4,0.0,India,Delhi,28.6139,77.209
2026-07-31 23:00:00,52.4,243.1,18.4,27.2,91,10.3,91,975.6,0.0,India,Delhi,28.6139,77.209
2026-08-01 00:00:00,25.5,26.5,18.9,26.7,95,9.9,95,975.5,0.1,India,Delhi,28.6139,77.209
2026-08-01 01:00:00,26.8,27.8,18.5,27.0,93,10.4,88,975.9,0.0,India,Delhi,28.6139,77.209
2026-08-01 02:00:00,27.5,28.6,17.8,27.1,90,12.0,78,976.4,0.1,India,Delhi,28.6139,77.209
2026-08-01 03:00:00,26.4,27.4,16.4,27.8,87,12.3,96,976.4,0.0,India,Delhi,28.6139,77.209
2026-08-01 04:00:00,25.3,26.0,13.7,29.4,78,12.1,105,976.3,0.1,India,Delhi,28.6139,77.209
2026-08-01 05:00:00,34.8,117.8,10.2,30.6,73,12.2,106,976.3,0.2,India,Delhi,28.6139,77.209
2026-08-01 06:00:00,27.6,44.8,7.8,31.5,70,11.6,105,976.1,0.4,India,Delhi,28.6139,77.209
2026-08-01 07:00:00,30.2,61.0,7.0,32.1,69,11.3,100,975.5,0.1,India,Delhi,28.6139,77.209
2026-08-01 08:00:00,30.5,38.1,7.2,32.4,66,12.5,108,975.0,0.1,India,Delhi,28.6139,77.209
2026-08-01 09:00:00,30.0,33.6,8.1,32.0,64,10.5,82,974.3,0.2,India,Delhi,28.6139,77.209
2026-08-01 10:00:00,29.5,31.3,9.5,31.2,71,9.1,72,973.5,0.7,India,Delhi,28.6139,77.209
2026-08-01 11:00:00,28.8,29.8,11.6,31.4,74,8.0,70,973.1,0.1,India,Delhi,28.6139,77.209
2026-08-01 12:00:00,36.6,55.9,14.6,30.5,78,10.3,87,973.6,0.7,India,Delhi,28.6139,77.209
2026-08-01 13:00:00,41.2,53.3,20.8,30.3,81,7.1,96,974.0,0.1,India,Delhi,28.6139,77.209
2026-08-01 14:00:00,44.9,51.5,29.2,29.7,84,7.0,90,974.3,0.0,India,Delhi,28.6139,77.209
2026-08-01 15:00:00,44.9,48.1,34.8,29.4,86,7.0,87,975.1,0.0,India,Delhi,28.6139,77.209
2026-08-01 16:00:00,43.2,44.4,35.2,29.3,87,8.3,89,975.9,0.0,India,Delhi,28.6139,77.209
2026-08-01 17:00:00,40.7,41.2,32.8,29.2,87,9.9,111,976.3,0.0,India,Delhi,28.6139,77.209
2026-08-01 18:00:00,40.3,40.4,29.7,27.2,89,12.1,93,976.3,0.0,India,Delhi,28.6139,77.209
2026-08-01 19:00:00,37.4,37.6,25.8,26.7,90,11.0,108,975.9,0.2,India,Delhi,28.6139,77.209
2026-08-01 20:00:00,35.0,35.5,21.1,26.7,92,8.8,121,976.3,0.3,India,Delhi,28.6139,77.209
2026-08-01 21:00:00,34.6,35.4,17.8,26.9,93,7.9,106,976.0,0.3,India,Delhi,28.6139,77.209
2026-08-01 22:00:00,35.3,36.6,17.0,26.7,94,6.5,104,975.4,0.1,India,Delhi,28.6139,77.209
2026-08-01 23:00:00,35.9,37.5,17.6,26.8,94,6.9,118,976.1,0.0,India,Delhi,28.6139,77.209
