time,pm2_5,pm10,nitrogen_dioxide,temperature_2m,relative_humidity_2m,wind_speed_10m,wind_direction_10m,surface_pressure,precipitation,country,city,latitude,longitude
2026-05-01 00:00:00,16.1,16.2,13.2,12.4,100,10.9,322,829.1,0.0,South Africa,Johannesburg,-26.2041,28.0473
2026-05-01 01:00:00,14.8,14.8,12.2,12.4,95,13.0,315,829.0,1.3,South Africa,Johannesburg,-26.2041,28.0473
2026-05-01 02:00:00,10.9,11.0,11.0,12.1,98,12.5,275,828.8,3.0,South Africa,Johannesburg,-26.2041,28.0473
2026-05-01 03:00:00,9.5,9.5,10.9,11.6,96,8.7,253,828.4,2.2,South Africa,Johannesburg,-26.2041,28.0473
2026-05-01 04:00:00,8.7,8.7,13.5,11.7,95,4.0,339,828.1,0.9,South Africa,Johannesburg,-26.2041,28.0473
2026-05-01 05:00:00,10.7,10.7,17.2,11.8,94,9.3,351,828.0,0.3,South Africa,Johannesburg,-26.2041,28.0473
2026-05-01 06:00:00,8.8,8.8,18.7,12.2,96,8.1,328,829.4,0.2,South Africa,Johannesburg,-26.2041,28.0473
2026-05-01 07:00:00,8.5,8.6,15.8,13.5,87,14.8,322,830.4,0.1,South Africa,Johannesburg,-26.2041,28.0473
2026-05-01 08:00:00,8.6,8.7,10.7,14.3,84,15.8,312,830.9,0.3,South Africa,Johannesburg,-26.2041,28.0473
2026-05-01 09:00:00,7.3,7.3,6.6,16.3,70,15.6,300,831.1,0.0,South Africa,Johannesburg,-26.2041,28.0473
2026-05-01 10:00:00,6.7,6.7,4.6,17.2,64,16.7,295,830.9,0.0,South Africa,Johannesburg,-26.2041,28.0473
2026-05-01 11:00:00,6.0,6.1,3.7,17.8,58,19.2,290,830.7,0.0,South Africa,Johannesburg,-26.2041,28.0473
2026-05-01 12:00:00,7.9,8.1,3.2,19.0,52,16.1,294,830.4,0.0,South Africa,Johannesburg,-26.2041,28.0473
2026-05-01 13:00:00,7.2,7.3,4.3,18.6,50,17.1,292,830.0,0.0,South Africa,Johannesburg,-26.2041,28.0473
2026-05-01 14:00:00,6.3,6.4,6.2,18.3,52,12.4,291,830.3,0.0,South Africa,Johannesburg,-26.2041,28.0473
2026-05-01 15:00:00,8.2,8.3,10.9,17.0,57,7.5,280,829.8,0.0,South Africa,Johannesburg,-26.2041,28.0473
2026-05-01 16:00:00,16.9,16.9,21.0,15.0,67,5.0,283,829.7,0.0,South Africa,Johannesburg,-26.2041,28.0473
2026-05-01 17:00:00,28.7,28.9,34.0,13.9,72,3.6,276,830.2,0.0,South Africa,Johannesburg,-26.2041,28.0473
2026-05-01 18:00:00,39.3,39.6,43.9,13.4,72,1.1,252,830.3,0.0,South Africa,Johannesburg,-26.2041,28.0473
2026-05-01 19:00:00,47.0,47.3,48.3,12.3,73,1.8,246,829.8,0.0,South Africa,Johannesburg,-26.2041,28.0473
2026-05-01 20:00:00,53.7,54.1,49.6,11.6,75,7.9,207,830.2,0.0,South Africa,Johannesburg,-26.2041,28.0473
2026-05-01 21:00:00,57.9,58.2,49.8,10.7,80,7.0,183,830.2,0.0,South Africa,Johannesburg,-26.2041,28.0473
2026-05-01 22:00:00,55.3,55.8,48.7,10.1,84,7.6,177,829.5,0.0,South Africa,Johannesburg,-26.2041,28.0473
2026-05-01 23:00:00,52.5,53.0,46.5,9.6,86,5.8,173,828.9,0.0,South Africa,Johannesburg,-26.2041,28.0473
2026-05-02 00:00:00,46.4,46.9,40.9,9.4,88,7.1,170,828.7,0.0,South Africa,Johannesburg,-26.2041,28.0473
2026-05-02 01:00:00,46.1,46.6,40.5,8.9,89,5.1,172,828.5,0.0,South Africa,Johannesburg,-26.2041,28.0473
2026-05-02 02:00:00,48.8,49.4,40.2,8.7,90,5.4,180,828.5,0.0,South Africa,Johannesburg,-26.2041,28.0473
2026-05-02 03:00:00,53.8,54.4,41.4,8.7,89,5.2,168,828.6,0.0,South Africa,Johannesburg,-26.2041,28.0473
2026-05-02 04:00:00,56.5,57.3,47.2,8.1,90,4.7,157,828.7,0.0,South Africa,Johannesburg,-26.2041,28.0473
2026-05-02 05:00:00,68.9,69.8,54.5,8.6,88,4.9,156,829.5,0.0,South Africa,Johannesburg,-26.2041,28.0473
2026-05-02 06:00:00,75.9,77.3,55.2,11.6,83,5.3,152,831.6,0.0,South Africa,Johannesburg,-26.2041,28.0473
2026-05-02 07:00:00,34.6,35.0,43.0,14.3,67,2.1,165,833.8,0.0,South Africa,Johannesburg,-26.2041,28.0473
2026-05-02 08:00:00,18.8,19.0,24.3,15.6,59,2.9,270,834.4,0.0,South Africa,Johannesburg,-26.2041,28.0473
2026-05-02 09:00:00,14.2,14.3,10.1,16.7,58,6.3,277,834.7,0.0,South Africa,Johannesburg,-26.2041,28.0473
2026-05-02 10:00:00,13.2,13.3,5.2,17.6,56,7.7,286,834.5,0.0,South Africa,Johannesburg,-26.2041,28.0473
2026-05-02 11:00:00,12.8,12.8,4.7,18.2,54,7.7,291,834.3,0.0,South Africa,Johannesburg,-26.2041,28.0473
2026-05-02 12:00:00,9.9,9.9,6.9,18.9,57,6.9,295,833.6,0.0,South Africa,Johannesburg,-26.2041,28.0473
2026-05-02 13:00:00,10.4,10.4,8.2,19.0,57,6.1,289,833.6,0.0,South Africa,Johannesburg,-26.2041,28.0473
2026-05-02 14:00:00,10.6,10.6,10.7,18.9,57,5.9,282,833.5,0.0,South Africa,Johannesburg,-26.2041,28.0473
2026-05-02 15:00:00,12.9,12.9,17.1,17.7,69,2.8,281,833.0,0.0,South Africa,Johannesburg,-26.2041,28.0473
2026-05-02 16:00:00,27.9,27.9,31.2,15.9,70,1.9,287,832.6,0.0,South Africa,Johannesburg,-26.2041,28.0473
2026-05-02 17:00:00,46.4,46.4,49.2,15.0,73,1.5,330,832.9,0.0,South Africa,Johannesburg,-26.2041,28.0473
2026-05-02 18:00:00,60.8,61.7,62.9,14.1,81,4.2,324,833.2,0.0,South Africa,Johannesburg,-26.2041,28.0473
2026-05-02 19:00:00,76.1,77.3,68.1,13.3,81,4.0,273,832.9,0.0,South Africa,Johannesburg,-26.2041,28.0473
2026-05-02 20:00:00,90.6,91.5,69.1,12.7,82,3.6,261,833.0,0.0,South Africa,Johannesburg,-26.2041,28.0473
2026-05-02 21:00:00,98.5,99.4,69.9,12.3,80,2.1,218,832.8,0.0,South Africa,Johannesburg,-26.2041,28.0473
2026-05-02 22:00:00,96.6,97.6,72.3,11.7,79,2.5,201,832.1,0.0,South Africa,Johannesburg,-26.2041,28.0473
2026-05-02 23:00:00,93.1,94.3,74.6,11.1,80,2.2,180,831.5,0.0,South Africa,Johannesburg,-26.2041,28.0473
2026-05-03 00:00:00,116.2,117.8,90.9,10.5,80,2.4,163,830.8,0.0,South Africa,Johannesburg,-26.2041,28.0473
2026-05-03 01:00:00,110.1,111.8,87.6,10.0,81,1.7,162,830.3,0.0,South Africa,Johannesburg,-26.2041,28.0473
2026-05-03 02:00:00,104.8,106.4,83.8,9.9,80,0.6,162,830.2,0.0,South Africa,Johannesburg,-26.2041,28.0473
2026-05-03 03:00:00,100.8,102.7,86.0,9.8,80,0.3,135,830.5,0.0,South Africa,Johannesburg,-26.2041,28.0473
2026-05-03 04:00:00,100.6,102.2,104.9,10.2,78,0.6,124,831.0,0.0,South Africa,Johannesburg,-26.2041,28.0473
2026-05-03 05:00:00,114.8,116.6,129.8,11.2,75,1.3,98,832.1,0.0,South Africa,Johannesburg,-26.2041,28.0473
2026-05-03 06:00:00,136.9,139.2,135.6,14.0,74,3.7,61,834.5,0.0,South Africa,Johannesburg,-26.2041,28.0473
2026-05-03 07:00:00,59.5,60.3,103.4,16.8,66,4.4,351,836.6,0.0,South Africa,Johannesburg,-26.2041,28.0473
2026-05-03 08:00:00,21.8,21.8,52.1,17.7,59,7.3,337,836.8,0.0,South Africa,Johannesburg,-26.2041,28.0473
2026-05-03 09:00:00,16.6,16.6,13.6,18.6,55,7.7,332,837.1,0.0,South Africa,Johannesburg,-26.2041,28.0473
2026-05-03 10:00:00,15.2,15.3,2.0,19.4,53,8.2,328,836.8,0.0,South Africa,Johannesburg,-26.2041,28.0473
2026-05-03 11:00:00,14.0,14.0,3.1,20.2,51,8.4,320,836.6,0.0,South Africa,Johannesburg,-26.2041,28.0473
2026-05-03 12:00:00,9.0,9.0,6.2,20.7,53,8.7,320,835.7,0.0,South Africa,Johannesburg,-26.2041,28.0473
2026-05-03 13:00:00,7.8,7.8,7.2,20.7,53,7.8,320,835.4,0.0,South Africa,Johannesburg,-26.2041,28.0473
2026-05-03 14:00:00,7.2,7.2,9.3,20.3,54,7.6,329,835.1,0.0,South Africa,Johannesburg,-26.2041,28.0473
2026-05-03 15:00:00,10.1,10.2,15.9,18.9,64,6.3,353,834.4,0.0,South Africa,Johannesburg,-26.2041,28.0473
2026-05-03 16:00:00,24.6,24.7,32.2,17.0,72,7.4,354,834.0,0.0,South Africa,Johannesburg,-26.2041,28.0473
2026-05-03 17:00:00,39.1,39.6,53.0,16.0,78,7.2,347,834.1,0.0,South Africa,Johannesburg,-26.2041,28.0473
2026-05-03 18:00:00,47.8,48.5,66.1,15.1,82,5.4,339,833.5,0.0,South Africa,Johannesburg,-26.2041,28.0473
2026-05-03 19:00:00,48.5,49.2,65.0,14.5,83,5.1,350,833.6,0.0,South Africa,Johannesburg,-26.2041,28.0473
2026-05-03 20:00:00,44.9,45.6,56.2,14.1,83,5.4,345,833.2,0.0,South Africa,Johannesburg,-26.2041,28.0473
2026-05-03 21:00:00,38.5,39.3,47.4,14.1,80,5.4,339,833.0,0.0,South Africa,Johannesburg,-26.2041,28.0473
2026-05-03 22:00:00,31.2,31.9,40.5,13.9,79,3.7,349,832.8,0.0,South Africa,Johannesburg,-26.2041,28.0473
2026-05-03 23:00:00,27.8,28.6,33.6,13.9,77,3.6,333,832.3,0.0,South Africa,Johannesburg,-26.2041,28.0473
2026-05-04 00:00:00,41.6,42.3,44.3,13.6,77,4.8,340,831.8,0.0,South Africa,Johannesburg,-26.2041,28.0473
2026-05-04 01:00:00,39.0,39.9,40.6,13.0,79,5.8,346,831.3,0.0,South Africa,Johannesburg,-26.2041,28.0473
2026-05-04 02:00:00,37.3,38.2,35.9,12.4,82,5.4,346,831.1,0.0,South Africa,Johannesburg,-26.2041,28.0473
2026-05-04 03:00:00,37.0,38.0,34.7,12.1,84,4.9,336,830.7,0.0,South Africa,Johannesburg,-26.2041,28.0473
2026-05-04 04:00:00,39.5,40.3,42.3,12.1,84,5.1,337,831.0,0.0,South Africa,Johannesburg,-26.2041,28.0473
2026-05-04 05:00:00,53.7,54.5,53.5,12.3,85,5.1,342,831.5,0.0,South Africa,Johannesburg,-26.2041,28.0473
2026-05-04 06:00:00,60.8,61.7,56.8,15.4,82,7.2,360,833.6,0.0,South Africa,Johannesburg,-26.2041,28.0473
2026-05-04 07:00:00,26.1,26.4,44.2,17.0,80,7.8,347,834.9,0.0,South Africa,Johannesburg,-26.2041,28.0473
2026-05-04 08:00:00,17.6,17.9,23.8,18.2,75,12.4,332,835.1,0.0,South Africa,Johannesburg,-26.2041,28.0473
2026-05-04 09:00:00,14.7,14.9,8.4,19.0,69,13.4,323,834.8,0.1,South Africa,Johannesburg,-26.2041,28.0473
2026-05-04 10:00:00,13.0,13.2,3.6,19.4,66,15.2,321,834.5,0.1,South Africa,Johannesburg,-26.2041,28.0473
2026-05-04 11:00:00,11.5,11.7,3.8,19.9,64,15.1,327,833.7,0.1,South Africa,Johannesburg,-26.2041,28.0473
2026-05-04 12:00:00,10.9,11.2,5.2,20.1,63,14.9,332,832.9,0.1,South Africa,Johannesburg,-26.2041,28.0473
2026-05-04 13:00:00,11.6,12.0,7.2,19.9,62,13.9,324,832.4,0.0,South Africa,Johannesburg,-26.2041,28.0473
2026-05-04 14:00:00,12.3,12.7,10.1,19.3,66,13.1,327,831.7,0.0,South Africa,Johannesburg,-26.2041,28.0473
2026-05-04 15:00:00,14.2,14.6,14.1,18.3,73,10.1,336,831.0,0.0,South Africa,Johannesburg,-26.2041,28.0473
2026-05-04 16:00:00,20.5,20.8,20.8,16.9,78,10.8,312,830.9,0.1,South Africa,Johannesburg,-26.2041,28.0473
2026-05-04 17:00:00,26.4,26.7,28.7,14.7,89,9.2,315,830.9,0.3,South Africa,Johannesburg,-26.2041,28.0473
2026-05-04 18:00:00,25.1,25.4,32.6,15.8,82,10.2,330,830.4,0.0,South Africa,Johannesburg,-26.2041,28.0473
2026-05-04 19:00:00,20.7,20.8,29.3,15.9,80,12.5,332,830.6,0.0,South Africa,Johannesburg,-26.2041,28.0473
2026-05-04 20:00:00,16.3,16.4,22.2,15.6,82,11.1,328,830.2,0.0,South Africa,Johannesburg,-26.2041,28.0473
2026-05-04 21:00:00,12.5,12.6,16.2,15.4,82,10.9,338,829.7,0.0,South Africa,Johannesburg,-26.2041,28.0473
2026-05-04 22:00:00,9.4,9.4,13.4,14.9,84,10.0,352,829.0,0.0,South Africa,Johannesburg,-26.2041,28.0473
2026-05-04 23:00:00,8.0,8.0,11.8,14.6,86,11.0,354,828.4,0.0,South Africa,Johannesburg,-26.2041,28.0473
2026-05-05 00:00:00,8.4,8.4,11.7,14.1,87,11.6,353,827.6,0.0,South Africa,Johannesburg,-26.2041,28.0473
2026-05-05 01:00:00,6.1,6.1,10.6,14.0,89,15.8,339,827.7,0.0,South Africa,Johannesburg,-26.2041,28.0473
2026-05-05 02:00:00,4.7,4.8,9.1,13.4,94,17.2,339,827.3,1.7,South Africa,Johannesburg,-26.2041,28.0473
2026-05-05 03:00:00,4.5,4.5,8.8,13.2,96,17.2,349,826.9,0.2,South Africa,Johannesburg,-26.2041,28.0473
2026-05-05 04:00:00,5.0,5.1,11.0,12.6,97,19.3,348,827.1,0.0,South Africa,Johannesburg,-26.2041,28.0473
2026-05-05 05:00:00,8.0,8.1,14.3,12.4,99,17.9,343,827.2,0.1,South Africa,Johannesburg,-26.2041,28.0473
2026-05-05 06:00:00,11.3,11.4,15.9,13.7,92,19.9,340,828.0,0.1,South Africa,Johannesburg,-26.2041,28.0473
2026-05-05 07:00:00,12.3,12.4,14.0,14.4,90,14.4,356,828.0,0.3,South Africa,Johannesburg,-26.2041,28.0473
2026-05-05 08:00:00,11.4,11.5,10.3,16.0,83,17.3,359,828.4,0.0,South Africa,Johannesburg,-26.2041,28.0473
2026-05-05 09:00:00,11.5,11.7,7.5,16.3,77,22.8,348,828.2,0.1,South Africa,Johannesburg,-26.2041,28.0473
2026-05-05 10:00:00,12.1,12.3,6.3,15.4,84,19.9,338,827.0,1.0,South Africa,Johannesburg,-26.2041,28.0473
2026-05-05 11:00:00,10.2,10.4,6.0,15.5,82,23.1,337,826.1,0.2,South Africa,Johannesburg,-26.2041,28.0473
2026-05-05 12:00:00,11.1,11.4,7.1,14.4,93,11.5,302,824.4,0.5,South Africa,Johannesburg,-26.2041,28.0473
2026-05-05 13:00:00,12.0,12.1,9.8,14.0,96,14.2,330,824.6,6.5,South Africa,Johannesburg,-26.2041,28.0473
2026-05-05 14:00:00,13.2,13.3,13.5,13.8,98,18.7,336,823.9,1.2,South Africa,Johannesburg,-26.2041,28.0473
2026-05-05 15:00:00,13.4,13.5,16.4,14.0,97,18.3,338,823.5,0.4,South Africa,Johannesburg,-26.2041,28.0473
2026-05-05 16:00:00,15.2,15.4,17.9,13.5,98,16.5,333,823.5,0.0,South Africa,Johannesburg,-26.2041,28.0473
2026-05-05 17:00:00,17.4,17.6,18.6,13.3,98,14.4,332,823.9,0.1,South Africa,Johannesburg,-26.2041,28.0473
2026-05-05 18:00:00,17.6,17.8,18.3,12.7,92,19.9,261,824.4,1.9,South Africa,Johannesburg,-26.2041,28.0473
2026-05-05 19:00:00,17.8,18.0,16.3,10.6,82,21.6,253,824.4,3.1,South Africa,Johannesburg,-26.2041,28.0473
2026-05-05 20:00:00,15.2,15.5,13.4,9.7,78,14.4,252,824.7,1.5,South Africa,Johannesburg,-26.2041,28.0473
2026-05-05 21:00:00,10.9,11.4,10.8,8.6,78,15.8,246,824.1,1.0,South Africa,Johannesburg,-26.2041,28.0473
2026-05-05 22:00:00,6.9,7.3,9.1,8.2,80,10.1,219,824.1,0.3,South Africa,Johannesburg,-26.2041,28.0473
2026-05-05 23:00:00,6.1,6.4,7.8,6.4,86,9.2,215,823.9,0.1,South Africa,Johannesburg,-26.2041,28.0473
2026-05-06 00:00:00,5.7,5.9,7.5,6.6,95,5.0,249,823.8,0.3,South Africa,Johannesburg,-26.2041,28.0473
2026-05-06 01:00:00,5.1,5.3,8.3,6.7,95,2.7,337,822.6,2.0,South Africa,Johannesburg,-26.2041,28.0473
2026-05-06 02:00:00,5.2,5.6,9.4,7.1,93,6.5,294,822.0,0.0,South Africa,Johannesburg,-26.2041,28.0473
2026-05-06 03:00:00,6.0,6.5,10.8,7.2,95,6.1,298,822.0,0.0,South Africa,Johannesburg,-26.2041,28.0473
2026-05-06 04:00:00,8.4,8.9,13.1,7.3,93,6.5,293,822.6,0.1,South Africa,Johannesburg,-26.2041,28.0473
2026-05-06 05:00:00,15.5,15.9,15.6,7.2,92,6.6,291,822.9,0.1,South Africa,Johannesburg,-26.2041,28.0473
2026-05-06 06:00:00,11.9,12.5,16.5,6.7,86,4.5,286,823.3,0.0,South Africa,Johannesburg,-26.2041,28.0473
2026-05-06 07:00:00,10.3,11.1,14.3,8.2,75,7.9,313,824.2,0.0,South Africa,Johannesburg,-26.2041,28.0473
2026-05-06 08:00:00,11.1,11.5,10.5,9.3,65,9.9,314,824.6,0.0,South Africa,Johannesburg,-26.2041,28.0473
2026-05-06 09:00:00,9.7,10.1,7.2,10.5,58,11.7,313,824.6,0.0,South Africa,Johannesburg,-26.2041,28.0473
2026-05-06 10:00:00,7.3,7.6,5.1,11.5,50,14.2,297,824.5,0.0,South Africa,Johannesburg,-26.2041,28.0473
2026-05-06 11:00:00,5.1,5.3,3.6,11.7,49,16.1,286,824.4,0.0,South Africa,Johannesburg,-26.2041,28.0473
2026-05-06 12:00:00,3.7,3.9,3.2,12.5,41,21.4,296,823.6,0.0,South Africa,Johannesburg,-26.2041,28.0473
2026-05-06 13:00:00,3.2,3.5,4.0,11.7,44,19.4,293,823.4,0.0,South Africa,Johannesburg,-26.2041,28.0473
2026-05-06 14:00:00,3.4,3.7,5.2,10.9,46,17.5,292,823.3,0.0,South Africa,Johannesburg,-26.2041,28.0473
2026-05-06 15:00:00,4.0,4.3,6.9,9.8,51,14.1,289,823.2,0.0,South Africa,Johannesburg,-26.2041,28.0473
2026-05-06 16:00:00,6.5,6.7,9.9,8.3,58,12.0,283,823.3,0.0,South Africa,Johannesburg,-26.2041,28.0473
2026-05-06 17:00:00,8.6,8.8,13.4,7.5,62,12.4,279,823.9,0.0,South Africa,Johannesburg,-26.2041,28.0473
2026-05-06 18:00:00,9.5,9.7,15.4,7.1,65,12.8,286,824.3,0.0,South Africa,Johannesburg,-26.2041,28.0473
2026-05-06 19:00:00,9.0,9.2,14.5,6.4,66,13.2,281,824.3,0.0,South Africa,Johannesburg,-26.2041,28.0473
2026-05-06 20:00:00,8.3,8.4,12.1,5.8,69,14.2,269,824.2,0.0,South Africa,Johannesburg,-26.2041,28.0473
2026-05-06 21:00:00,6.8,7.0,9.9,5.1,72,14.5,255,824.4,0.0,South Africa,Johannesburg,-26.2041,28.0473
2026-05-06 22:00:00,5.0,5.1,8.4,4.6,74,16.2,243,824.2,0.0,South Africa,Johannesburg,-26.2041,28.0473
2026-05-06 23:00:00,4.3,4.4,7.1,4.4,77,17.2,235,824.1,0.0,South Africa,Johannesburg,-26.2041,28.0473
2026-05-07 00:00:00,3.8,3.9,6.5,4.4,81,13.9,240,824.3,0.0,South Africa,Johannesburg,-26.2041,28.0473
2026-05-07 01:00:00,3.5,3.5,6.4,4.2,84,14.4,236,823.9,0.0,South Africa,Johannesburg,-26.2041,28.0473
2026-05-07 02:00:00,3.2,3.3,6.3,4.0,86,12.9,229,824.0,0.0,South Africa,Johannesburg,-26.2041,28.0473
2026-05-07 03:00:00,3.2,3.2,6.6,4.6,85,14.1,224,823.8,0.0,South Africa,Johannesburg,-26.2041,28.0473
2026-05-07 04:00:00,3.6,3.6,7.6,5.0,85,14.4,227,823.8,0.0,South Africa,Johannesburg,-26.2041,28.0473
2026-05-07 05:00:00,5.7,5.8,9.0,4.7,88,14.2,220,823.9,0.0,South Africa,Johannesburg,-26.2041,28.0473
2026-05-07 06:00:00,4.9,5.0,9.6,6.3,82,16.5,224,825.2,0.0,South Africa,Johannesburg,-26.2041,28.0473
2026-05-07 07:00:00,4.2,4.2,8.7,7.6,75,20.7,225,826.2,0.0,South Africa,Johannesburg,-26.2041,28.0473
2026-05-07 08:00:00,4.1,4.1,7.1,8.8,71,19.5,226,826.8,0.0,South Africa,Johannesburg,-26.2041,28.0473
2026-05-07 09:00:00,4.2,4.2,5.7,10.4,63,19.1,226,827.1,0.0,South Africa,Johannesburg,-26.2041,28.0473
2026-05-07 10:00:00,4.3,4.3,4.8,11.5,61,16.7,227,827.2,0.0,South Africa,Johannesburg,-26.2041,28.0473
2026-05-07 11:00:00,4.3,4.3,4.2,12.1,59,16.6,229,827.2,0.0,South Africa,Johannesburg,-26.2041,28.0473
2026-05-07 12:00:00,3.2,3.2,4.1,12.2,56,20.0,231,826.7,0.0,South Africa,Johannesburg,-26.2041,28.0473
2026-05-07 13:00:00,3.0,3.0,4.8,12.4,54,21.2,228,827.0,0.0,South Africa,Johannesburg,-26.2041,28.0473
2026-05-07 14:00:00,3.1,3.2,6.0,11.7,57,18.7,227,826.9,0.0,South Africa,Johannesburg,-26.2041,28.0473
2026-05-07 15:00:00,3.8,3.9,8.1,10.4,62,14.4,222,826.5,0.0,South Africa,Johannesburg,-26.2041,28.0473
2026-05-07 16:00:00,7.1,7.4,12.2,9.2,67,12.0,223,826.4,0.0,South Africa,Johannesburg,-26.2041,28.0473
2026-05-07 17:00:00,10.5,10.8,17.1,8.5,70,12.1,220,826.7,0.0,South Africa,Johannesburg,-26.2041,28.0473
2026-05-07 18:00:00,12.8,13.0,20.2,7.6,77,11.2,217,827.0,0.0,South Africa,Johannesburg,-26.2041,28.0473
2026-05-07 19:00:00,13.2,13.5,20.0,6.9,79,11.8,214,826.9,0.0,South Africa,Johannesburg,-26.2041,28.0473
2026-05-07 20:00:00,12.9,13.3,17.9,6.4,80,13.0,211,826.9,0.0,South Africa,Johannesburg,-26.2041,28.0473
2026-05-07 21:00:00,11.4,11.7,15.5,6.0,81,13.9,205,826.4,0.0,South Africa,Johannesburg,-26.2041,28.0473
2026-05-07 22:00:00,8.5,8.9,12.9,5.5,84,14.4,198,825.9,0.0,South Africa,Johannesburg,-26.2041,28.0473
2026-05-07 23:00:00,6.8,7.2,10.1,5.2,85,15.3,195,825.5,0.0,South Africa,Johannesburg,-26.2041,28.0473
2026-05-08 00:00:00,6.5,6.9,8.5,4.9,83,13.7,190,825.2,0.0,South Africa,Johannesburg,-26.2041,28.0473
2026-05-08 01:00:00,7.0,7.5,8.5,4.4,86,12.8,191,825.2,0.0,South Africa,Johannesburg,-26.2041,28.0473
2026-05-08 02:00:00,8.1,8.6,8.8,4.0,88,10.7,188,825.2,0.0,South Africa,Johannesburg,-26.2041,28.0473
2026-05-08 03:00:00,9.8,10.3,10.5,3.6,90,7.3,191,825.2,0.0,South Africa,Johannesburg,-26.2041,28.0473
2026-05-08 04:00:00,13.0,13.6,15.7,2.9,92,4.8,200,825.5,0.0,South Africa,Johannesburg,-26.2041,28.0473
2026-05-08 05:00:00,23.9,24.4,22.5,3.0,92,4.6,211,825.8,0.0,South Africa,Johannesburg,-26.2041,28.0473
2026-05-08 06:00:00,29.7,30.4,25.6,6.1,86,4.5,227,827.5,0.0,South Africa,Johannesburg,-26.2041,28.0473
2026-05-08 07:00:00,13.0,14.0,21.8,8.4,75,4.9,219,829.0,0.0,South Africa,Johannesburg,-26.2041,28.0473
2026-05-08 08:00:00,8.9,9.7,14.4,9.8,62,6.7,224,829.7,0.0,South Africa,Johannesburg,-26.2041,28.0473
2026-05-08 09:00:00,9.3,9.9,8.7,10.9,57,6.7,251,829.7,0.0,South Africa,Johannesburg,-26.2041,28.0473
2026-05-08 10:00:00,9.5,9.9,6.5,11.9,53,7.0,267,829.5,0.0,South Africa,Johannesburg,-26.2041,28.0473
2026-05-08 11:00:00,9.6,10.0,6.0,12.7,50,7.9,267,829.1,0.0,South Africa,Johannesburg,-26.2041,28.0473
2026-05-08 12:00:00,8.6,8.6,6.7,13.7,49,7.9,266,828.2,0.0,South Africa,Johannesburg,-26.2041,28.0473
2026-05-08 13:00:00,7.9,7.9,7.2,13.8,48,8.6,270,828.2,0.0,South Africa,Johannesburg,-26.2041,28.0473
2026-05-08 14:00:00,7.1,7.1,8.4,13.4,50,8.3,272,828.1,0.0,South Africa,Johannesburg,-26.2041,28.0473
2026-05-08 15:00:00,8.8,8.8,13.6,12.4,58,4.9,270,827.6,0.0,South Africa,Johannesburg,-26.2041,28.0473
2026-05-08 16:00:00,23.3,23.5,26.3,10.6,68,3.8,221,827.0,0.0,South Africa,Johannesburg,-26.2041,28.0473
2026-05-08 17:00:00,42.6,43.2,42.9,9.9,68,2.6,335,827.4,0.0,South Africa,Johannesburg,-26.2041,28.0473
2026-05-08 18:00:00,62.2,62.6,55.7,9.5,75,6.9,335,827.6,0.0,South Africa,Johannesburg,-26.2041,28.0473
2026-05-08 19:00:00,76.1,76.6,61.6,8.7,77,5.4,300,827.4,0.0,South Africa,Johannesburg,-26.2041,28.0473
2026-05-08 20:00:00,85.4,85.9,63.7,8.1,77,5.6,285,827.3,0.0,South Africa,Johannesburg,-26.2041,28.0473
2026-05-08 21:00:00,84.5,85.0,63.3,7.5,77,5.4,276,826.6,0.0,South Africa,Johannesburg,-26.2041,28.0473
2026-05-08 22:00:00,75.9,76.4,60.2,7.0,78,5.6,295,826.0,0.0,South Africa,Johannesburg,-26.2041,28.0473
2026-05-08 23:00:00,67.1,67.3,54.6,6.7,79,6.0,287,825.8,0.0,South Africa,Johannesburg,-26.2041,28.0473
2026-05-09 00:00:00,59.5,59.8,50.2,6.2,78,6.3,263,825.5,0.0,South Africa,Johannesburg,-26.2041,28.0473
2026-05-09 01:00:00,51.7,52.0,46.4,5.6,74,5.8,256,824.9,0.0,South Africa,Johannesburg,-26.2041,28.0473
2026-05-09 02:00:00,46.0,46.3,41.4,5.2,72,6.0,261,824.5,0.0,South Africa,Johannesburg,-26.2041,28.0473
2026-05-09 03:00:00,43.9,44.4,39.8,5.0,69,6.0,303,824.6,0.0,South Africa,Johannesburg,-26.2041,28.0473
2026-05-09 04:00:00,48.0,48.3,46.9,5.0,67,6.0,333,824.9,0.0,South Africa,Johannesburg,-26.2041,28.0473
2026-05-09 05:00:00,67.1,67.5,57.4,5.6,66,6.3,340,825.6,0.0,South Africa,Johannesburg,-26.2041,28.0473
2026-05-09 06:00:00,78.5,79.4,60.1,8.9,71,9.9,350,828.2,0.0,South Africa,Johannesburg,-26.2041,28.0473
2026-05-09 07:00:00,33.1,34.1,46.8,10.9,68,10.0,345,829.8,0.0,South Africa,Johannesburg,-26.2041,28.0473
2026-05-09 08:00:00,16.2,16.2,25.7,12.4,62,11.8,340,830.7,0.0,South Africa,Johannesburg,-26.2041,28.0473
2026-05-09 09:00:00,12.5,12.5,9.7,13.7,57,12.2,344,830.6,0.0,South Africa,Johannesburg,-26.2041,28.0473
2026-05-09 10:00:00,10.8,10.9,4.4,14.6,54,12.7,335,830.3,0.0,South Africa,Johannesburg,-26.2041,28.0473
2026-05-09 11:00:00,9.3,9.4,4.2,15.4,51,12.5,330,830.2,0.0,South Africa,Johannesburg,-26.2041,28.0473
2026-05-09 12:00:00,8.4,9.1,4.9,16.3,48,13.9,327,829.4,0.0,South Africa,Johannesburg,-26.2041,28.0473
2026-05-09 13:00:00,8.2,8.9,7.1,16.2,48,13.6,330,829.1,0.0,South Africa,Johannesburg,-26.2041,28.0473
2026-05-09 14:00:00,8.8,9.6,10.6,15.7,50,12.3,335,828.5,0.0,South Africa,Johannesburg,-26.2041,28.0473
2026-05-09 15:00:00,12.0,12.6,15.7,14.3,57,10.1,341,827.8,0.0,South Africa,Johannesburg,-26.2041,28.0473
2026-05-09 16:00:00,18.6,19.2,24.5,12.6,64,10.6,345,827.4,0.0,South Africa,Johannesburg,-26.2041,28.0473
2026-05-09 17:00:00,24.9,25.5,35.0,12.0,66,10.0,342,827.5,0.0,South Africa,Johannesburg,-26.2041,28.0473
2026-05-09 18:00:00,27.9,28.7,41.6,11.9,62,10.6,346,827.3,0.0,South Africa,Johannesburg,-26.2041,28.0473
2026-05-09 19:00:00,27.9,28.8,41.5,11.5,64,10.3,355,827.1,0.0,South Africa,Johannesburg,-26.2041,28.0473
2026-05-09 20:00:00,26.9,27.7,37.5,10.9,66,11.3,9,826.6,0.0,South Africa,Johannesburg,-26.2041,28.0473
2026-05-09 21:00:00,23.7,24.6,32.7,10.5,70,11.9,11,826.3,0.0,South Africa,Johannesburg,-26.2041,28.0473
2026-05-09 22:00:00,18.6,19.3,27.2,10.2,71,12.3,12,826.0,0.0,South Africa,Johannesburg,-26.2041,28.0473
2026-05-09 23:00:00,14.5,15.2,20.9,10.0,71,12.4,8,825.6,0.0,South Africa,Johannesburg,-26.2041,28.0473
2026-05-10 00:00:00,10.9,11.4,15.7,9.7,71,13.9,1,825.3,0.0,South Africa,Johannesburg,-26.2041,28.0473
2026-05-10 01:00:00,8.4,8.6,13.9,9.5,70,13.3,359,824.9,0.0,South Africa,Johannesburg,-26.2041,28.0473
2026-05-10 02:00:00,6.9,7.1,11.6,9.2,70,11.5,1,824.6,0.0,South Africa,Johannesburg,-26.2041,28.0473
2026-05-10 03:00:00,6.1,6.3,10.5,9.0,70,11.1,7,824.4,0.0,South Africa,Johannesburg,-26.2041,28.0473
2026-05-10 04:00:00,6.3,6.5,12.2,8.7,70,10.9,6,824.3,0.0,South Africa,Johannesburg,-26.2041,28.0473
2026-05-10 05:00:00,9.6,9.8,15.0,8.8,70,11.9,6,824.7,0.0,South Africa,Johannesburg,-26.2041,28.0473
2026-05-10 06:00:00,11.6,11.9,16.3,11.1,63,13.7,5,826.0,0.0,South Africa,Johannesburg,-26.2041,28.0473
2026-05-10 07:00:00,13.5,13.9,14.2,12.8,62,13.4,5,827.1,0.0,South Africa,Johannesburg,-26.2041,28.0473
2026-05-10 08:00:00,11.0,11.1,10.6,14.6,57,15.4,355,827.6,0.0,South Africa,Johannesburg,-26.2041,28.0473
2026-05-10 09:00:00,9.3,9.4,7.5,16.2,55,17.4,349,827.6,0.0,South Africa,Johannesburg,-26.2041,28.0473
2026-05-10 10:00:00,7.7,7.9,5.7,17.5,51,21.8,339,827.3,0.0,South Africa,Johannesburg,-26.2041,28.0473
2026-05-10 11:00:00,6.3,6.5,4.6,18.4,48,27.1,333,826.7,0.0,South Africa,Johannesburg,-26.2041,28.0473
2026-05-10 12:00:00,4.5,4.8,4.3,19.2,49,30.0,322,825.4,0.0,South Africa,Johannesburg,-26.2041,28.0473
2026-05-10 13:00:00,4.0,4.2,5.1,19.5,45,24.4,323,824.8,0.0,South Africa,Johannesburg,-26.2041,28.0473
2026-05-10 14:00:00,4.0,4.3,6.7,18.6,49,26.1,314,824.9,0.1,South Africa,Johannesburg,-26.2041,28.0473
2026-05-10 15:00:00,4.8,5.1,8.7,16.6,58,19.6,303,825.0,0.4,South Africa,Johannesburg,-26.2041,28.0473
2026-05-10 16:00:00,6.3,6.7,11.7,16.1,59,16.3,305,824.9,0.0,South Africa,Johannesburg,-26.2041,28.0473
2026-05-10 17:00:00,9.1,9.4,15.2,15.2,56,15.0,290,825.2,0.0,South Africa,Johannesburg,-26.2041,28.0473
2026-05-10 18:00:00,11.1,11.5,17.1,14.6,44,17.5,284,825.7,0.0,South Africa,Johannesburg,-26.2041,28.0473
2026-05-10 19:00:00,10.6,11.0,16.2,13.4,33,17.6,269,825.8,0.0,South Africa,Johannesburg,-26.2041,28.0473
2026-05-10 20:00:00,9.8,10.1,13.8,11.6,38,17.5,251,825.7,0.0,South Africa,Johannesburg,-26.2041,28.0473
2026-05-10 21:00:00,7.8,7.9,11.5,10.2,47,17.7,242,825.3,0.0,South Africa,Johannesburg,-26.2041,28.0473
2026-05-10 22:00:00,4.8,4.9,9.6,9.2,52,17.9,234,825.2,0.0,South Africa,Johannesburg,-26.2041,28.0473
2026-05-10 23:00:00,3.7,3.7,7.7,8.1,61,17.2,223,825.1,0.0,South Africa,Johannesburg,-26.2041,28.0473
2026-05-11 00:00:00,4.2,4.4,6.6,6.7,74,18.0,214,825.2,0.0,South Africa,Johannesburg,-26.2041,28.0473
2026-05-11 01:00:00,4.1,4.3,6.4,6.0,77,21.4,212,825.6,0.0,South Africa,Johannesburg,-26.2041,28.0473
2026-05-11 02:00:00,4.2,4.4,6.3,5.3,79,19.6,212,825.0,0.0,South Africa,Johannesburg,-26.2041,28.0473
2026-05-11 03:00:00,4.1,4.4,6.8,5.3,77,21.0,216,825.0,0.0,South Africa,Johannesburg,-26.2041,28.0473
2026-05-11 04:00:00,4.9,5.2,8.8,5.2,75,19.0,218,825.1,0.0,South Africa,Johannesburg,-26.2041,28.0473
2026-05-11 05:00:00,8.1,8.5,11.4,5.1,73,17.9,217,825.7,0.0,South Africa,Johannesburg,-26.2041,28.0473
2026-05-11 06:00:00,12.0,12.5,12.6,6.9,68,13.8,216,827.5,0.0,South Africa,Johannesburg,-26.2041,28.0473
2026-05-11 07:00:00,9.5,10.3,11.1,8.6,61,13.2,215,829.2,0.0,South Africa,Johannesburg,-26.2041,28.0473
2026-05-11 08:00:00,8.0,9.0,8.2,10.4,50,12.6,224,829.9,0.0,South Africa,Johannesburg,-26.2041,28.0473
2026-05-11 09:00:00,7.3,8.2,6.0,12.0,43,12.3,233,830.5,0.0,South Africa,Johannesburg,-26.2041,28.0473
2026-05-11 10:00:00,7.0,7.8,5.0,13.4,38,13.2,238,830.7,0.0,South Africa,Johannesburg,-26.2041,28.0473
2026-05-11 11:00:00,7.1,7.6,4.8,14.5,34,13.5,247,830.7,0.0,South Africa,Johannesburg,-26.2041,28.0473
2026-05-11 12:00:00,4.9,4.9,4.9,16.0,30,13.6,262,830.1,0.0,South Africa,Johannesburg,-26.2041,28.0473
2026-05-11 13:00:00,4.9,4.9,6.2,16.1,30,13.3,260,829.9,0.0,South Africa,Johannesburg,-26.2041,28.0473
2026-05-11 14:00:00,4.9,4.9,8.3,15.5,32,12.4,257,829.5,0.0,South Africa,Johannesburg,-26.2041,28.0473
2026-05-11 15:00:00,6.2,6.2,11.9,14.0,39,7.8,263,828.8,0.0,South Africa,Johannesburg,-26.2041,28.0473
2026-05-11 16:00:00,11.5,11.6,18.9,11.8,48,6.2,263,828.2,0.0,South Africa,Johannesburg,-26.2041,28.0473
2026-05-11 17:00:00,18.3,18.5,27.4,11.1,48,7.2,267,828.4,0.0,South Africa,Johannesburg,-26.2041,28.0473
2026-05-11 18:00:00,22.6,22.8,32.3,10.6,48,8.9,252,828.6,0.0,South Africa,Johannesburg,-26.2041,28.0473
2026-05-11 19:00:00,21.9,22.1,30.5,9.5,51,8.5,245,828.7,0.0,South Africa,Johannesburg,-26.2041,28.0473
2026-05-11 20:00:00,18.9,19.0,25.2,8.8,54,8.9,246,828.3,0.0,South Africa,Johannesburg,-26.2041,28.0473
2026-05-11 21:00:00,14.6,14.7,20.0,8.4,57,10.6,246,828.0,0.0,South Africa,Johannesburg,-26.2041,28.0473
2026-05-11 22:00:00,9.9,10.0,16.0,7.8,61,11.6,246,827.8,0.0,South Africa,Johannesburg,-26.2041,28.0473
2026-05-11 23:00:00,7.5,7.6,12.3,7.4,63,12.6,242,827.6,0.0,South Africa,Johannesburg,-26.2041,28.0473
2026-05-12 00:00:00,6.5,6.5,9.8,7.1,63,12.1,249,827.4,0.0,South Africa,Johannesburg,-26.2041,28.0473
2026-05-12 01:00:00,5.6,5.7,9.4,6.6,63,12.6,245,827.3,0.0,South Africa,Johannesburg,-26.2041,28.0473
2026-05-12 02:00:00,5.3,5.3,8.9,6.3,64,14.1,231,827.3,0.0,South Africa,Johannesburg,-26.2041,28.0473
2026-05-12 03:00:00,5.4,5.4,9.2,6.0,65,16.5,220,827.3,0.0,South Africa,Johannesburg,-26.2041,28.0473
2026-05-12 04:00:00,6.5,6.5,11.4,5.8,66,17.0,216,827.5,0.0,South Africa,Johannesburg,-26.2041,28.0473
2026-05-12 05:00:00,10.9,10.9,14.3,5.7,67,16.2,212,827.9,0.0,South Africa,Johannesburg,-26.2041,28.0473
2026-05-12 06:00:00,15.8,16.0,15.6,8.3,61,13.1,205,829.5,0.0,South Africa,Johannesburg,-26.2041,28.0473
2026-05-12 07:00:00,11.9,12.4,13.6,10.9,53,13.6,204,831.3,0.0,South Africa,Johannesburg,-26.2041,28.0473
2026-05-12 08:00:00,9.5,10.0,9.9,12.9,47,14.0,209,832.4,0.0,South Africa,Johannesburg,-26.2041,28.0473
2026-05-12 09:00:00,8.3,8.5,7.0,14.4,44,12.2,221,832.8,0.0,South Africa,Johannesburg,-26.2041,28.0473
2026-05-12 10:00:00,7.7,7.8,5.6,15.8,41,11.8,236,832.8,0.0,South Africa,Johannesburg,-26.2041,28.0473
2026-05-12 11:00:00,7.0,7.1,5.1,16.9,37,11.4,252,832.3,0.0,South Africa,Johannesburg,-26.2041,28.0473
2026-05-12 12:00:00,6.4,6.4,5.3,17.9,36,11.4,265,831.7,0.0,South Africa,Johannesburg,-26.2041,28.0473
2026-05-12 13:00:00,5.6,5.7,5.9,18.0,36,12.6,267,831.5,0.0,South Africa,Johannesburg,-26.2041,28.0473
2026-05-12 14:00:00,5.1,5.1,7.3,17.5,37,13.0,264,831.3,0.0,South Africa,Johannesburg,-26.2041,28.0473
2026-05-12 15:00:00,6.3,6.4,11.0,16.3,40,11.2,259,831.0,0.0,South Africa,Johannesburg,-26.2041,28.0473
2026-05-12 16:00:00,12.5,12.6,19.5,14.4,46,8.1,257,830.4,0.0,South Africa,Johannesburg,-26.2041,28.0473
2026-05-12 17:00:00,22.0,22.4,30.3,13.4,50,7.4,257,830.5,0.0,South Africa,Johannesburg,-26.2041,28.0473
2026-05-12 18:00:00,28.6,28.9,37.3,12.9,50,7.7,246,830.7,0.0,South Africa,Johannesburg,-26.2041,28.0473
2026-05-12 19:00:00,29.7,30.0,37.4,12.1,53,8.6,254,830.7,0.0,South Africa,Johannesburg,-26.2041,28.0473
2026-05-12 20:00:00,28.2,28.5,33.8,11.4,56,9.8,257,830.4,0.0,South Africa,Johannesburg,-26.2041,28.0473
2026-05-12 21:00:00,24.3,24.6,29.3,10.8,58,9.7,252,829.9,0.0,South Africa,Johannesburg,-26.2041,28.0473
2026-05-12 22:00:00,18.1,18.3,24.3,10.5,59,11.2,242,829.6,0.0,South Africa,Johannesburg,-26.2041,28.0473
2026-05-12 23:00:00,14.2,14.4,18.5,10.2,59,12.3,239,829.4,0.0,South Africa,Johannesburg,-26.2041,28.0473
2026-05-13 00:00:00,9.2,9.3,12.9,9.5,65,8.6,247,829.0,0.0,South Africa,Johannesburg,-26.2041,28.0473
2026-05-13 01:00:00,7.9,7.9,12.0,9.4,64,10.6,236,828.7,0.0,South Africa,Johannesburg,-26.2041,28.0473
2026-05-13 02:00:00,7.0,7.1,10.7,9.2,65,11.6,234,828.5,0.0,South Africa,Johannesburg,-26.2041,28.0473
2026-05-13 03:00:00,6.6,6.7,10.5,8.7,68,11.3,227,828.2,0.0,South Africa,Johannesburg,-26.2041,28.0473
2026-05-13 04:00:00,7.1,7.2,12.6,8.3,71,11.1,222,828.5,0.0,South Africa,Johannesburg,-26.2041,28.0473
2026-05-13 05:00:00,11.3,11.4,15.6,8.3,71,13.7,214,829.0,0.0,South Africa,Johannesburg,-26.2041,28.0473
2026-05-13 06:00:00,15.7,15.9,16.8,10.9,63,14.8,209,830.9,0.0,South Africa,Johannesburg,-26.2041,28.0473
2026-05-13 07:00:00,11.4,11.9,14.3,13.2,55,15.7,210,832.4,0.0,South Africa,Johannesburg,-26.2041,28.0473
2026-05-13 08:00:00,8.4,9.2,10.1,15.0,47,18.7,214,833.1,0.0,South Africa,Johannesburg,-26.2041,28.0473
2026-05-13 09:00:00,7.2,8.1,6.7,16.4,42,18.4,219,833.5,0.0,South Africa,Johannesburg,-26.2041,28.0473
2026-05-13 10:00:00,6.3,7.2,5.2,17.5,39,18.4,220,833.2,0.0,South Africa,Johannesburg,-26.2041,28.0473
2026-05-13 11:00:00,5.5,6.2,4.7,18.1,36,17.2,224,832.9,0.0,South Africa,Johannesburg,-26.2041,28.0473
2026-05-13 12:00:00,3.6,3.6,5.1,18.9,37,14.5,226,832.6,0.0,South Africa,Johannesburg,-26.2041,28.0473
2026-05-13 13:00:00,3.5,3.5,6.2,18.7,37,14.3,229,832.6,0.0,South Africa,Johannesburg,-26.2041,28.0473
2026-05-13 14:00:00,3.6,3.6,8.0,18.0,39,14.1,228,832.4,0.0,South Africa,Johannesburg,-26.2041,28.0473
2026-05-13 15:00:00,4.3,4.3,11.1,16.8,42,13.1,221,832.2,0.0,South Africa,Johannesburg,-26.2041,28.0473
2026-05-13 16:00:00,8.9,8.9,17.1,15.1,47,10.0,214,832.0,0.0,South Africa,Johannesburg,-26.2041,28.0473
2026-05-13 17:00:00,14.4,14.6,24.4,14.0,51,9.0,202,832.4,0.0,South Africa,Johannesburg,-26.2041,28.0473
2026-05-13 18:00:00,18.1,18.2,29.5,12.8,56,6.3,187,832.3,0.0,South Africa,Johannesburg,-26.2041,28.0473
2026-05-13 19:00:00,20.3,20.4,30.8,11.9,59,7.1,187,832.4,0.0,South Africa,Johannesburg,-26.2041,28.0473
2026-05-13 20:00:00,22.2,22.4,29.9,11.2,62,7.2,184,832.1,0.0,South Africa,Johannesburg,-26.2041,28.0473
2026-05-13 21:00:00,22.1,22.4,27.9,10.5,68,7.6,183,831.7,0.0,South Africa,Johannesburg,-26.2041,28.0473
2026-05-13 22:00:00,17.9,18.2,24.5,9.7,75,6.7,177,831.2,0.0,South Africa,Johannesburg,-26.2041,28.0473
2026-05-13 23:00:00,16.1,16.5,20.1,9.1,78,6.6,169,830.9,0.0,South Africa,Johannesburg,-26.2041,28.0473
2026-05-14 00:00:00,16.5,17.1,16.6,8.5,78,7.5,165,831.0,0.0,South Africa,Johannesburg,-26.2041,28.0473
2026-05-14 01:00:00,17.9,18.5,15.8,7.8,82,5.9,168,830.5,0.0,South Africa,Johannesburg,-26.2041,28.0473
2026-05-14 02:00:00,19.5,20.1,15.0,7.4,84,5.9,162,830.3,0.0,South Africa,Johannesburg,-26.2041,28.0473
2026-05-14 03:00:00,21.9,22.6,16.6,7.3,84,6.8,162,830.4,0.0,South Africa,Johannesburg,-26.2041,28.0473
2026-05-14 04:00:00,26.6,27.3,23.8,7.1,85,7.6,155,830.8,0.0,South Africa,Johannesburg,-26.2041,28.0473
2026-05-14 05:00:00,41.8,42.6,33.3,6.9,87,6.3,143,831.1,0.0,South Africa,Johannesburg,-26.2041,28.0473
2026-05-14 06:00:00,53.8,54.6,38.1,9.7,79,6.9,135,833.3,0.0,South Africa,Johannesburg,-26.2041,28.0473
2026-05-14 07:00:00,22.0,23.4,33.3,12.1,64,4.8,127,835.2,0.0,South Africa,Johannesburg,-26.2041,28.0473
2026-05-14 08:00:00,17.0,18.9,23.7,13.9,56,2.9,120,836.3,0.0,South Africa,Johannesburg,-26.2041,28.0473
2026-05-14 09:00:00,16.5,18.3,16.5,15.6,50,1.2,27,836.4,0.0,South Africa,Johannesburg,-26.2041,28.0473
2026-05-14 10:00:00,16.6,17.6,14.6,17.1,44,3.3,338,836.4,0.0,South Africa,Johannesburg,-26.2041,28.0473
2026-05-14 11:00:00,18.8,19.4,15.2,18.0,41,5.2,331,836.1,0.0,South Africa,Johannesburg,-26.2041,28.0473
2026-05-14 12:00:00,20.4,20.9,15.1,19.0,38,7.6,338,835.4,0.0,South Africa,Johannesburg,-26.2041,28.0473
2026-05-14 13:00:00,21.8,22.3,16.5,19.0,37,8.1,336,835.4,0.0,South Africa,Johannesburg,-26.2041,28.0473
2026-05-14 14:00:00,22.3,22.8,19.0,18.6,37,7.4,337,835.2,0.0,South Africa,Johannesburg,-26.2041,28.0473
2026-05-14 15:00:00,25.1,25.6,25.9,17.4,43,6.0,343,834.8,0.0,South Africa,Johannesburg,-26.2041,28.0473
2026-05-14 16:00:00,41.6,42.0,41.0,15.4,52,5.0,341,834.0,0.0,South Africa,Johannesburg,-26.2041,28.0473
2026-05-14 17:00:00,56.3,56.7,60.4,14.7,53,5.7,328,834.1,0.0,South Africa,Johannesburg,-26.2041,28.0473
2026-05-14 18:00:00,68.5,69.4,75.4,13.8,56,5.7,336,834.2,0.0,South Africa,Johannesburg,-26.2041,28.0473
2026-05-14 19:00:00,84.8,85.7,82.0,13.1,60,3.2,326,834.2,0.0,South Africa,Johannesburg,-26.2041,28.0473
2026-05-14 20:00:00,105.2,106.6,84.2,12.9,60,0.9,11,834.1,0.0,South Africa,Johannesburg,-26.2041,28.0473
2026-05-14 21:00:00,120.1,122.5,85.3,12.4,59,1.2,27,833.8,0.0,South Africa,Johannesburg,-26.2041,28.0473
2026-05-14 22:00:00,126.7,129.0,86.1,11.8,59,3.7,11,833.4,0.0,South Africa,Johannesburg,-26.2041,28.0473
2026-05-14 23:00:00,130.4,132.2,85.8,11.1,60,5.9,20,833.3,0.0,South Africa,Johannesburg,-26.2041,28.0473
2026-05-15 00:00:00,153.2,155.5,90.1,10.4,73,5.6,29,833.0,0.0,South Africa,Johannesburg,-26.2041,28.0473
2026-05-15 01:00:00,144.4,146.7,86.1,9.8,83,4.7,32,832.2,0.0,South Africa,Johannesburg,-26.2041,28.0473
2026-05-15 02:00:00,137.4,139.2,81.2,9.3,88,4.0,39,831.8,0.0,South Africa,Johannesburg,-26.2041,28.0473
2026-05-15 03:00:00,131.3,133.2,81.7,8.9,91,4.6,42,831.4,0.0,South Africa,Johannesburg,-26.2041,28.0473
2026-05-15 04:00:00,130.9,132.7,96.8,8.7,91,4.9,33,831.8,0.0,South Africa,Johannesburg,-26.2041,28.0473
2026-05-15 05:00:00,148.5,150.9,117.3,8.6,92,4.8,29,832.3,0.0,South Africa,Johannesburg,-26.2041,28.0473
2026-05-15 06:00:00,175.1,177.9,121.5,11.5,87,5.0,21,834.7,0.0,South Africa,Johannesburg,-26.2041,28.0473
2026-05-15 07:00:00,75.9,76.4,93.1,14.0,73,4.3,338,836.5,0.0,South Africa,Johannesburg,-26.2041,28.0473
2026-05-15 08:00:00,34.6,34.8,48.5,15.8,57,5.0,308,837.2,0.0,South Africa,Johannesburg,-26.2041,28.0473
2026-05-15 09:00:00,24.0,24.2,14.9,17.2,49,5.1,297,837.3,0.0,South Africa,Johannesburg,-26.2041,28.0473
2026-05-15 10:00:00,21.4,21.5,4.5,18.4,43,5.4,296,837.3,0.0,South Africa,Johannesburg,-26.2041,28.0473
2026-05-15 11:00:00,20.4,20.4,5.1,19.2,40,6.1,302,836.8,0.0,South Africa,Johannesburg,-26.2041,28.0473
2026-05-15 12:00:00,12.5,12.5,10.4,20.0,37,5.1,287,836.3,0.0,South Africa,Johannesburg,-26.2041,28.0473
2026-05-15 13:00:00,12.8,12.8,12.2,20.2,35,5.2,286,836.0,0.0,South Africa,Johannesburg,-26.2041,28.0473
2026-05-15 14:00:00,12.7,12.7,15.3,19.8,35,5.2,284,835.7,0.0,South Africa,Johannesburg,-26.2041,28.0473
2026-05-15 15:00:00,16.3,16.3,22.6,18.8,41,3.5,285,835.3,0.0,South Africa,Johannesburg,-26.2041,28.0473
2026-05-15 16:00:00,38.3,38.3,38.8,16.8,53,2.8,320,834.7,0.0,South Africa,Johannesburg,-26.2041,28.0473
2026-05-15 17:00:00,60.3,60.8,59.1,15.8,59,3.8,352,835.0,0.0,South Africa,Johannesburg,-26.2041,28.0473
2026-05-15 18:00:00,74.0,75.2,71.9,14.8,65,5.6,320,835.1,0.0,South Africa,Johannesburg,-26.2041,28.0473
2026-05-15 19:00:00,79.9,81.0,70.4,13.9,68,5.3,280,835.0,0.0,South Africa,Johannesburg,-26.2041,28.0473
2026-05-15 20:00:00,82.9,84.1,61.5,13.1,71,4.8,248,834.5,0.0,South Africa,Johannesburg,-26.2041,28.0473
2026-05-15 21:00:00,85.4,86.4,54.2,12.5,73,4.7,230,834.1,0.0,South Africa,Johannesburg,-26.2041,28.0473
2026-05-15 22:00:00,84.1,85.0,52.4,11.8,76,4.8,222,833.4,0.0,South Africa,Johannesburg,-26.2041,28.0473
2026-05-15 23:00:00,85.4,86.1,52.2,11.1,79,4.6,219,832.9,0.0,South Africa,Johannesburg,-26.2041,28.0473
2026-05-16 00:00:00,84.5,85.4,48.2,10.7,83,5.2,209,832.5,0.0,South Africa,Johannesburg,-26.2041,28.0473
2026-05-16 01:00:00,76.1,77.1,44.5,10.2,83,5.4,194,832.1,0.0,South Africa,Johannesburg,-26.2041,28.0473
2026-05-16 02:00:00,63.8,64.5,39.5,9.7,83,5.4,178,831.9,0.0,South Africa,Johannesburg,-26.2041,28.0473
2026-05-16 03:00:00,51.7,52.4,35.7,9.5,81,6.7,166,832.1,0.0,South Africa,Johannesburg,-26.2041,28.0473
2026-05-16 04:00:00,43.7,44.4,35.1,8.9,80,6.7,156,832.0,0.0,South Africa,Johannesburg,-26.2041,28.0473
2026-05-16 05:00:00,50.3,50.9,35.8,9.0,75,6.5,150,832.4,0.0,South Africa,Johannesburg,-26.2041,28.0473
2026-05-16 06:00:00,50.2,50.8,34.4,11.9,62,8.8,125,834.8,0.0,South Africa,Johannesburg,-26.2041,28.0473
2026-05-16 07:00:00,25.7,26.5,28.4,14.0,56,6.6,123,836.8,0.0,South Africa,Johannesburg,-26.2041,28.0473
2026-05-16 08:00:00,18.0,18.2,20.3,15.7,50,7.0,113,837.7,0.0,South Africa,Johannesburg,-26.2041,28.0473
2026-05-16 09:00:00,12.2,12.3,14.1,16.9,45,7.2,108,837.9,0.0,South Africa,Johannesburg,-26.2041,28.0473
2026-05-16 10:00:00,9.6,9.7,11.1,17.8,40,6.7,106,837.7,0.0,South Africa,Johannesburg,-26.2041,28.0473
2026-05-16 11:00:00,9.7,9.8,10.0,18.6,37,6.0,99,837.4,0.0,South Africa,Johannesburg,-26.2041,28.0473
2026-05-16 12:00:00,12.9,13.0,8.2,19.0,34,6.5,95,836.7,0.0,South Africa,Johannesburg,-26.2041,28.0473
2026-05-16 13:00:00,13.8,13.9,11.1,19.1,33,5.6,94,836.3,0.0,South Africa,Johannesburg,-26.2041,28.0473
2026-05-16 14:00:00,14.5,14.7,15.1,18.8,33,5.4,94,836.1,0.0,South Africa,Johannesburg,-26.2041,28.0473
2026-05-16 15:00:00,17.9,18.2,19.2,17.8,37,5.2,90,835.8,0.0,South Africa,Johannesburg,-26.2041,28.0473
2026-05-16 16:00:00,29.3,29.5,23.3,16.3,49,1.7,58,835.4,0.0,South Africa,Johannesburg,-26.2041,28.0473
2026-05-16 17:00:00,30.4,30.6,27.3,15.9,47,5.2,90,835.8,0.0,South Africa,Johannesburg,-26.2041,28.0473
2026-05-16 18:00:00,25.7,26.1,29.9,14.7,55,9.6,81,836.1,0.0,South Africa,Johannesburg,-26.2041,28.0473
2026-05-16 19:00:00,22.2,22.6,30.1,13.6,61,10.9,70,836.1,0.0,South Africa,Johannesburg,-26.2041,28.0473
2026-05-16 20:00:00,21.9,22.4,28.9,12.3,71,10.3,78,836.0,0.0,South Africa,Johannesburg,-26.2041,28.0473
2026-05-16 21:00:00,21.6,22.1,27.7,11.3,78,9.5,75,835.8,0.0,South Africa,Johannesburg,-26.2041,28.0473
2026-05-16 22:00:00,19.9,20.5,26.8,10.4,83,9.1,81,835.4,0.0,South Africa,Johannesburg,-26.2041,28.0473
2026-05-16 23:00:00,19.6,20.1,25.9,9.7,88,8.1,85,835.2,0.0,South Africa,Johannesburg,-26.2041,28.0473
2026-05-17 00:00:00,21.1,21.5,26.7,9.4,88,7.7,69,835.4,0.0,South Africa,Johannesburg,-26.2041,28.0473
2026-05-17 01:00:00,21.5,21.8,27.1,8.8,90,6.5,60,834.7,0.0,South Africa,Johannesburg,-26.2041,28.0473
2026-05-17 02:00:00,22.5,22.8,27.6,8.5,91,6.6,64,834.0,0.0,South Africa,Johannesburg,-26.2041,28.0473
2026-05-17 03:00:00,23.8,24.0,28.0,8.2,91,6.1,71,833.8,0.0,South Africa,Johannesburg,-26.2041,28.0473
2026-05-17 04:00:00,25.8,26.0,28.5,7.6,91,4.9,82,833.5,0.0,South Africa,Johannesburg,-26.2041,28.0473
2026-05-17 05:00:00,32.4,32.5,28.9,7.4,91,4.4,99,833.6,0.0,South Africa,Johannesburg,-26.2041,28.0473
2026-05-17 06:00:00,34.8,34.9,28.4,9.7,85,4.3,105,835.4,0.0,South Africa,Johannesburg,-26.2041,28.0473
2026-05-17 07:00:00,38.9,39.1,26.6,12.7,72,3.2,16,837.6,0.0,South Africa,Johannesburg,-26.2041,28.0473
2026-05-17 08:00:00,36.6,37.0,23.8,14.1,66,5.1,324,838.3,0.0,South Africa,Johannesburg,-26.2041,28.0473
2026-05-17 09:00:00,28.2,28.8,20.7,15.3,57,2.4,297,838.3,0.1,South Africa,Johannesburg,-26.2041,28.0473
2026-05-17 10:00:00,28.1,28.6,16.5,16.7,48,1.4,247,838.1,0.0,South Africa,Johannesburg,-26.2041,28.0473
2026-05-17 11:00:00,27.0,27.4,12.0,17.6,42,2.2,222,837.5,0.0,South Africa,Johannesburg,-26.2041,28.0473
2026-05-17 12:00:00,24.4,24.8,9.9,18.1,42,2.0,170,836.7,0.0,South Africa,Johannesburg,-26.2041,28.0473
2026-05-17 13:00:00,24.7,25.0,10.7,18.3,40,2.9,158,836.3,0.0,South Africa,Johannesburg,-26.2041,28.0473
2026-05-17 14:00:00,25.0,25.3,12.2,18.1,38,4.2,155,836.2,0.0,South Africa,Johannesburg,-26.2041,28.0473
2026-05-17 15:00:00,25.9,26.2,17.0,17.5,40,4.2,162,836.0,0.0,South Africa,Johannesburg,-26.2041,28.0473
2026-05-17 16:00:00,46.1,46.3,28.0,16.1,52,2.5,159,835.9,0.0,South Africa,Johannesburg,-26.2041,28.0473
2026-05-17 17:00:00,61.5,61.7,42.3,15.9,50,2.8,165,836.7,0.0,South Africa,Johannesburg,-26.2041,28.0473
2026-05-17 18:00:00,69.2,69.4,53.2,15.1,49,1.5,234,836.5,0.0,South Africa,Johannesburg,-26.2041,28.0473
2026-05-17 19:00:00,79.9,80.1,57.1,13.6,62,1.5,346,836.2,0.0,South Africa,Johannesburg,-26.2041,28.0473
2026-05-17 20:00:00,93.8,94.1,57.6,13.0,69,1.7,328,835.9,0.0,South Africa,Johannesburg,-26.2041,28.0473
2026-05-17 21:00:00,105.7,106.2,58.7,12.2,73,3.1,280,835.3,0.0,South Africa,Johannesburg,-26.2041,28.0473
2026-05-17 22:00:00,111.8,112.0,62.2,11.4,76,4.0,260,834.6,0.0,South Africa,Johannesburg,-26.2041,28.0473
2026-05-17 23:00:00,118.7,119.0,66.3,10.8,79,1.9,202,834.0,0.0,South Africa,Johannesburg,-26.2041,28.0473
2026-05-18 00:00:00,137.4,137.8,69.5,11.5,77,3.0,308,834.4,0.0,South Africa,Johannesburg,-26.2041,28.0473
2026-05-18 01:00:00,146.2,147.1,69.4,10.6,78,3.2,251,833.8,0.0,South Africa,Johannesburg,-26.2041,28.0473
2026-05-18 02:00:00,154.1,155.1,69.4,10.0,81,2.2,246,833.3,0.0,South Africa,Johannesburg,-26.2041,28.0473
2026-05-18 03:00:00,152.3,153.2,71.2,9.6,81,3.2,243,832.9,0.0,South Africa,Johannesburg,-26.2041,28.0473
2026-05-18 04:00:00,146.7,147.1,79.3,9.6,80,2.5,278,833.1,0.0,South Africa,Johannesburg,-26.2041,28.0473
2026-05-18 05:00:00,153.2,154.6,89.1,10.5,75,5.1,337,833.7,0.0,South Africa,Johannesburg,-26.2041,28.0473
2026-05-18 06:00:00,175.1,176.5,88.7,11.7,73,4.1,331,835.3,0.0,South Africa,Johannesburg,-26.2041,28.0473
2026-05-18 07:00:00,88.5,88.9,68.1,12.5,69,4.1,326,836.1,0.0,South Africa,Johannesburg,-26.2041,28.0473
2026-05-18 08:00:00,32.7,33.1,37.2,14.5,60,4.1,308,836.8,0.0,South Africa,Johannesburg,-26.2041,28.0473
2026-05-18 09:00:00,21.0,21.2,14.2,16.3,49,5.0,193,836.9,0.0,South Africa,Johannesburg,-26.2041,28.0473
2026-05-18 10:00:00,18.9,19.0,7.1,17.2,42,5.3,170,836.6,0.0,South Africa,Johannesburg,-26.2041,28.0473
2026-05-18 11:00:00,17.4,17.5,7.8,17.9,38,5.6,165,836.0,0.0,South Africa,Johannesburg,-26.2041,28.0473
2026-05-18 12:00:00,22.9,23.2,8.8,18.1,39,5.1,170,835.1,0.0,South Africa,Johannesburg,-26.2041,28.0473
2026-05-18 13:00:00,22.1,22.4,11.6,18.1,38,7.2,179,834.8,0.0,South Africa,Johannesburg,-26.2041,28.0473
2026-05-18 14:00:00,21.9,22.2,15.8,17.3,41,9.2,173,834.4,0.0,South Africa,Johannesburg,-26.2041,28.0473
2026-05-18 15:00:00,24.6,24.8,20.6,16.3,44,8.8,165,834.3,0.0,South Africa,Johannesburg,-26.2041,28.0473
2026-05-18 16:00:00,37.7,38.0,26.8,15.6,48,9.9,168,834.1,0.0,South Africa,Johannesburg,-26.2041,28.0473
2026-05-18 17:00:00,45.6,45.9,33.6,14.7,53,8.1,174,834.1,0.0,South Africa,Johannesburg,-26.2041,28.0473
2026-05-18 18:00:00,57.0,57.2,38.6,14.1,64,2.4,222,833.9,0.0,South Africa,Johannesburg,-26.2041,28.0473
2026-05-18 19:00:00,70.5,70.8,39.3,14.1,64,1.2,333,834.5,0.0,South Africa,Johannesburg,-26.2041,28.0473
2026-05-18 20:00:00,78.9,79.9,38.1,13.4,70,4.7,353,834.3,0.0,South Africa,Johannesburg,-26.2041,28.0473
2026-05-18 21:00:00,82.9,83.6,40.1,12.9,74,4.7,342,834.0,0.0,South Africa,Johannesburg,-26.2041,28.0473
2026-05-18 22:00:00,89.6,89.9,49.2,12.6,75,4.3,312,833.7,0.0,South Africa,Johannesburg,-26.2041,28.0473
2026-05-18 23:00:00,88.5,88.7,61.4,12.3,74,4.4,277,833.5,0.0,South Africa,Johannesburg,-26.2041,28.0473
2026-05-19 00:00:00,104.3,104.5,67.3,11.3,76,4.2,258,832.6,0.0,South Africa,Johannesburg,-26.2041,28.0473
2026-05-19 01:00:00,108.7,109.0,66.1,11.2,76,4.9,246,832.2,0.0,South Africa,Johannesburg,-26.2041,28.0473
2026-05-19 02:00:00,113.2,113.4,64.7,11.0,77,5.4,249,831.9,0.0,South Africa,Johannesburg,-26.2041,28.0473
2026-05-19 03:00:00,120.6,120.6,65.7,10.6,80,3.4,223,831.7,0.0,South Africa,Johannesburg,-26.2041,28.0473
2026-05-19 04:00:00,131.8,131.8,73.5,10.1,82,1.8,217,831.8,0.0,South Africa,Johannesburg,-26.2041,28.0473
2026-05-19 05:00:00,157.4,158.8,83.7,9.9,84,0.9,90,832.6,0.0,South Africa,Johannesburg,-26.2041,28.0473
2026-05-19 06:00:00,170.0,170.9,86.0,11.0,83,2.9,30,834.2,0.0,South Africa,Johannesburg,-26.2041,28.0473
2026-05-19 07:00:00,92.7,93.1,73.1,12.7,73,3.9,326,835.5,0.0,South Africa,Johannesburg,-26.2041,28.0473
2026-05-19 08:00:00,70.5,71.0,52.3,14.0,58,5.7,342,836.3,0.5,South Africa,Johannesburg,-26.2041,28.0473
2026-05-19 09:00:00,57.2,57.6,35.5,13.7,64,5.4,346,835.8,0.4,South Africa,Johannesburg,-26.2041,28.0473
2026-05-19 10:00:00,44.7,45.2,26.5,14.4,62,3.8,343,835.8,0.3,South Africa,Johannesburg,-26.2041,28.0473
2026-05-19 11:00:00,37.4,37.7,21.4,13.4,69,4.5,355,835.0,0.2,South Africa,Johannesburg,-26.2041,28.0473
2026-05-19 12:00:00,24.2,24.4,11.7,15.5,51,3.4,360,834.9,0.2,South Africa,Johannesburg,-26.2041,28.0473
2026-05-19 13:00:00,23.9,24.2,17.4,15.4,52,4.7,360,834.5,0.1,South Africa,Johannesburg,-26.2041,28.0473
2026-05-19 14:00:00,23.6,23.9,25.8,14.9,54,7.6,348,834.4,0.1,South Africa,Johannesburg,-26.2041,28.0473
2026-05-19 15:00:00,32.0,32.2,35.3,13.8,60,8.4,332,834.4,0.0,South Africa,Johannesburg,-26.2041,28.0473
2026-05-19 16:00:00,56.9,57.2,46.8,12.8,69,2.6,282,834.3,0.0,South Africa,Johannesburg,-26.2041,28.0473
2026-05-19 17:00:00,70.3,70.5,59.4,12.4,70,1.6,276,834.6,0.0,South Africa,Johannesburg,-26.2041,28.0473
2026-05-19 18:00:00,77.3,77.5,69.0,11.4,78,4.0,309,834.5,0.0,South Africa,Johannesburg,-26.2041,28.0473
2026-05-19 19:00:00,87.3,87.5,73.8,11.1,78,4.6,291,834.9,0.0,South Africa,Johannesburg,-26.2041,28.0473
2026-05-19 20:00:00,108.3,108.5,75.6,10.7,79,4.4,263,834.5,0.0,South Africa,Johannesburg,-26.2041,28.0473
2026-05-19 21:00:00,129.9,130.4,75.1,10.1,81,2.3,219,834.0,0.0,South Africa,Johannesburg,-26.2041,28.0473
2026-05-19 22:00:00,132.7,133.2,72.0,9.5,83,3.1,159,833.3,0.0,South Africa,Johannesburg,-26.2041,28.0473
2026-05-19 23:00:00,112.7,112.9,66.5,8.9,87,5.1,138,833.3,0.0,South Africa,Johannesburg,-26.2041,28.0473
2026-05-20 00:00:00,108.5,108.5,64.6,8.5,72,8.8,118,833.6,0.0,South Africa,Johannesburg,-26.2041,28.0473
2026-05-20 01:00:00,72.4,72.4,56.8,8.0,73,8.9,108,833.0,0.0,South Africa,Johannesburg,-26.2041,28.0473
2026-05-20 02:00:00,52.3,52.3,46.0,7.8,79,8.6,105,832.4,0.0,South Africa,Johannesburg,-26.2041,28.0473
2026-05-20 03:00:00,42.0,42.1,38.1,7.6,79,9.2,106,832.5,0.0,South Africa,Johannesburg,-26.2041,28.0473
2026-05-20 04:00:00,37.3,37.5,36.3,7.3,79,9.4,107,832.5,0.0,South Africa,Johannesburg,-26.2041,28.0473
2026-05-20 05:00:00,39.1,39.9,37.3,7.3,78,9.5,104,833.0,0.0,South Africa,Johannesburg,-26.2041,28.0473
2026-05-20 06:00:00,41.3,42.3,36.9,9.2,75,12.0,111,835.1,0.0,South Africa,Johannesburg,-26.2041,28.0473
2026-05-20 07:00:00,32.6,32.9,33.1,11.4,68,8.8,101,837.1,0.0,South Africa,Johannesburg,-26.2041,28.0473
2026-05-20 08:00:00,19.8,19.9,27.9,13.4,52,8.8,88,838.1,0.0,South Africa,Johannesburg,-26.2041,28.0473
2026-05-20 09:00:00,12.3,12.4,23.2,14.7,44,6.5,87,838.3,0.0,South Africa,Johannesburg,-26.2041,28.0473
2026-05-20 10:00:00,10.0,10.1,19.0,15.5,39,5.6,96,838.0,0.0,South Africa,Johannesburg,-26.2041,28.0473
2026-05-20 11:00:00,9.5,9.6,15.2,16.1,39,6.0,97,837.5,0.0,South Africa,Johannesburg,-26.2041,28.0473
2026-05-20 12:00:00,7.2,7.5,8.9,16.6,40,7.6,102,836.9,0.0,South Africa,Johannesburg,-26.2041,28.0473
2026-05-20 13:00:00,7.6,7.8,11.9,16.6,40,7.3,101,836.6,0.0,South Africa,Johannesburg,-26.2041,28.0473
2026-05-20 14:00:00,8.2,8.5,16.4,16.2,40,7.9,102,836.4,0.0,South Africa,Johannesburg,-26.2041,28.0473
2026-05-20 15:00:00,12.4,12.6,23.2,15.2,45,5.6,115,836.1,0.0,South Africa,Johannesburg,-26.2041,28.0473
2026-05-20 16:00:00,32.6,33.1,34.8,13.6,55,4.6,111,835.7,0.0,South Africa,Johannesburg,-26.2041,28.0473
2026-05-20 17:00:00,55.2,55.8,48.7,13.3,58,0.9,217,835.9,0.0,South Africa,Johannesburg,-26.2041,28.0473
2026-05-20 18:00:00,66.4,67.5,57.3,12.4,59,6.6,119,835.9,0.0,South Africa,Johannesburg,-26.2041,28.0473
2026-05-20 19:00:00,54.9,55.8,56.4,11.7,60,9.1,99,836.3,0.0,South Africa,Johannesburg,-26.2041,28.0473
2026-05-20 20:00:00,43.1,44.0,50.3,10.7,63,9.6,78,836.2,0.0,South Africa,Johannesburg,-26.2041,28.0473
2026-05-20 21:00:00,36.8,37.6,44.4,9.9,67,10.3,85,835.9,0.0,South Africa,Johannesburg,-26.2041,28.0473
2026-05-20 22:00:00,30.6,31.4,40.2,9.3,71,10.1,87,835.4,0.0,South Africa,Johannesburg,-26.2041,28.0473
2026-05-20 23:00:00,26.5,27.3,36.3,8.8,74,9.4,87,834.7,0.0,South Africa,Johannesburg,-26.2041,28.0473
2026-05-21 00:00:00,24.9,26.1,30.0,8.6,75,10.0,77,834.8,0.0,South Africa,Johannesburg,-26.2041,28.0473
2026-05-21 01:00:00,23.3,24.5,30.6,8.1,78,8.6,64,834.1,0.0,South Africa,Johannesburg,-26.2041,28.0473
2026-05-21 02:00:00,22.6,23.6,31.4,7.8,80,6.9,60,833.5,0.0,South Africa,Johannesburg,-26.2041,28.0473
2026-05-21 03:00:00,22.7,23.7,32.8,7.4,83,5.9,52,833.2,0.0,South Africa,Johannesburg,-26.2041,28.0473
2026-05-21 04:00:00,24.9,25.8,35.8,7.1,85,5.8,56,833.4,0.0,South Africa,Johannesburg,-26.2041,28.0473
2026-05-21 05:00:00,36.2,37.3,39.2,6.9,87,5.9,67,833.6,0.0,South Africa,Johannesburg,-26.2041,28.0473
2026-05-21 06:00:00,39.8,40.9,40.0,8.5,85,8.0,63,835.3,0.0,South Africa,Johannesburg,-26.2041,28.0473
2026-05-21 07:00:00,33.4,35.0,35.9,10.9,77,7.9,39,837.1,0.0,South Africa,Johannesburg,-26.2041,28.0473
2026-05-21 08:00:00,25.3,26.7,29.2,12.4,68,9.1,15,838.0,0.0,South Africa,Johannesburg,-26.2041,28.0473
2026-05-21 09:00:00,20.3,21.1,23.3,13.7,60,8.7,6,838.1,0.0,South Africa,Johannesburg,-26.2041,28.0473
2026-05-21 10:00:00,17.2,17.6,19.0,14.5,56,7.9,1,837.8,0.0,South Africa,Johannesburg,-26.2041,28.0473
2026-05-21 11:00:00,15.4,15.7,15.7,14.6,54,6.7,346,837.3,0.0,South Africa,Johannesburg,-26.2041,28.0473
2026-05-21 12:00:00,13.1,13.5,16.3,15.5,48,8.0,8,836.5,0.0,South Africa,Johannesburg,-26.2041,28.0473
2026-05-21 13:00:00,13.4,14.1,17.8,15.5,47,9.0,1,836.3,0.0,South Africa,Johannesburg,-26.2041,28.0473
2026-05-21 14:00:00,14.5,15.5,20.2,15.0,50,10.3,1,836.2,0.0,South Africa,Johannesburg,-26.2041,28.0473
2026-05-21 15:00:00,17.7,18.7,24.5,14.0,55,9.7,350,835.9,0.0,South Africa,Johannesburg,-26.2041,28.0473
2026-05-21 16:00:00,29.0,30.2,32.8,12.8,64,9.2,339,835.8,0.0,South Africa,Johannesburg,-26.2041,28.0473
2026-05-21 17:00:00,36.0,37.5,43.1,12.2,69,8.2,350,836.0,0.0,South Africa,Johannesburg,-26.2041,28.0473
2026-05-21 18:00:00,39.2,40.7,50.3,10.7,79,4.4,12,835.3,0.0,South Africa,Johannesburg,-26.2041,28.0473
2026-05-21 19:00:00,41.1,42.5,52.1,10.6,79,3.9,22,835.1,0.0,South Africa,Johannesburg,-26.2041,28.0473
2026-05-21 20:00:00,41.8,43.2,50.9,10.2,80,4.5,2,835.0,0.0,South Africa,Johannesburg,-26.2041,28.0473
2026-05-21 21:00:00,40.0,41.4,48.2,10.2,80,5.8,9,834.9,0.0,South Africa,Johannesburg,-26.2041,28.0473
2026-05-21 22:00:00,35.0,36.4,44.0,9.8,83,7.4,14,834.6,0.0,South Africa,Johannesburg,-26.2041,28.0473
2026-05-21 23:00:00,32.4,33.8,38.4,9.2,87,7.8,22,833.9,0.0,South Africa,Johannesburg,-26.2041,28.0473
2026-05-22 00:00:00,25.1,26.5,30.7,9.1,88,6.8,22,833.3,0.0,South Africa,Johannesburg,-26.2041,28.0473
2026-05-22 01:00:00,22.4,23.9,28.0,8.2,91,5.2,4,832.8,0.0,South Africa,Johannesburg,-26.2041,28.0473
2026-05-22 02:00:00,21.8,23.3,24.6,7.6,93,3.2,333,832.2,0.0,South Africa,Johannesburg,-26.2041,28.0473
2026-05-22 03:00:00,23.6,25.3,24.4,7.5,95,2.2,305,832.4,0.0,South Africa,Johannesburg,-26.2041,28.0473
2026-05-22 04:00:00,28.0,29.8,32.0,7.5,95,2.3,331,832.7,0.0,South Africa,Johannesburg,-26.2041,28.0473
2026-05-22 05:00:00,46.9,48.9,42.9,7.6,96,2.9,7,833.0,0.0,South Africa,Johannesburg,-26.2041,28.0473
2026-05-22 06:00:00,61.0,63.1,47.1,10.0,90,3.7,14,834.7,0.0,South Africa,Johannesburg,-26.2041,28.0473
2026-05-22 07:00:00,29.8,33.1,37.9,11.8,79,4.0,333,835.9,0.0,South Africa,Johannesburg,-26.2041,28.0473
2026-05-22 08:00:00,20.6,24.2,22.2,13.0,70,6.1,337,836.3,0.0,South Africa,Johannesburg,-26.2041,28.0473
2026-05-22 09:00:00,14.7,17.6,10.4,14.4,60,8.9,320,836.5,0.0,South Africa,Johannesburg,-26.2041,28.0473
2026-05-22 10:00:00,13.2,15.9,7.2,15.2,54,9.4,310,836.3,0.0,South Africa,Johannesburg,-26.2041,28.0473
2026-05-22 11:00:00,12.7,15.3,7.9,15.7,49,8.7,307,835.6,0.0,South Africa,Johannesburg,-26.2041,28.0473
2026-05-22 12:00:00,15.4,18.4,8.8,15.4,48,6.9,315,834.9,0.0,South Africa,Johannesburg,-26.2041,28.0473
2026-05-22 13:00:00,15.5,18.6,11.7,15.2,46,6.1,294,834.5,0.0,South Africa,Johannesburg,-26.2041,28.0473
2026-05-22 14:00:00,15.8,19.0,16.4,14.8,49,6.8,288,834.4,0.0,South Africa,Johannesburg,-26.2041,28.0473
2026-05-22 15:00:00,21.7,25.0,24.3,14.1,56,4.5,317,834.4,0.0,South Africa,Johannesburg,-26.2041,28.0473
2026-05-22 16:00:00,45.8,49.1,39.1,12.5,66,4.0,342,833.5,0.0,South Africa,Johannesburg,-26.2041,28.0473
2026-05-22 17:00:00,71.0,74.3,57.2,11.9,68,4.3,358,833.2,0.0,South Africa,Johannesburg,-26.2041,28.0473
2026-05-22 18:00:00,91.0,94.3,69.6,11.3,72,4.4,330,833.1,0.0,South Africa,Johannesburg,-26.2041,28.0473
2026-05-22 19:00:00,102.4,105.2,71.2,10.6,73,5.4,320,833.0,0.0,South Africa,Johannesburg,-26.2041,28.0473
2026-05-22 20:00:00,111.8,114.6,67.1,10.0,76,4.6,309,832.6,0.0,South Africa,Johannesburg,-26.2041,28.0473
2026-05-22 21:00:00,113.6,116.4,63.0,9.4,78,4.4,282,832.3,0.0,South Africa,Johannesburg,-26.2041,28.0473
2026-05-22 22:00:00,100.1,102.7,61.2,9.0,80,4.6,283,831.9,0.0,South Africa,Johannesburg,-26.2041,28.0473
2026-05-22 23:00:00,85.7,88.0,59.4,8.8,80,3.1,260,831.6,0.0,South Africa,Johannesburg,-26.2041,28.0473
2026-05-23 00:00:00,85.2,87.8,58.8,8.5,83,4.9,264,831.6,0.0,South Africa,Johannesburg,-26.2041,28.0473
2026-05-23 01:00:00,78.0,80.3,54.7,8.4,82,5.1,260,831.3,0.0,South Africa,Johannesburg,-26.2041,28.0473
2026-05-23 02:00:00,68.0,70.3,49.2,8.2,83,5.3,246,831.1,0.0,South Africa,Johannesburg,-26.2041,28.0473
2026-05-23 03:00:00,59.0,61.5,46.2,7.8,84,5.2,239,831.0,0.0,South Africa,Johannesburg,-26.2041,28.0473
2026-05-23 04:00:00,57.4,59.8,49.9,7.4,85,4.8,222,831.0,0.0,South Africa,Johannesburg,-26.2041,28.0473
2026-05-23 05:00:00,74.3,76.6,56.1,7.3,86,5.1,212,831.5,0.0,South Africa,Johannesburg,-26.2041,28.0473
2026-05-23 06:00:00,90.8,92.9,56.2,10.1,80,7.0,209,833.7,0.0,South Africa,Johannesburg,-26.2041,28.0473
2026-05-23 07:00:00,38.2,41.3,43.9,12.8,69,5.1,212,835.7,0.0,South Africa,Johannesburg,-26.2041,28.0473
2026-05-23 08:00:00,23.9,26.9,25.6,14.3,56,5.8,206,836.4,0.0,South Africa,Johannesburg,-26.2041,28.0473
2026-05-23 09:00:00,19.0,20.4,11.7,15.5,50,3.5,204,836.5,0.0,South Africa,Johannesburg,-26.2041,28.0473
2026-05-23 10:00:00,16.3,17.6,6.6,16.3,47,2.3,203,836.1,0.0,South Africa,Johannesburg,-26.2041,28.0473
2026-05-23 11:00:00,15.3,16.4,6.1,16.8,45,1.2,243,835.7,0.0,South Africa,Johannesburg,-26.2041,28.0473
2026-05-23 12:00:00,15.0,15.9,7.6,17.5,41,2.4,207,834.9,0.0,South Africa,Johannesburg,-26.2041,28.0473
2026-05-23 13:00:00,15.1,15.9,10.3,17.7,40,2.4,228,834.8,0.0,South Africa,Johannesburg,-26.2041,28.0473
2026-05-23 14:00:00,15.3,16.1,14.6,17.4,40,2.0,207,834.8,0.0,South Africa,Johannesburg,-26.2041,28.0473
2026-05-23 15:00:00,21.0,21.8,21.6,16.3,53,1.4,157,834.5,0.0,South Africa,Johannesburg,-26.2041,28.0473
2026-05-23 16:00:00,41.8,42.6,34.1,14.7,60,0.9,180,834.4,0.0,South Africa,Johannesburg,-26.2041,28.0473
2026-05-23 17:00:00,58.9,59.8,49.3,14.0,61,4.2,320,835.0,0.0,South Africa,Johannesburg,-26.2041,28.0473
2026-05-23 18:00:00,72.2,74.3,60.0,13.0,66,6.9,303,834.6,0.0,South Africa,Johannesburg,-26.2041,28.0473
2026-05-23 19:00:00,88.9,90.8,62.4,12.2,67,6.2,260,834.3,0.0,South Africa,Johannesburg,-26.2041,28.0473
2026-05-23 20:00:00,109.0,110.8,60.3,11.7,70,5.5,253,834.1,0.0,South Africa,Johannesburg,-26.2041,28.0473
2026-05-23 21:00:00,122.5,124.3,58.5,11.0,72,5.5,234,834.0,0.0,South Africa,Johannesburg,-26.2041,28.0473
2026-05-23 22:00:00,126.2,128.1,58.6,10.5,74,6.2,221,833.4,0.0,South Africa,Johannesburg,-26.2041,28.0473
2026-05-23 23:00:00,131.8,133.6,58.9,9.9,77,5.6,220,832.8,0.0,South Africa,Johannesburg,-26.2041,28.0473
2026-05-24 00:00:00,136.4,138.8,65.0,10.2,77,5.3,213,833.0,0.0,South Africa,Johannesburg,-26.2041,28.0473
2026-05-24 01:00:00,122.9,125.3,61.7,9.5,77,5.2,209,832.2,0.0,South Africa,Johannesburg,-26.2041,28.0473
2026-05-24 02:00:00,112.0,114.6,57.2,9.2,79,5.4,214,831.9,0.0,South Africa,Johannesburg,-26.2041,28.0473
2026-05-24 03:00:00,104.3,106.9,55.1,8.5,82,5.0,199,831.6,0.0,South Africa,Johannesburg,-26.2041,28.0473
2026-05-24 04:00:00,100.8,103.4,59.6,8.1,83,5.1,184,831.8,0.0,South Africa,Johannesburg,-26.2041,28.0473
2026-05-24 05:00:00,114.1,116.6,66.5,8.0,82,4.9,174,832.2,0.0,South Africa,Johannesburg,-26.2041,28.0473
2026-05-24 06:00:00,128.5,131.3,66.3,11.4,70,6.4,130,834.6,0.0,South Africa,Johannesburg,-26.2041,28.0473
2026-05-24 07:00:00,66.1,68.0,52.0,14.2,62,4.0,100,836.6,0.0,South Africa,Johannesburg,-26.2041,28.0473
2026-05-24 08:00:00,30.6,31.5,30.6,15.5,51,1.0,329,837.4,0.0,South Africa,Johannesburg,-26.2041,28.0473
2026-05-24 09:00:00,19.8,20.8,14.3,16.0,48,4.9,276,837.4,0.1,South Africa,Johannesburg,-26.2041,28.0473
2026-05-24 10:00:00,16.1,16.9,8.0,16.9,44,6.0,279,837.1,0.0,South Africa,Johannesburg,-26.2041,28.0473
2026-05-24 11:00:00,14.8,15.4,6.8,17.9,39,6.0,275,836.9,0.0,South Africa,Johannesburg,-26.2041,28.0473
2026-05-24 12:00:00,10.9,11.4,6.1,18.2,36,4.4,261,836.0,0.0,South Africa,Johannesburg,-26.2041,28.0473
2026-05-24 13:00:00,9.7,10.0,7.9,18.2,33,5.5,261,835.7,0.0,South Africa,Johannesburg,-26.2041,28.0473
2026-05-24 14:00:00,8.8,9.1,10.6,17.7,36,7.3,239,835.6,0.0,South Africa,Johannesburg,-26.2041,28.0473
2026-05-24 15:00:00,12.3,12.5,14.0,16.6,41,7.1,216,835.7,0.0,South Africa,Johannesburg,-26.2041,28.0473
2026-05-24 16:00:00,21.5,21.8,18.9,14.8,50,5.6,201,835.4,0.0,South Africa,Johannesburg,-26.2041,28.0473
2026-05-24 17:00:00,26.1,26.6,24.5,14.0,53,6.5,193,835.7,0.0,South Africa,Johannesburg,-26.2041,28.0473
2026-05-24 18:00:00,28.2,28.7,28.8,13.0,57,5.9,194,835.4,0.0,South Africa,Johannesburg,-26.2041,28.0473
2026-05-24 19:00:00,31.0,31.5,30.6,12.3,59,5.4,182,835.4,0.0,South Africa,Johannesburg,-26.2041,28.0473
2026-05-24 20:00:00,36.4,37.1,31.1,11.7,62,4.7,164,835.1,0.0,South Africa,Johannesburg,-26.2041,28.0473
2026-05-24 21:00:00,40.5,41.2,31.2,11.0,66,3.1,177,834.9,0.0,South Africa,Johannesburg,-26.2041,28.0473
2026-05-24 22:00:00,40.0,40.9,30.8,10.6,68,1.8,174,834.8,0.0,South Africa,Johannesburg,-26.2041,28.0473
2026-05-24 23:00:00,43.5,44.4,30.0,10.4,67,1.8,180,834.6,0.0,South Africa,Johannesburg,-26.2041,28.0473
2026-05-25 00:00:00,52.5,53.3,31.2,10.3,66,4.0,170,834.4,0.0,South Africa,Johannesburg,-26.2041,28.0473
2026-05-25 01:00:00,56.9,57.9,31.9,10.1,66,3.7,157,834.1,0.0,South Africa,Johannesburg,-26.2041,28.0473
2026-05-25 02:00:00,62.2,63.3,33.3,9.9,67,4.8,143,833.8,0.0,South Africa,Johannesburg,-26.2041,28.0473
2026-05-25 03:00:00,67.8,68.9,37.2,9.5,69,5.2,139,833.4,0.0,South Africa,Johannesburg,-26.2041,28.0473
2026-05-25 04:00:00,74.7,75.7,48.0,9.1,70,5.4,132,833.4,0.0,South Africa,Johannesburg,-26.2041,28.0473
2026-05-25 05:00:00,99.4,100.6,61.3,9.0,70,5.4,124,833.9,0.0,South Africa,Johannesburg,-26.2041,28.0473
2026-05-25 06:00:00,124.3,125.3,65.9,11.4,65,6.7,114,835.9,0.0,South Africa,Johannesburg,-26.2041,28.0473
2026-05-25 07:00:00,57.3,59.0,53.3,14.4,61,3.9,106,838.0,0.0,South Africa,Johannesburg,-26.2041,28.0473
2026-05-25 08:00:00,27.7,28.1,32.0,16.4,44,2.7,180,839.1,0.0,South Africa,Johannesburg,-26.2041,28.0473
2026-05-25 09:00:00,15.3,15.7,15.6,17.2,42,4.0,198,839.1,0.0,South Africa,Johannesburg,-26.2041,28.0473
2026-05-25 10:00:00,12.6,13.1,9.5,17.8,41,3.3,202,838.7,0.0,South Africa,Johannesburg,-26.2041,28.0473
2026-05-25 11:00:00,13.2,13.7,8.5,18.9,36,4.6,219,838.6,0.0,South Africa,Johannesburg,-26.2041,28.0473
2026-05-25 12:00:00,12.5,13.2,8.6,18.7,37,1.9,209,837.5,0.0,South Africa,Johannesburg,-26.2041,28.0473
2026-05-25 13:00:00,13.1,13.9,13.5,19.0,37,1.9,221,837.4,0.0,South Africa,Johannesburg,-26.2041,28.0473
2026-05-25 14:00:00,13.8,14.5,20.6,18.9,36,2.7,217,837.1,0.0,South Africa,Johannesburg,-26.2041,28.0473
2026-05-25 15:00:00,22.7,23.3,29.2,17.9,50,0.7,180,836.7,0.0,South Africa,Johannesburg,-26.2041,28.0473
2026-05-25 16:00:00,49.0,49.7,41.0,15.8,55,1.9,331,836.6,0.0,South Africa,Johannesburg,-26.2041,28.0473
2026-05-25 17:00:00,71.7,73.1,54.3,14.8,59,3.7,331,836.6,0.0,South Africa,Johannesburg,-26.2041,28.0473
2026-05-25 18:00:00,84.5,86.4,62.9,13.7,58,5.8,292,836.2,0.0,South Africa,Johannesburg,-26.2041,28.0473
2026-05-25 19:00:00,94.1,95.7,62.3,13.3,59,6.1,298,836.3,0.0,South Africa,Johannesburg,-26.2041,28.0473
2026-05-25 20:00:00,107.8,109.4,57.0,12.3,64,5.1,293,835.7,0.0,South Africa,Johannesburg,-26.2041,28.0473
2026-05-25 21:00:00,122.0,123.9,54.5,12.2,63,5.7,302,835.5,0.0,South Africa,Johannesburg,-26.2041,28.0473
2026-05-25 22:00:00,131.3,133.2,59.0,11.7,64,6.1,293,835.0,0.0,South Africa,Johannesburg,-26.2041,28.0473
2026-05-25 23:00:00,143.4,145.3,66.4,11.7,64,6.5,284,834.7,0.0,South Africa,Johannesburg,-26.2041,28.0473
2026-05-26 00:00:00,127.1,129.5,78.2,11.0,69,6.7,278,834.4,0.0,South Africa,Johannesburg,-26.2041,28.0473
2026-05-26 01:00:00,107.3,109.7,72.1,10.9,69,7.4,271,834.1,0.0,South Africa,Johannesburg,-26.2041,28.0473
2026-05-26 02:00:00,83.6,85.9,63.6,10.4,71,6.9,265,833.5,0.0,South Africa,Johannesburg,-26.2041,28.0473
2026-05-26 03:00:00,62.6,65.0,56.9,10.0,73,6.7,261,832.8,0.0,South Africa,Johannesburg,-26.2041,28.0473
2026-05-26 04:00:00,51.5,53.8,55.1,10.0,71,7.1,255,833.2,0.0,South Africa,Johannesburg,-26.2041,28.0473
2026-05-26 05:00:00,60.3,62.6,55.1,9.9,71,7.2,245,833.4,0.0,South Africa,Johannesburg,-26.2041,28.0473
2026-05-26 06:00:00,74.0,76.4,51.2,12.1,66,7.8,244,835.2,0.0,South Africa,Johannesburg,-26.2041,28.0473
2026-05-26 07:00:00,47.8,49.7,38.8,14.7,60,5.8,250,837.0,0.0,South Africa,Johannesburg,-26.2041,28.0473
2026-05-26 08:00:00,26.8,27.7,22.4,16.6,45,8.0,239,838.1,0.0,South Africa,Johannesburg,-26.2041,28.0473
2026-05-26 09:00:00,14.5,15.1,10.3,17.6,40,8.6,221,838.1,0.0,South Africa,Johannesburg,-26.2041,28.0473
2026-05-26 10:00:00,12.3,12.8,5.8,18.2,40,7.8,218,837.5,0.0,South Africa,Johannesburg,-26.2041,28.0473
2026-05-26 11:00:00,12.1,12.6,5.5,18.7,39,8.0,222,837.0,0.0,South Africa,Johannesburg,-26.2041,28.0473
2026-05-26 12:00:00,9.3,9.5,6.9,19.4,39,8.5,218,836.5,0.0,South Africa,Johannesburg,-26.2041,28.0473
2026-05-26 13:00:00,9.7,9.9,10.4,19.4,38,8.4,217,836.2,0.0,South Africa,Johannesburg,-26.2041,28.0473
2026-05-26 14:00:00,10.0,10.3,15.8,18.8,40,8.0,211,835.8,0.0,South Africa,Johannesburg,-26.2041,28.0473
2026-05-26 15:00:00,16.6,16.9,23.1,17.4,48,5.3,204,835.4,0.0,South Africa,Johannesburg,-26.2041,28.0473
2026-05-26 16:00:00,35.2,35.6,34.5,15.4,57,4.8,191,834.6,0.0,South Africa,Johannesburg,-26.2041,28.0473
2026-05-26 17:00:00,50.8,51.8,47.9,14.5,59,4.7,196,834.6,0.0,South Africa,Johannesburg,-26.2041,28.0473
2026-05-26 18:00:00,62.4,63.6,56.9,13.7,63,5.0,199,834.4,0.0,South Africa,Johannesburg,-26.2041,28.0473
2026-05-26 19:00:00,73.6,74.7,57.7,13.4,63,1.9,197,834.6,0.0,South Africa,Johannesburg,-26.2041,28.0473
2026-05-26 20:00:00,90.3,91.5,54.1,12.9,64,0.3,45,834.4,0.0,South Africa,Johannesburg,-26.2041,28.0473
2026-05-26 21:00:00,102.0,103.1,51.5,12.2,68,1.2,39,833.9,0.0,South Africa,Johannesburg,-26.2041,28.0473
2026-05-26 22:00:00,104.1,105.5,51.7,11.8,70,1.1,351,833.5,0.0,South Africa,Johannesburg,-26.2041,28.0473
2026-05-26 23:00:00,108.0,109.2,52.8,11.4,70,1.1,261,833.0,0.0,South Africa,Johannesburg,-26.2041,28.0473
2026-05-27 00:00:00,147.6,148.5,64.7,11.6,65,0.9,281,833.1,0.0,South Africa,Johannesburg,-26.2041,28.0473
2026-05-27 01:00:00,147.1,148.5,62.7,11.2,66,1.5,263,832.7,0.0,South Africa,Johannesburg,-26.2041,28.0473
2026-05-27 02:00:00,144.4,145.8,60.4,10.4,69,1.7,238,832.0,0.0,South Africa,Johannesburg,-26.2041,28.0473
2026-05-27 03:00:00,139.7,141.1,63.2,9.6,73,2.3,219,831.5,0.0,South Africa,Johannesburg,-26.2041,28.0473
2026-05-27 04:00:00,140.2,141.6,79.3,8.9,75,3.1,220,831.4,0.0,South Africa,Johannesburg,-26.2041,28.0473
2026-05-27 05:00:00,162.5,164.4,100.3,8.6,76,5.0,224,831.8,0.0,South Africa,Johannesburg,-26.2041,28.0473
2026-05-27 06:00:00,195.6,197.4,106.4,11.2,72,5.7,221,833.9,0.0,South Africa,Johannesburg,-26.2041,28.0473
2026-05-27 07:00:00,106.6,109.9,82.7,15.1,61,3.7,219,836.8,0.0,South Africa,Johannesburg,-26.2041,28.0473
2026-05-27 08:00:00,33.5,34.0,44.0,16.8,47,5.5,218,837.7,0.0,South Africa,Johannesburg,-26.2041,28.0473
2026-05-27 09:00:00,15.1,15.5,14.9,17.5,45,4.9,213,837.8,0.0,South Africa,Johannesburg,-26.2041,28.0473
2026-05-27 10:00:00,14.1,14.5,5.9,18.2,44,3.7,223,837.2,0.0,South Africa,Johannesburg,-26.2041,28.0473
2026-05-27 11:00:00,14.8,15.2,6.5,18.7,43,3.1,242,836.8,0.0,South Africa,Johannesburg,-26.2041,28.0473
2026-05-27 12:00:00,11.4,11.4,10.0,19.3,42,1.7,229,835.9,0.0,South Africa,Johannesburg,-26.2041,28.0473
2026-05-27 13:00:00,12.4,12.4,15.1,19.7,40,1.5,234,835.8,0.0,South Africa,Johannesburg,-26.2041,28.0473
2026-05-27 14:00:00,13.0,13.0,22.8,19.5,41,1.4,247,835.7,0.0,South Africa,Johannesburg,-26.2041,28.0473
2026-05-27 15:00:00,23.2,23.2,32.9,18.2,53,0.4,90,835.3,0.0,South Africa,Johannesburg,-26.2041,28.0473
2026-05-27 16:00:00,51.5,51.6,47.7,16.6,58,1.2,141,834.8,0.0,South Africa,Johannesburg,-26.2041,28.0473
2026-05-27 17:00:00,78.9,80.3,64.9,16.1,62,1.7,139,835.5,0.0,South Africa,Johannesburg,-26.2041,28.0473
2026-05-27 18:00:00,105.5,106.9,77.3,15.6,64,3.1,7,835.4,0.0,South Africa,Johannesburg,-26.2041,28.0473
2026-05-27 19:00:00,132.2,133.6,80.5,14.3,67,2.2,355,835.2,0.0,South Africa,Johannesburg,-26.2041,28.0473
2026-05-27 20:00:00,151.8,153.2,78.9,13.5,69,1.9,326,835.0,0.0,South Africa,Johannesburg,-26.2041,28.0473
2026-05-27 21:00:00,158.8,160.7,78.1,12.9,68,3.3,279,834.5,0.0,South Africa,Johannesburg,-26.2041,28.0473
2026-05-27 22:00:00,153.7,155.5,80.8,12.4,69,5.4,244,834.0,0.0,South Africa,Johannesburg,-26.2041,28.0473
2026-05-27 23:00:00,159.7,161.1,84.4,11.6,72,5.2,236,833.3,0.0,South Africa,Johannesburg,-26.2041,28.0473
2026-05-28 00:00:00,202.1,204.0,87.3,11.3,73,6.2,244,833.1,0.0,South Africa,Johannesburg,-26.2041,28.0473
2026-05-28 01:00:00,182.5,184.4,85.0,11.0,73,6.6,233,832.8,0.0,South Africa,Johannesburg,-26.2041,28.0473
2026-05-28 02:00:00,158.3,160.2,82.1,10.5,74,6.8,228,832.7,0.0,South Africa,Johannesburg,-26.2041,28.0473
2026-05-28 03:00:00,136.4,138.3,81.3,10.2,74,7.1,216,832.7,0.0,South Africa,Johannesburg,-26.2041,28.0473
2026-05-28 04:00:00,123.9,125.7,87.9,9.6,76,5.9,211,832.7,0.0,South Africa,Johannesburg,-26.2041,28.0473
2026-05-28 05:00:00,135.0,136.4,96.8,9.6,76,6.2,206,833.2,0.0,South Africa,Johannesburg,-26.2041,28.0473
2026-05-28 06:00:00,147.1,149.0,95.1,11.9,70,6.7,196,835.1,0.0,South Africa,Johannesburg,-26.2041,28.0473
2026-05-28 07:00:00,79.9,82.0,72.2,15.0,60,4.9,178,837.4,0.0,South Africa,Johannesburg,-26.2041,28.0473
2026-05-28 08:00:00,27.8,27.8,38.8,16.6,51,5.6,174,838.2,0.0,South Africa,Johannesburg,-26.2041,28.0473
2026-05-28 09:00:00,13.9,14.0,14.0,17.6,44,6.5,178,838.4,0.0,South Africa,Johannesburg,-26.2041,28.0473
2026-05-28 10:00:00,12.5,12.6,6.2,18.3,41,5.8,178,838.3,0.0,South Africa,Johannesburg,-26.2041,28.0473
2026-05-28 11:00:00,12.5,12.6,7.1,18.7,40,4.9,170,837.9,0.0,South Africa,Johannesburg,-26.2041,28.0473
2026-05-28 12:00:00,13.2,13.3,10.7,19.6,38,3.9,127,837.3,0.0,South Africa,Johannesburg,-26.2041,28.0473
2026-05-28 13:00:00,13.5,13.6,16.1,19.7,37,4.0,129,837.2,0.0,South Africa,Johannesburg,-26.2041,28.0473
2026-05-28 14:00:00,13.8,13.9,23.9,19.2,37,5.1,132,837.0,0.0,South Africa,Johannesburg,-26.2041,28.0473
2026-05-28 15:00:00,22.5,22.6,32.5,17.6,47,4.8,124,836.4,0.0,South Africa,Johannesburg,-26.2041,28.0473
2026-05-28 16:00:00,42.5,42.6,43.1,15.9,51,5.9,140,835.8,0.0,South Africa,Johannesburg,-26.2041,28.0473
2026-05-28 17:00:00,57.0,57.4,54.6,14.9,53,5.6,149,835.9,0.0,South Africa,Johannesburg,-26.2041,28.0473
2026-05-28 18:00:00,67.5,68.5,61.8,13.9,57,5.0,161,835.4,0.0,South Africa,Johannesburg,-26.2041,28.0473
2026-05-28 19:00:00,75.7,76.6,61.6,13.6,56,5.4,160,835.6,0.0,South Africa,Johannesburg,-26.2041,28.0473
2026-05-28 20:00:00,86.8,87.8,57.2,13.4,58,0.4,297,835.7,0.0,South Africa,Johannesburg,-26.2041,28.0473
2026-05-28 21:00:00,95.2,96.4,52.3,12.4,63,3.1,339,835.2,0.0,South Africa,Johannesburg,-26.2041,28.0473
2026-05-28 22:00:00,92.7,93.6,48.0,12.2,61,0.7,180,834.7,0.0,South Africa,Johannesburg,-26.2041,28.0473
2026-05-28 23:00:00,90.3,91.0,43.3,11.6,64,3.2,180,834.4,0.0,South Africa,Johannesburg,-26.2041,28.0473
2026-05-29 00:00:00,97.3,98.0,42.7,10.3,68,3.6,207,833.8,0.0,South Africa,Johannesburg,-26.2041,28.0473
2026-05-29 01:00:00,90.8,91.7,39.9,10.4,67,4.9,197,833.6,0.0,South Africa,Johannesburg,-26.2041,28.0473
2026-05-29 02:00:00,83.1,83.8,36.4,10.4,68,5.6,178,833.6,0.0,South Africa,Johannesburg,-26.2041,28.0473
2026-05-29 03:00:00,74.3,75.0,36.9,10.0,69,5.5,161,833.5,0.0,South Africa,Johannesburg,-26.2041,28.0473
2026-05-29 04:00:00,70.1,71.0,47.3,9.6,71,5.7,167,833.7,0.0,South Africa,Johannesburg,-26.2041,28.0473
2026-05-29 05:00:00,85.9,87.3,61.6,9.6,71,5.9,169,834.1,0.0,South Africa,Johannesburg,-26.2041,28.0473
2026-05-29 06:00:00,106.2,107.8,66.9,12.2,64,6.2,154,836.0,0.0,South Africa,Johannesburg,-26.2041,28.0473
2026-05-29 07:00:00,70.8,72.4,53.9,15.2,58,4.5,146,838.3,0.0,South Africa,Johannesburg,-26.2041,28.0473
2026-05-29 08:00:00,26.7,26.9,31.9,17.0,44,5.3,170,839.2,0.0,South Africa,Johannesburg,-26.2041,28.0473
2026-05-29 09:00:00,12.8,13.0,15.1,17.9,39,6.9,166,839.3,0.0,South Africa,Johannesburg,-26.2041,28.0473
2026-05-29 10:00:00,10.7,10.8,9.5,18.5,37,6.5,166,839.0,0.0,South Africa,Johannesburg,-26.2041,28.0473
2026-05-29 11:00:00,10.3,10.4,9.2,19.0,37,6.3,160,838.5,0.0,South Africa,Johannesburg,-26.2041,28.0473
2026-05-29 12:00:00,8.1,8.1,10.0,20.0,35,6.2,158,837.9,0.0,South Africa,Johannesburg,-26.2041,28.0473
2026-05-29 13:00:00,8.1,8.1,12.8,20.0,33,7.2,162,837.6,0.0,South Africa,Johannesburg,-26.2041,28.0473
2026-05-29 14:00:00,8.1,8.1,17.1,19.4,33,8.4,160,837.3,0.0,South Africa,Johannesburg,-26.2041,28.0473
2026-05-29 15:00:00,11.8,11.8,23.7,17.7,40,6.6,163,836.7,0.0,South Africa,Johannesburg,-26.2041,28.0473
2026-05-29 16:00:00,27.8,27.9,35.0,15.9,46,7.1,161,836.2,0.0,South Africa,Johannesburg,-26.2041,28.0473
2026-05-29 17:00:00,39.2,39.5,48.6,15.4,49,7.1,173,836.4,0.0,South Africa,Johannesburg,-26.2041,28.0473
2026-05-29 18:00:00,49.4,50.1,57.9,14.3,55,3.4,174,836.1,0.0,South Africa,Johannesburg,-26.2041,28.0473
2026-05-29 19:00:00,54.6,55.3,60.1,13.8,55,2.6,192,836.0,0.0,South Africa,Johannesburg,-26.2041,28.0473
2026-05-29 20:00:00,60.1,60.8,58.0,13.1,56,4.3,180,835.5,0.0,South Africa,Johannesburg,-26.2041,28.0473
2026-05-29 21:00:00,62.2,63.1,54.0,12.1,62,2.1,195,835.0,0.0,South Africa,Johannesburg,-26.2041,28.0473
2026-05-29 22:00:00,53.6,54.2,47.7,11.4,65,1.7,229,834.6,0.0,South Africa,Johannesburg,-26.2041,28.0473
2026-05-29 23:00:00,46.1,46.7,39.4,11.1,64,2.2,189,834.4,0.0,South Africa,Johannesburg,-26.2041,28.0473
2026-05-30 00:00:00,60.8,61.5,34.5,9.8,69,3.0,213,833.4,0.0,South Africa,Johannesburg,-26.2041,28.0473
2026-05-30 01:00:00,53.3,53.8,33.5,9.3,72,4.9,163,833.2,0.0,South Africa,Johannesburg,-26.2041,28.0473
2026-05-30 02:00:00,48.7,49.2,32.1,8.7,76,4.9,144,832.8,0.0,South Africa,Johannesburg,-26.2041,28.0473
2026-05-30 03:00:00,48.3,49.1,31.8,8.1,79,4.4,120,832.3,0.0,South Africa,Johannesburg,-26.2041,28.0473
2026-05-30 04:00:00,53.1,54.0,34.0,7.8,81,5.2,92,832.4,0.0,South Africa,Johannesburg,-26.2041,28.0473
2026-05-30 05:00:00,71.7,72.9,37.3,8.0,81,5.1,45,833.3,0.0,South Africa,Johannesburg,-26.2041,28.0473
2026-05-30 06:00:00,72.4,73.3,38.3,10.8,75,8.6,26,836.3,0.0,South Africa,Johannesburg,-26.2041,28.0473
2026-05-30 07:00:00,60.1,60.1,35.0,12.9,74,9.3,16,838.0,0.0,South Africa,Johannesburg,-26.2041,28.0473
2026-05-30 08:00:00,46.7,46.7,29.4,14.6,70,9.4,7,838.7,0.0,South Africa,Johannesburg,-26.2041,28.0473
2026-05-30 09:00:00,36.3,36.3,24.4,16.1,61,8.5,353,839.0,0.0,South Africa,Johannesburg,-26.2041,28.0473
2026-05-30 10:00:00,29.8,29.9,20.2,17.2,54,6.4,333,838.5,0.0,South Africa,Johannesburg,-26.2041,28.0473
2026-05-30 11:00:00,25.6,25.6,16.7,18.1,49,4.7,302,838.2,0.0,South Africa,Johannesburg,-26.2041,28.0473
2026-05-30 12:00:00,24.0,24.1,13.2,18.6,46,3.9,336,837.5,0.0,South Africa,Johannesburg,-26.2041,28.0473
2026-05-30 13:00:00,23.7,23.9,16.1,18.8,43,3.9,347,837.0,0.0,South Africa,Johannesburg,-26.2041,28.0473
2026-05-30 14:00:00,23.1,23.2,20.5,18.5,44,6.1,3,836.6,0.0,South Africa,Johannesburg,-26.2041,28.0473
2026-05-30 15:00:00,28.2,28.3,27.3,17.2,55,4.7,9,836.5,0.0,South Africa,Johannesburg,-26.2041,28.0473
2026-05-30 16:00:00,51.0,51.1,38.7,15.5,64,4.3,345,836.2,0.0,South Africa,Johannesburg,-26.2041,28.0473
2026-05-30 17:00:00,74.0,74.3,52.5,14.3,69,6.3,323,836.5,0.0,South Africa,Johannesburg,-26.2041,28.0473
2026-05-30 18:00:00,93.8,95.9,62.6,12.6,74,4.9,321,835.8,0.0,South Africa,Johannesburg,-26.2041,28.0473
2026-05-30 19:00:00,103.8,105.5,64.8,12.2,74,2.1,308,835.8,0.0,South Africa,Johannesburg,-26.2041,28.0473
2026-05-30 20:00:00,118.3,119.7,63.2,12.0,74,1.8,264,835.6,0.0,South Africa,Johannesburg,-26.2041,28.0473
2026-05-30 21:00:00,133.2,135.0,64.6,11.6,75,2.1,250,835.3,0.0,South Africa,Johannesburg,-26.2041,28.0473
2026-05-30 22:00:00,148.5,149.9,73.3,11.2,75,2.8,235,834.6,0.0,South Africa,Johannesburg,-26.2041,28.0473
2026-05-30 23:00:00,162.5,164.4,84.9,10.6,77,3.5,231,834.1,0.0,South Africa,Johannesburg,-26.2041,28.0473
2026-05-31 00:00:00,168.6,170.4,85.1,10.4,78,3.7,235,834.0,0.0,South Africa,Johannesburg,-26.2041,28.0473
2026-05-31 01:00:00,159.7,161.6,80.5,10.2,77,3.0,218,833.7,0.0,South Africa,Johannesburg,-26.2041,28.0473
2026-05-31 02:00:00,150.9,152.7,74.7,9.9,78,2.0,207,833.5,0.0,South Africa,Johannesburg,-26.2041,28.0473
2026-05-31 03:00:00,144.4,145.8,74.1,9.6,79,3.5,12,834.0,0.0,South Africa,Johannesburg,-26.2041,28.0473
2026-05-31 04:00:00,143.0,144.4,87.4,9.1,81,1.3,34,834.2,0.0,South Africa,Johannesburg,-26.2041,28.0473
2026-05-31 05:00:00,165.8,167.6,105.9,9.3,80,0.6,236,834.5,0.0,South Africa,Johannesburg,-26.2041,28.0473
2026-05-31 06:00:00,206.3,208.2,110.2,11.0,78,2.3,219,835.7,0.0,South Africa,Johannesburg,-26.2041,28.0473
2026-05-31 07:00:00,98.7,99.4,86.1,14.2,65,1.4,203,838.0,0.0,South Africa,Johannesburg,-26.2041,28.0473
2026-05-31 08:00:00,45.2,45.3,47.8,15.4,56,2.6,115,838.6,0.0,South Africa,Johannesburg,-26.2041,28.0473
2026-05-31 09:00:00,28.9,28.9,18.7,16.3,51,2.4,107,838.8,0.0,South Africa,Johannesburg,-26.2041,28.0473
2026-05-31 10:00:00,21.9,22.0,8.8,17.1,48,2.2,125,838.3,0.0,South Africa,Johannesburg,-26.2041,28.0473
2026-05-31 11:00:00,20.3,20.4,8.1,17.6,44,1.6,117,838.0,0.0,South Africa,Johannesburg,-26.2041,28.0473
2026-05-31 12:00:00,22.2,22.4,8.8,18.3,43,1.4,23,837.0,0.0,South Africa,Johannesburg,-26.2041,28.0473
2026-05-31 13:00:00,21.7,21.9,12.3,18.4,40,1.3,360,836.7,0.0,South Africa,Johannesburg,-26.2041,28.0473
2026-05-31 14:00:00,21.1,21.3,17.9,18.2,38,1.5,346,836.4,0.0,South Africa,Johannesburg,-26.2041,28.0473
2026-05-31 15:00:00,31.2,31.3,26.4,16.9,55,1.8,323,835.9,0.0,South Africa,Johannesburg,-26.2041,28.0473
2026-05-31 16:00:00,64.3,64.5,40.6,15.4,59,3.5,325,836.0,0.0,South Africa,Johannesburg,-26.2041,28.0473
2026-05-31 17:00:00,87.1,87.3,57.9,14.2,66,6.4,331,836.7,0.3,South Africa,Johannesburg,-26.2041,28.0473
2026-05-31 18:00:00,99.2,99.4,71.4,13.0,72,4.7,320,836.0,0.1,South Africa,Johannesburg,-26.2041,28.0473
2026-05-31 19:00:00,104.8,105.0,78.6,12.4,74,7.4,328,835.7,0.0,South Africa,Johannesburg,-26.2041,28.0473
2026-05-31 20:00:00,113.2,113.9,82.0,11.9,76,5.1,321,835.6,0.0,South Africa,Johannesburg,-26.2041,28.0473
2026-05-31 21:00:00,116.9,118.0,82.5,11.4,79,6.1,337,835.7,0.0,South Africa,Johannesburg,-26.2041,28.0473
2026-05-31 22:00:00,115.0,115.9,78.7,10.8,79,5.0,308,835.0,0.0,South Africa,Johannesburg,-26.2041,28.0473
2026-05-31 23:00:00,114.8,115.5,72.0,10.5,79,5.4,318,834.9,0.0,South Africa,Johannesburg,-26.2041,28.0473
2026-06-01 00:00:00,140.6,142.0,74.5,9.4,84,4.8,329,834.2,0.0,South Africa,Johannesburg,-26.2041,28.0473
2026-06-01 01:00:00,132.7,133.6,71.7,9.3,84,5.1,328,833.9,0.0,South Africa,Johannesburg,-26.2041,28.0473
2026-06-01 02:00:00,128.1,128.5,68.0,8.9,86,4.0,309,833.5,0.0,South Africa,Johannesburg,-26.2041,28.0473
2026-06-01 03:00:00,125.3,125.7,67.0,8.7,85,5.4,266,833.3,0.0,South Africa,Johannesburg,-26.2041,28.0473
2026-06-01 04:00:00,127.1,127.1,73.5,8.4,84,5.4,233,833.6,0.0,South Africa,Johannesburg,-26.2041,28.0473
2026-06-01 05:00:00,149.5,149.9,82.6,7.9,86,5.1,212,833.9,0.0,South Africa,Johannesburg,-26.2041,28.0473
2026-06-01 06:00:00,169.0,169.0,83.1,9.7,86,6.8,228,835.2,0.0,South Africa,Johannesburg,-26.2041,28.0473
2026-06-01 07:00:00,92.9,93.1,66.4,12.1,78,4.8,228,836.9,0.0,South Africa,Johannesburg,-26.2041,28.0473
2026-06-01 08:00:00,42.4,42.7,41.0,14.3,59,6.5,204,837.7,0.0,South Africa,Johannesburg,-26.2041,28.0473
2026-06-01 09:00:00,25.5,25.8,21.4,15.6,45,7.0,198,837.9,0.0,South Africa,Johannesburg,-26.2041,28.0473
2026-06-01 10:00:00,18.0,18.3,13.0,16.5,39,6.9,194,837.6,0.0,South Africa,Johannesburg,-26.2041,28.0473
2026-06-01 11:00:00,16.1,16.3,10.4,17.1,36,6.2,188,837.3,0.0,South Africa,Johannesburg,-26.2041,28.0473
2026-06-01 12:00:00,12.4,12.6,9.8,17.8,34,5.9,169,836.4,0.0,South Africa,Johannesburg,-26.2041,28.0473
2026-06-01 13:00:00,12.3,12.5,14.7,17.8,34,5.2,168,836.1,0.0,South Africa,Johannesburg,-26.2041,28.0473
2026-06-01 14:00:00,12.5,12.7,21.8,17.3,35,4.3,165,835.8,0.0,South Africa,Johannesburg,-26.2041,28.0473
2026-06-01 15:00:00,21.8,21.9,29.1,15.7,47,3.5,159,835.2,0.0,South Africa,Johannesburg,-26.2041,28.0473
2026-06-01 16:00:00,41.6,41.7,37.3,14.2,47,7.3,157,834.6,0.0,South Africa,Johannesburg,-26.2041,28.0473
2026-06-01 17:00:00,54.0,54.7,45.7,13.0,54,4.9,184,834.5,0.0,South Africa,Johannesburg,-26.2041,28.0473
2026-06-01 18:00:00,61.5,62.2,50.2,12.3,59,5.3,308,834.3,0.0,South Africa,Johannesburg,-26.2041,28.0473
2026-06-01 19:00:00,70.8,71.5,47.8,11.4,71,6.6,299,834.3,0.0,South Africa,Johannesburg,-26.2041,28.0473
2026-06-01 20:00:00,83.8,84.3,41.6,10.6,76,4.9,260,833.4,0.0,South Africa,Johannesburg,-26.2041,28.0473
2026-06-01 21:00:00,88.2,88.7,36.3,10.1,76,5.0,224,833.2,0.0,South Africa,Johannesburg,-26.2041,28.0473
2026-06-01 22:00:00,78.9,79.4,33.7,10.0,69,5.2,214,833.0,0.0,South Africa,Johannesburg,-26.2041,28.0473
2026-06-01 23:00:00,74.0,74.5,32.1,10.1,65,5.0,195,832.7,0.0,South Africa,Johannesburg,-26.2041,28.0473
2026-06-02 00:00:00,83.4,83.8,36.1,9.3,69,6.4,212,832.3,0.0,South Africa,Johannesburg,-26.2041,28.0473
2026-06-02 01:00:00,76.8,77.3,35.6,9.1,68,7.2,217,832.1,0.0,South Africa,Johannesburg,-26.2041,28.0473
2026-06-02 02:00:00,72.6,73.1,35.4,8.4,71,6.5,219,831.5,0.0,South Africa,Johannesburg,-26.2041,28.0473
2026-06-02 03:00:00,71.5,71.9,38.4,7.9,73,6.0,221,831.1,0.0,South Africa,Johannesburg,-26.2041,28.0473
2026-06-02 04:00:00,74.5,75.2,50.2,7.4,75,5.5,212,831.1,0.0,South Africa,Johannesburg,-26.2041,28.0473
2026-06-02 05:00:00,96.4,97.6,65.3,7.0,78,5.2,196,831.5,0.0,South Africa,Johannesburg,-26.2041,28.0473
2026-06-02 06:00:00,118.0,120.1,70.3,9.3,74,6.3,187,833.5,0.0,South Africa,Johannesburg,-26.2041,28.0473
2026-06-02 07:00:00,65.7,66.8,55.6,12.4,63,4.5,196,835.6,0.0,South Africa,Johannesburg,-26.2041,28.0473
2026-06-02 08:00:00,31.4,31.5,30.8,14.2,51,6.6,201,836.7,0.0,South Africa,Johannesburg,-26.2041,28.0473
2026-06-02 09:00:00,16.3,16.4,12.0,15.3,45,7.4,202,836.8,0.0,South Africa,Johannesburg,-26.2041,28.0473
2026-06-02 10:00:00,15.1,15.2,5.7,16.1,42,5.9,207,836.5,0.0,South Africa,Johannesburg,-26.2041,28.0473
2026-06-02 11:00:00,15.2,15.3,5.3,16.6,40,5.9,218,835.9,0.0,South Africa,Johannesburg,-26.2041,28.0473
2026-06-02 12:00:00,14.6,14.6,7.2,17.5,38,7.0,224,835.2,0.0,South Africa,Johannesburg,-26.2041,28.0473
2026-06-02 13:00:00,15.1,15.2,9.8,17.3,38,7.5,224,835.0,0.0,South Africa,Johannesburg,-26.2041,28.0473
2026-06-02 14:00:00,15.8,15.9,14.0,16.9,39,7.1,223,834.5,0.0,South Africa,Johannesburg,-26.2041,28.0473
2026-06-02 15:00:00,22.1,22.2,21.2,15.4,52,3.3,221,833.9,0.0,South Africa,Johannesburg,-26.2041,28.0473
2026-06-02 16:00:00,42.1,42.3,34.8,14.1,54,3.6,189,833.4,0.0,South Africa,Johannesburg,-26.2041,28.0473
2026-06-02 17:00:00,59.0,59.1,51.4,13.0,56,5.0,182,833.6,0.0,South Africa,Johannesburg,-26.2041,28.0473
2026-06-02 18:00:00,70.8,71.0,62.6,11.9,61,4.4,201,833.2,0.0,South Africa,Johannesburg,-26.2041,28.0473
2026-06-02 19:00:00,75.2,75.4,63.4,11.4,60,3.8,199,832.9,0.0,South Africa,Johannesburg,-26.2041,28.0473
2026-06-02 20:00:00,81.7,82.4,58.7,11.0,62,1.2,219,832.7,0.0,South Africa,Johannesburg,-26.2041,28.0473
2026-06-02 21:00:00,92.4,93.1,55.3,10.4,64,1.4,360,832.2,0.0,South Africa,Johannesburg,-26.2041,28.0473
2026-06-02 22:00:00,95.2,95.7,55.5,9.7,68,3.3,347,831.5,0.0,South Africa,Johannesburg,-26.2041,28.0473
2026-06-02 23:00:00,103.6,104.3,57.0,9.8,65,2.4,306,831.2,0.0,South Africa,Johannesburg,-26.2041,28.0473
2026-06-03 00:00:00,140.2,141.1,66.8,9.7,63,3.0,287,831.3,0.0,South Africa,Johannesburg,-26.2041,28.0473
2026-06-03 01:00:00,148.5,149.9,66.4,9.3,64,4.5,265,830.8,0.0,South Africa,Johannesburg,-26.2041,28.0473
2026-06-03 02:00:00,151.3,152.7,66.5,8.8,65,6.1,242,830.1,0.0,South Africa,Johannesburg,-26.2041,28.0473
2026-06-03 03:00:00,149.5,151.3,70.6,8.4,67,6.1,242,829.8,0.0,South Africa,Johannesburg,-26.2041,28.0473
2026-06-03 04:00:00,153.2,155.5,86.2,8.1,69,6.1,242,829.4,0.0,South Africa,Johannesburg,-26.2041,28.0473
2026-06-03 05:00:00,182.1,184.4,105.9,7.9,70,5.7,235,829.5,0.0,South Africa,Johannesburg,-26.2041,28.0473
2026-06-03 06:00:00,220.7,223.5,111.0,10.0,67,4.7,247,831.3,0.0,South Africa,Johannesburg,-26.2041,28.0473
2026-06-03 07:00:00,135.5,136.4,87.4,12.9,60,3.3,319,833.1,0.0,South Africa,Johannesburg,-26.2041,28.0473
2026-06-03 08:00:00,50.5,50.8,49.2,14.5,49,7.9,321,834.2,0.0,South Africa,Johannesburg,-26.2041,28.0473
2026-06-03 09:00:00,30.5,30.7,19.9,15.2,46,8.1,332,833.9,0.0,South Africa,Johannesburg,-26.2041,28.0473
2026-06-03 10:00:00,29.3,29.6,9.8,16.0,44,9.2,344,833.5,0.0,South Africa,Johannesburg,-26.2041,28.0473
2026-06-03 11:00:00,29.2,29.5,8.6,16.2,42,11.8,340,832.8,0.0,South Africa,Johannesburg,-26.2041,28.0473
2026-06-03 12:00:00,23.7,23.9,8.9,16.4,39,12.3,342,831.7,0.0,South Africa,Johannesburg,-26.2041,28.0473
2026-06-03 13:00:00,21.5,21.7,10.8,15.9,40,13.2,338,831.1,0.0,South Africa,Johannesburg,-26.2041,28.0473
2026-06-03 14:00:00,20.3,20.4,13.7,15.2,43,13.5,337,830.5,0.0,South Africa,Johannesburg,-26.2041,28.0473
2026-06-03 15:00:00,22.4,22.5,18.4,14.0,50,11.2,338,830.1,0.0,South Africa,Johannesburg,-26.2041,28.0473
2026-06-03 16:00:00,29.9,30.0,26.6,12.4,59,8.5,332,829.4,0.0,South Africa,Johannesburg,-26.2041,28.0473
2026-06-03 17:00:00,37.4,37.5,36.4,12.3,59,8.7,339,829.4,0.0,South Africa,Johannesburg,-26.2041,28.0473
2026-06-03 18:00:00,43.5,43.7,43.2,12.2,59,8.8,348,829.4,0.0,South Africa,Johannesburg,-26.2041,28.0473
2026-06-03 19:00:00,46.7,46.9,44.7,11.7,62,6.9,343,829.0,0.0,South Africa,Johannesburg,-26.2041,28.0473
2026-06-03 20:00:00,48.8,49.1,43.2,10.9,66,6.9,353,828.3,0.0,South Africa,Johannesburg,-26.2041,28.0473
2026-06-03 21:00:00,46.9,47.1,40.2,10.6,67,7.4,4,827.9,0.0,South Africa,Johannesburg,-26.2041,28.0473
2026-06-03 22:00:00,39.2,39.6,35.6,10.1,69,8.4,10,827.2,0.0,South Africa,Johannesburg,-26.2041,28.0473
2026-06-03 23:00:00,34.1,34.5,29.6,9.6,71,8.9,8,827.0,0.0,South Africa,Johannesburg,-26.2041,28.0473
2026-06-04 00:00:00,33.4,33.6,25.6,9.2,71,11.0,4,826.3,0.0,South Africa,Johannesburg,-26.2041,28.0473
2026-06-04 01:00:00,28.8,29.1,21.5,9.5,69,13.9,4,825.9,0.0,South Africa,Johannesburg,-26.2041,28.0473
2026-06-04 02:00:00,23.9,24.2,15.9,9.4,69,13.9,2,825.3,0.0,South Africa,Johannesburg,-26.2041,28.0473
2026-06-04 03:00:00,19.0,19.3,12.7,9.0,71,14.8,360,824.9,0.0,South Africa,Johannesburg,-26.2041,28.0473
2026-06-04 04:00:00,16.4,16.6,14.6,8.6,74,15.5,2,824.7,0.0,South Africa,Johannesburg,-26.2041,28.0473
2026-06-04 05:00:00,19.1,19.4,18.9,8.3,76,15.5,2,824.8,0.0,South Africa,Johannesburg,-26.2041,28.0473
2026-06-04 06:00:00,21.8,22.1,21.2,9.9,70,16.9,349,826.3,0.0,South Africa,Johannesburg,-26.2041,28.0473
2026-06-04 07:00:00,23.9,24.2,19.1,11.4,67,15.2,355,826.9,0.0,South Africa,Johannesburg,-26.2041,28.0473
2026-06-04 08:00:00,18.3,18.6,15.0,13.7,57,18.6,356,827.5,0.0,South Africa,Johannesburg,-26.2041,28.0473
2026-06-04 09:00:00,15.3,15.6,11.3,13.8,56,21.0,354,827.0,0.0,South Africa,Johannesburg,-26.2041,28.0473
2026-06-04 10:00:00,11.4,11.8,8.7,14.5,54,23.9,339,826.9,0.1,South Africa,Johannesburg,-26.2041,28.0473
2026-06-04 11:00:00,9.6,10.1,6.5,12.3,68,20.6,334,825.8,0.3,South Africa,Johannesburg,-26.2041,28.0473
2026-06-04 12:00:00,12.1,13.5,4.1,14.7,55,25.2,341,825.4,0.3,South Africa,Johannesburg,-26.2041,28.0473
2026-06-04 13:00:00,11.6,12.7,5.9,13.2,63,17.8,330,824.5,0.5,South Africa,Johannesburg,-26.2041,28.0473
2026-06-04 14:00:00,10.4,11.4,8.4,14.2,58,21.7,324,824.5,0.3,South Africa,Johannesburg,-26.2041,28.0473
2026-06-04 15:00:00,11.2,12.1,11.1,13.6,59,17.6,324,824.5,0.0,South Africa,Johannesburg,-26.2041,28.0473
2026-06-04 16:00:00,14.3,15.3,14.3,12.2,68,14.9,315,824.6,0.0,South Africa,Johannesburg,-26.2041,28.0473
2026-06-04 17:00:00,16.7,17.6,17.8,11.6,67,14.3,299,825.1,0.0,South Africa,Johannesburg,-26.2041,28.0473
2026-06-04 18:00:00,16.4,17.1,19.8,9.9,47,17.0,260,825.6,0.0,South Africa,Johannesburg,-26.2041,28.0473
2026-06-04 19:00:00,14.4,15.0,19.5,8.0,55,14.5,248,825.3,0.0,South Africa,Johannesburg,-26.2041,28.0473
2026-06-04 20:00:00,14.3,14.8,17.8,6.8,62,14.7,239,825.2,0.0,South Africa,Johannesburg,-26.2041,28.0473
2026-06-04 21:00:00,14.3,15.1,16.1,6.0,68,13.6,234,825.2,0.0,South Africa,Johannesburg,-26.2041,28.0473
2026-06-04 22:00:00,12.7,13.7,14.8,5.2,73,12.9,226,825.3,0.0,South Africa,Johannesburg,-26.2041,28.0473
2026-06-04 23:00:00,12.9,14.1,13.5,4.5,76,11.7,223,825.0,0.0,South Africa,Johannesburg,-26.2041,28.0473
2026-06-05 00:00:00,13.7,15.0,12.6,4.0,75,14.3,225,824.9,0.0,South Africa,Johannesburg,-26.2041,28.0473
2026-06-05 01:00:00,14.2,15.5,12.7,3.4,80,13.5,225,824.6,0.0,South Africa,Johannesburg,-26.2041,28.0473
2026-06-05 02:00:00,15.0,16.2,12.8,2.9,84,13.4,222,824.3,0.0,South Africa,Johannesburg,-26.2041,28.0473
2026-06-05 03:00:00,15.9,17.0,13.3,2.5,86,12.6,218,824.3,0.0,South Africa,Johannesburg,-26.2041,28.0473
2026-06-05 04:00:00,17.9,18.9,14.6,2.3,87,12.0,208,824.7,0.0,South Africa,Johannesburg,-26.2041,28.0473
2026-06-05 05:00:00,26.1,27.2,16.2,1.8,89,11.1,203,825.2,0.0,South Africa,Johannesburg,-26.2041,28.0473
2026-06-05 06:00:00,22.1,23.3,16.6,3.6,81,11.9,202,826.6,0.0,South Africa,Johannesburg,-26.2041,28.0473
2026-06-05 07:00:00,17.2,18.0,14.6,5.3,72,13.1,203,827.3,0.0,South Africa,Johannesburg,-26.2041,28.0473
2026-06-05 08:00:00,13.6,14.2,11.3,7.0,62,10.5,204,827.8,0.0,South Africa,Johannesburg,-26.2041,28.0473
2026-06-05 09:00:00,12.8,13.4,8.9,8.5,57,7.9,215,827.6,0.0,South Africa,Johannesburg,-26.2041,28.0473
2026-06-05 10:00:00,12.5,13.2,7.9,9.8,51,6.4,230,827.6,0.0,South Africa,Johannesburg,-26.2041,28.0473
2026-06-05 11:00:00,12.4,13.0,7.6,10.9,46,6.4,238,827.5,0.0,South Africa,Johannesburg,-26.2041,28.0473
2026-06-05 12:00:00,8.8,8.8,7.2,12.0,41,8.5,235,827.6,0.0,South Africa,Johannesburg,-26.2041,28.0473
2026-06-05 13:00:00,8.8,8.9,8.6,11.9,42,8.1,235,827.8,0.0,South Africa,Johannesburg,-26.2041,28.0473
2026-06-05 14:00:00,9.2,9.4,11.0,11.3,45,7.9,235,827.9,0.0,South Africa,Johannesburg,-26.2041,28.0473
2026-06-05 15:00:00,11.0,11.2,15.3,10.2,50,7.8,230,827.8,0.0,South Africa,Johannesburg,-26.2041,28.0473
2026-06-05 16:00:00,26.2,26.7,23.8,8.8,58,6.2,221,828.0,0.0,South Africa,Johannesburg,-26.2041,28.0473
2026-06-05 17:00:00,35.9,36.7,34.2,7.9,63,6.4,216,828.5,0.0,South Africa,Johannesburg,-26.2041,28.0473
2026-06-05 18:00:00,39.8,40.7,41.2,6.9,66,7.2,208,828.6,0.0,South Africa,Johannesburg,-26.2041,28.0473
2026-06-05 19:00:00,39.0,40.0,41.9,6.1,70,6.3,198,828.4,0.0,South Africa,Johannesburg,-26.2041,28.0473
2026-06-05 20:00:00,40.4,41.7,39.1,5.6,72,5.8,189,828.1,0.0,South Africa,Johannesburg,-26.2041,28.0473
2026-06-05 21:00:00,40.2,41.6,35.7,5.0,75,5.4,176,827.9,0.0,South Africa,Johannesburg,-26.2041,28.0473
2026-06-05 22:00:00,35.3,36.7,32.2,4.5,77,5.0,165,827.6,0.0,South Africa,Johannesburg,-26.2041,28.0473
2026-06-05 23:00:00,33.8,35.3,28.1,4.0,80,5.0,167,827.3,0.0,South Africa,Johannesburg,-26.2041,28.0473
2026-06-06 00:00:00,51.2,52.9,36.4,3.1,83,6.2,168,827.3,0.0,South Africa,Johannesburg,-26.2041,28.0473
2026-06-06 01:00:00,50.9,52.6,35.0,2.4,86,5.1,176,827.0,0.0,South Africa,Johannesburg,-26.2041,28.0473
2026-06-06 02:00:00,49.2,51.1,33.0,2.1,87,5.2,176,827.1,0.0,South Africa,Johannesburg,-26.2041,28.0473
2026-06-06 03:00:00,48.0,49.9,32.2,2.3,86,6.0,175,827.5,0.0,South Africa,Johannesburg,-26.2041,28.0473
2026-06-06 04:00:00,48.0,50.1,34.4,2.4,85,6.7,172,827.8,0.0,South Africa,Johannesburg,-26.2041,28.0473
2026-06-06 05:00:00,59.8,62.2,37.7,2.3,85,7.3,170,828.4,0.0,South Africa,Johannesburg,-26.2041,28.0473
2026-06-06 06:00:00,71.7,74.0,37.6,3.6,81,9.5,170,830.2,0.0,South Africa,Johannesburg,-26.2041,28.0473
2026-06-06 07:00:00,32.1,33.8,30.4,5.8,69,9.6,177,832.0,0.0,South Africa,Johannesburg,-26.2041,28.0473
2026-06-06 08:00:00,22.8,24.3,19.9,7.1,61,7.8,176,832.5,0.0,South Africa,Johannesburg,-26.2041,28.0473
2026-06-06 09:00:00,21.0,22.2,12.5,8.7,53,5.1,170,832.6,0.0,South Africa,Johannesburg,-26.2041,28.0473
2026-06-06 10:00:00,19.9,21.0,10.8,10.2,48,2.9,180,832.5,0.0,South Africa,Johannesburg,-26.2041,28.0473
2026-06-06 11:00:00,19.6,20.5,12.2,11.4,45,1.4,220,832.4,0.0,South Africa,Johannesburg,-26.2041,28.0473
2026-06-06 12:00:00,16.3,16.3,15.3,13.4,37,3.2,286,832.5,0.0,South Africa,Johannesburg,-26.2041,28.0473
2026-06-06 13:00:00,18.3,18.3,19.6,14.0,35,3.1,294,832.7,0.0,South Africa,Johannesburg,-26.2041,28.0473
2026-06-06 14:00:00,19.3,19.3,26.0,13.9,34,3.0,295,832.6,0.0,South Africa,Johannesburg,-26.2041,28.0473
2026-06-06 15:00:00,28.6,28.7,34.1,12.6,50,0.9,360,832.1,0.0,South Africa,Johannesburg,-26.2041,28.0473
2026-06-06 16:00:00,55.5,55.6,46.0,11.0,57,0.4,63,831.8,0.0,South Africa,Johannesburg,-26.2041,28.0473
2026-06-06 17:00:00,78.2,79.6,59.7,10.2,58,0.8,225,832.4,0.0,South Africa,Johannesburg,-26.2041,28.0473
2026-06-06 18:00:00,94.3,96.2,68.1,8.9,58,1.1,198,832.3,0.0,South Africa,Johannesburg,-26.2041,28.0473
2026-06-06 19:00:00,98.0,99.4,67.0,8.0,57,2.2,175,832.1,0.0,South Africa,Johannesburg,-26.2041,28.0473
2026-06-06 20:00:00,104.5,105.7,60.7,7.1,58,3.8,175,831.6,0.0,South Africa,Johannesburg,-26.2041,28.0473
2026-06-06 21:00:00,109.9,111.1,55.1,6.4,60,4.0,175,831.5,0.0,South Africa,Johannesburg,-26.2041,28.0473
2026-06-06 22:00:00,103.8,104.8,52.3,5.9,63,2.6,168,831.2,0.0,South Africa,Johannesburg,-26.2041,28.0473
2026-06-06 23:00:00,101.3,102.0,50.3,5.4,64,2.3,157,830.9,0.0,South Africa,Johannesburg,-26.2041,28.0473
2026-06-07 00:00:00,100.4,101.3,47.2,4.5,65,2.5,135,830.4,0.0,South Africa,Johannesburg,-26.2041,28.0473
2026-06-07 01:00:00,100.6,101.5,47.2,4.6,63,1.0,158,830.4,0.0,South Africa,Johannesburg,-26.2041,28.0473
2026-06-07 02:00:00,103.1,104.1,47.3,4.4,63,0.2,180,830.2,0.0,South Africa,Johannesburg,-26.2041,28.0473
2026-06-07 03:00:00,107.6,108.5,48.2,4.2,64,1.4,203,830.0,0.0,South Africa,Johannesburg,-26.2041,28.0473
2026-06-07 04:00:00,110.6,111.8,52.4,3.9,64,2.1,195,830.3,0.0,South Africa,Johannesburg,-26.2041,28.0473
2026-06-07 05:00:00,119.7,120.6,57.5,3.5,66,3.8,188,830.9,0.0,South Africa,Johannesburg,-26.2041,28.0473
2026-06-07 06:00:00,119.2,120.6,57.0,5.7,63,4.9,182,832.8,0.0,South Africa,Johannesburg,-26.2041,28.0473
2026-06-07 07:00:00,74.7,76.8,45.7,9.4,52,3.5,168,835.5,0.0,South Africa,Johannesburg,-26.2041,28.0473
2026-06-07 08:00:00,33.1,33.4,28.8,11.2,42,2.8,195,836.6,0.0,South Africa,Johannesburg,-26.2041,28.0473
2026-06-07 09:00:00,24.1,24.2,16.2,12.6,38,2.2,235,837.0,0.0,South Africa,Johannesburg,-26.2041,28.0473
2026-06-07 10:00:00,21.0,21.0,11.8,14.0,34,3.1,263,836.9,0.0,South Africa,Johannesburg,-26.2041,28.0473
2026-06-07 11:00:00,20.3,20.3,11.7,15.2,31,3.5,282,836.7,0.0,South Africa,Johannesburg,-26.2041,28.0473
2026-06-07 12:00:00,20.3,20.3,15.1,16.8,29,4.6,324,836.3,0.0,South Africa,Johannesburg,-26.2041,28.0473
2026-06-07 13:00:00,20.8,20.9,17.5,17.2,28,5.0,322,836.2,0.0,South Africa,Johannesburg,-26.2041,28.0473
2026-06-07 14:00:00,20.5,20.5,21.4,17.1,28,4.9,336,835.9,0.0,South Africa,Johannesburg,-26.2041,28.0473
2026-06-07 15:00:00,28.6,28.6,28.8,14.7,48,4.2,5,834.9,0.0,South Africa,Johannesburg,-26.2041,28.0473
2026-06-07 16:00:00,55.2,55.2,43.3,12.5,55,4.7,4,834.7,0.0,South Africa,Johannesburg,-26.2041,28.0473
2026-06-07 17:00:00,80.8,82.0,61.3,11.3,60,5.2,346,834.9,0.0,South Africa,Johannesburg,-26.2041,28.0473
2026-06-07 18:00:00,113.4,115.0,74.5,10.9,56,6.9,307,835.0,0.0,South Africa,Johannesburg,-26.2041,28.0473
2026-06-07 19:00:00,144.4,146.2,78.7,10.3,58,5.9,290,834.8,0.0,South Africa,Johannesburg,-26.2041,28.0473
2026-06-07 20:00:00,173.2,175.1,78.0,9.8,59,5.7,281,834.5,0.0,South Africa,Johannesburg,-26.2041,28.0473
2026-06-07 21:00:00,197.9,199.8,77.0,9.6,57,5.9,290,834.2,0.0,South Africa,Johannesburg,-26.2041,28.0473
2026-06-07 22:00:00,204.9,206.8,77.0,9.0,57,6.1,284,833.6,0.0,South Africa,Johannesburg,-26.2041,28.0473
2026-06-07 23:00:00,201.6,203.0,76.5,9.0,56,6.5,276,833.4,0.0,South Africa,Johannesburg,-26.2041,28.0473
2026-06-08 00:00:00,164.8,166.7,81.6,8.4,59,6.0,279,832.7,0.0,South Africa,Johannesburg,-26.2041,28.0473
2026-06-08 01:00:00,141.1,143.0,78.5,8.2,57,6.0,261,832.4,0.0,South Africa,Johannesburg,-26.2041,28.0473
2026-06-08 02:00:00,118.0,119.7,74.3,7.4,55,6.2,240,831.6,0.0,South Africa,Johannesburg,-26.2041,28.0473
2026-06-08 03:00:00,103.1,104.8,71.9,6.9,52,6.2,237,830.9,0.0,South Africa,Johannesburg,-26.2041,28.0473
2026-06-08 04:00:00,99.4,101.0,75.2,6.9,50,6.7,234,831.0,0.0,South Africa,Johannesburg,-26.2041,28.0473
2026-06-08 05:00:00,121.1,122.5,80.3,6.8,50,6.5,231,831.7,0.0,South Africa,Johannesburg,-26.2041,28.0473
2026-06-08 06:00:00,147.6,149.5,77.9,8.7,49,6.9,233,833.1,0.0,South Africa,Johannesburg,-26.2041,28.0473
2026-06-08 07:00:00,95.0,97.3,60.5,11.9,43,6.6,244,835.5,0.0,South Africa,Johannesburg,-26.2041,28.0473
2026-06-08 08:00:00,34.7,35.4,35.7,14.5,34,4.7,261,836.7,0.0,South Africa,Johannesburg,-26.2041,28.0473
2026-06-08 09:00:00,22.4,22.4,16.9,16.1,27,6.6,257,836.8,0.0,South Africa,Johannesburg,-26.2041,28.0473
2026-06-08 10:00:00,17.9,17.9,9.9,17.7,21,7.6,252,836.7,0.0,South Africa,Johannesburg,-26.2041,28.0473
2026-06-08 11:00:00,15.3,15.3,8.8,18.9,17,9.4,244,836.7,0.0,South Africa,Johannesburg,-26.2041,28.0473
2026-06-08 12:00:00,13.0,13.0,10.1,19.8,15,10.9,232,835.7,0.0,South Africa,Johannesburg,-26.2041,28.0473
2026-06-08 13:00:00,11.4,11.4,12.8,19.6,16,11.9,228,835.5,0.0,South Africa,Johannesburg,-26.2041,28.0473
2026-06-08 14:00:00,10.8,10.8,17.1,18.6,21,10.3,229,835.1,0.0,South Africa,Johannesburg,-26.2041,28.0473
2026-06-08 15:00:00,17.1,17.2,23.4,16.3,31,5.5,229,834.0,0.0,South Africa,Johannesburg,-26.2041,28.0473
2026-06-08 16:00:00,34.1,34.5,33.7,14.5,36,6.0,213,833.3,0.0,South Africa,Johannesburg,-26.2041,28.0473
2026-06-08 17:00:00,48.5,49.1,46.1,13.8,38,6.0,209,833.4,0.0,South Africa,Johannesburg,-26.2041,28.0473
2026-06-08 18:00:00,65.7,66.4,55.8,13.0,44,5.2,194,832.9,0.0,South Africa,Johannesburg,-26.2041,28.0473
2026-06-08 19:00:00,89.4,90.3,60.7,12.3,44,4.8,195,832.8,0.0,South Africa,Johannesburg,-26.2041,28.0473
2026-06-08 20:00:00,119.2,120.1,62.8,11.7,46,3.2,199,832.4,0.0,South Africa,Johannesburg,-26.2041,28.0473
2026-06-08 21:00:00,144.4,145.3,64.0,11.3,46,2.8,191,832.0,0.0,South Africa,Johannesburg,-26.2041,28.0473
2026-06-08 22:00:00,151.8,152.7,64.3,11.5,46,2.5,172,831.9,0.0,South Africa,Johannesburg,-26.2041,28.0473
2026-06-08 23:00:00,156.9,157.9,63.7,11.3,47,1.3,146,831.4,0.0,South Africa,Johannesburg,-26.2041,28.0473
2026-06-09 00:00:00,127.1,128.1,58.9,10.7,47,1.5,166,830.6,0.0,South Africa,Johannesburg,-26.2041,28.0473
2026-06-09 01:00:00,136.9,137.8,58.0,11.0,47,1.7,238,830.7,0.0,South Africa,Johannesburg,-26.2041,28.0473
2026-06-09 02:00:00,144.4,145.3,57.0,11.6,45,2.1,290,831.0,0.0,South Africa,Johannesburg,-26.2041,28.0473
2026-06-09 03:00:00,146.2,146.7,57.7,12.0,44,1.4,360,831.0,0.0,South Africa,Johannesburg,-26.2041,28.0473
2026-06-09 04:00:00,145.8,146.7,63.1,11.8,43,1.8,45,830.8,0.0,South Africa,Johannesburg,-26.2041,28.0473
2026-06-09 05:00:00,163.4,164.4,70.2,11.1,46,3.3,22,831.0,0.0,South Africa,Johannesburg,-26.2041,28.0473
2026-06-09 06:00:00,170.4,171.4,71.3,12.2,39,7.8,5,832.3,0.0,South Africa,Johannesburg,-26.2041,28.0473
2026-06-09 07:00:00,109.0,110.8,61.2,13.9,40,8.5,4,833.4,0.0,South Africa,Johannesburg,-26.2041,28.0473
2026-06-09 08:00:00,49.2,50.6,45.2,15.4,37,9.9,355,834.2,0.0,South Africa,Johannesburg,-26.2041,28.0473
2026-06-09 09:00:00,32.8,32.8,31.2,16.6,34,12.7,345,834.5,0.0,South Africa,Johannesburg,-26.2041,28.0473
2026-06-09 10:00:00,24.7,24.7,21.5,17.6,31,14.9,341,833.9,0.0,South Africa,Johannesburg,-26.2041,28.0473
2026-06-09 11:00:00,18.2,18.2,13.8,18.4,29,16.6,336,833.9,0.0,South Africa,Johannesburg,-26.2041,28.0473
2026-06-09 12:00:00,12.6,12.7,7.4,19.1,27,17.0,336,833.0,0.0,South Africa,Johannesburg,-26.2041,28.0473
2026-06-09 13:00:00,11.5,11.6,8.5,18.7,27,17.1,338,832.4,0.0,South Africa,Johannesburg,-26.2041,28.0473
2026-06-09 14:00:00,11.5,11.5,10.7,18.1,28,14.8,337,832.1,0.0,South Africa,Johannesburg,-26.2041,28.0473
2026-06-09 15:00:00,15.4,15.4,16.1,16.5,34,11.2,338,831.9,0.0,South Africa,Johannesburg,-26.2041,28.0473
2026-06-09 16:00:00,27.5,27.6,27.8,14.7,43,9.3,341,831.4,0.0,South Africa,Johannesburg,-26.2041,28.0473
2026-06-09 17:00:00,41.7,41.8,42.9,14.0,47,8.2,350,831.6,0.0,South Africa,Johannesburg,-26.2041,28.0473
2026-06-09 18:00:00,52.6,52.7,54.7,13.4,48,7.4,346,831.6,0.0,South Africa,Johannesburg,-26.2041,28.0473
2026-06-09 19:00:00,64.5,65.0,60.9,12.9,50,6.5,357,831.5,0.0,South Africa,Johannesburg,-26.2041,28.0473
2026-06-09 20:00:00,82.9,83.4,63.8,12.3,52,5.6,360,831.1,0.0,South Africa,Johannesburg,-26.2041,28.0473
2026-06-09 21:00:00,92.7,93.4,64.2,11.8,52,5.8,20,831.1,0.0,South Africa,Johannesburg,-26.2041,28.0473
2026-06-09 22:00:00,85.9,86.8,61.8,11.0,57,5.2,2,830.9,0.0,South Africa,Johannesburg,-26.2041,28.0473
2026-06-09 23:00:00,82.4,82.9,56.8,10.5,57,4.9,358,830.9,0.0,South Africa,Johannesburg,-26.2041,28.0473
2026-06-10 00:00:00,128.1,128.5,57.9,9.1,61,7.9,79,830.6,0.0,South Africa,Johannesburg,-26.2041,28.0473
2026-06-10 01:00:00,115.3,115.9,56.1,8.2,65,7.5,75,830.2,0.0,South Africa,Johannesburg,-26.2041,28.0473
2026-06-10 02:00:00,92.4,93.1,53.4,7.8,72,7.9,55,830.2,0.0,South Africa,Johannesburg,-26.2041,28.0473
2026-06-10 03:00:00,72.9,73.6,50.0,7.7,78,8.4,43,830.3,0.0,South Africa,Johannesburg,-26.2041,28.0473
2026-06-10 04:00:00,57.0,57.3,46.1,7.5,84,9.0,37,830.5,0.0,South Africa,Johannesburg,-26.2041,28.0473
2026-06-10 05:00:00,53.9,54.4,41.6,7.4,87,8.4,35,831.1,0.0,South Africa,Johannesburg,-26.2041,28.0473
2026-06-10 06:00:00,52.2,52.2,36.2,8.4,87,9.1,30,832.8,0.0,South Africa,Johannesburg,-26.2041,28.0473
2026-06-10 07:00:00,42.6,42.7,28.8,10.5,80,8.5,25,834.2,0.0,South Africa,Johannesburg,-26.2041,28.0473
2026-06-10 08:00:00,31.4,31.5,20.5,12.4,72,8.7,17,835.1,0.0,South Africa,Johannesburg,-26.2041,28.0473
2026-06-10 09:00:00,23.9,24.0,14.0,14.2,61,8.4,7,835.2,0.0,South Africa,Johannesburg,-26.2041,28.0473
2026-06-10 10:00:00,20.3,20.4,10.1,15.4,54,8.3,356,835.0,0.0,South Africa,Johannesburg,-26.2041,28.0473
2026-06-10 11:00:00,19.3,19.3,8.0,16.2,49,8.2,351,834.9,0.0,South Africa,Johannesburg,-26.2041,28.0473
2026-06-10 12:00:00,25.1,25.3,9.0,17.1,45,8.1,355,834.5,0.0,South Africa,Johannesburg,-26.2041,28.0473
2026-06-10 13:00:00,25.0,25.2,10.7,17.1,43,7.5,350,834.3,0.0,South Africa,Johannesburg,-26.2041,28.0473
2026-06-10 14:00:00,24.9,25.0,13.8,16.8,42,7.1,350,834.3,0.0,South Africa,Johannesburg,-26.2041,28.0473
2026-06-10 15:00:00,31.0,31.2,22.5,15.7,45,6.4,342,833.8,0.0,South Africa,Johannesburg,-26.2041,28.0473
2026-06-10 16:00:00,57.4,57.5,43.0,14.0,54,5.9,337,833.6,0.0,South Africa,Johannesburg,-26.2041,28.0473
2026-06-10 17:00:00,81.5,81.7,69.0,13.0,61,6.1,336,834.0,0.0,South Africa,Johannesburg,-26.2041,28.0473
2026-06-10 18:00:00,96.6,96.9,85.9,12.0,67,5.6,338,833.6,0.0,South Africa,Johannesburg,-26.2041,28.0473
2026-06-10 19:00:00,96.4,97.1,86.6,11.5,69,5.4,346,833.5,0.0,South Africa,Johannesburg,-26.2041,28.0473
2026-06-10 20:00:00,90.6,91.3,78.2,11.2,69,7.7,1,833.4,0.0,South Africa,Johannesburg,-26.2041,28.0473
2026-06-10 21:00:00,81.0,81.7,67.4,10.7,73,10.9,7,833.5,0.0,South Africa,Johannesburg,-26.2041,28.0473
2026-06-10 22:00:00,65.7,66.4,54.5,9.4,85,9.9,10,833.2,0.0,South Africa,Johannesburg,-26.2041,28.0473
2026-06-10 23:00:00,50.5,51.0,39.2,8.8,90,9.3,15,832.9,0.0,South Africa,Johannesburg,-26.2041,28.0473
2026-06-11 00:00:00,37.4,37.7,25.7,8.0,90,8.3,14,832.9,0.0,South Africa,Johannesburg,-26.2041,28.0473
2026-06-11 01:00:00,33.1,33.4,23.2,7.8,91,7.9,13,832.7,0.0,South Africa,Johannesburg,-26.2041,28.0473
2026-06-11 02:00:00,32.4,32.7,20.2,7.4,92,6.5,8,832.5,0.0,South Africa,Johannesburg,-26.2041,28.0473
2026-06-11 03:00:00,35.4,35.7,20.9,7.0,93,6.1,12,832.5,0.0,South Africa,Johannesburg,-26.2041,28.0473
2026-06-11 04:00:00,43.7,44.1,30.2,6.7,95,6.2,22,832.8,0.0,South Africa,Johannesburg,-26.2041,28.0473
2026-06-11 05:00:00,67.1,67.5,43.2,6.1,97,5.6,25,832.9,0.0,South Africa,Johannesburg,-26.2041,28.0473
2026-06-11 06:00:00,82.4,83.1,49.2,8.0,95,8.0,18,834.3,0.0,South Africa,Johannesburg,-26.2041,28.0473
2026-06-11 07:00:00,57.7,58.2,41.5,10.2,84,7.6,7,835.7,0.0,South Africa,Johannesburg,-26.2041,28.0473
2026-06-11 08:00:00,41.7,42.4,26.8,12.2,71,8.9,352,836.5,0.0,South Africa,Johannesburg,-26.2041,28.0473
2026-06-11 09:00:00,30.4,31.0,15.2,13.6,60,10.4,339,836.7,0.0,South Africa,Johannesburg,-26.2041,28.0473
2026-06-11 10:00:00,26.6,27.1,10.4,14.8,50,10.0,332,836.3,0.0,South Africa,Johannesburg,-26.2041,28.0473
2026-06-11 11:00:00,25.8,26.3,8.8,15.7,46,9.4,324,835.9,0.0,South Africa,Johannesburg,-26.2041,28.0473
2026-06-11 12:00:00,20.6,20.8,9.1,16.2,43,9.8,332,834.8,0.0,South Africa,Johannesburg,-26.2041,28.0473
2026-06-11 13:00:00,20.9,21.1,10.6,16.2,44,9.7,329,834.7,0.0,South Africa,Johannesburg,-26.2041,28.0473
2026-06-11 14:00:00,21.2,21.4,13.3,15.6,47,9.8,328,834.4,0.0,South Africa,Johannesburg,-26.2041,28.0473
2026-06-11 15:00:00,25.0,25.3,19.5,14.4,52,9.3,336,834.0,0.0,South Africa,Johannesburg,-26.2041,28.0473
2026-06-11 16:00:00,46.1,46.4,33.2,12.7,60,7.8,338,833.7,0.0,South Africa,Johannesburg,-26.2041,28.0473
2026-06-11 17:00:00,61.0,61.2,50.4,11.8,64,8.0,326,834.1,0.0,South Africa,Johannesburg,-26.2041,28.0473
2026-06-11 18:00:00,67.5,67.8,61.6,11.0,67,6.5,326,833.5,0.0,South Africa,Johannesburg,-26.2041,28.0473
2026-06-11 19:00:00,67.3,68.0,61.9,10.4,71,5.7,325,833.3,0.0,South Africa,Johannesburg,-26.2041,28.0473
2026-06-11 20:00:00,67.3,67.8,56.1,10.1,73,5.7,332,833.1,0.0,South Africa,Johannesburg,-26.2041,28.0473
2026-06-11 21:00:00,62.4,63.1,49.3,9.5,76,6.1,328,832.6,0.0,South Africa,Johannesburg,-26.2041,28.0473
2026-06-11 22:00:00,51.7,52.2,42.3,9.3,77,6.6,323,832.3,0.0,South Africa,Johannesburg,-26.2041,28.0473
2026-06-11 23:00:00,46.2,46.7,34.2,9.3,77,6.8,325,832.3,0.0,South Africa,Johannesburg,-26.2041,28.0473
2026-06-12 00:00:00,43.2,43.7,27.9,8.7,78,6.3,325,831.6,0.0,South Africa,Johannesburg,-26.2041,28.0473
2026-06-12 01:00:00,40.4,41.0,25.0,8.9,77,7.0,318,831.2,0.0,South Africa,Johannesburg,-26.2041,28.0473
2026-06-12 02:00:00,36.3,36.8,21.3,8.8,76,7.5,312,831.1,0.0,South Africa,Johannesburg,-26.2041,28.0473
2026-06-12 03:00:00,32.5,32.9,19.8,8.6,76,8.4,310,831.0,0.0,South Africa,Johannesburg,-26.2041,28.0473
2026-06-12 04:00:00,30.0,30.5,23.8,8.4,76,8.2,303,831.1,0.0,South Africa,Johannesburg,-26.2041,28.0473
2026-06-12 05:00:00,38.5,39.1,30.1,8.3,76,8.6,301,831.6,0.0,South Africa,Johannesburg,-26.2041,28.0473
2026-06-12 06:00:00,44.5,45.3,32.5,10.4,69,10.0,298,832.8,0.0,South Africa,Johannesburg,-26.2041,28.0473
2026-06-12 07:00:00,37.0,37.6,27.1,13.1,61,9.6,308,834.7,0.0,South Africa,Johannesburg,-26.2041,28.0473
2026-06-12 08:00:00,27.2,27.5,17.9,15.2,53,11.0,311,836.0,0.0,South Africa,Johannesburg,-26.2041,28.0473
2026-06-12 09:00:00,20.4,20.8,10.6,16.6,47,12.3,308,836.2,0.0,South Africa,Johannesburg,-26.2041,28.0473
2026-06-12 10:00:00,15.7,16.0,7.3,18.0,41,12.7,299,835.9,0.0,South Africa,Johannesburg,-26.2041,28.0473
2026-06-12 11:00:00,13.1,13.4,5.8,19.2,36,12.8,287,835.6,0.0,South Africa,Johannesburg,-26.2041,28.0473
2026-06-12 12:00:00,6.1,6.1,5.9,20.5,32,13.4,274,835.1,0.0,South Africa,Johannesburg,-26.2041,28.0473
2026-06-12 13:00:00,5.7,5.8,7.6,21.0,28,13.9,265,834.8,0.0,South Africa,Johannesburg,-26.2041,28.0473
2026-06-12 14:00:00,5.9,5.9,10.4,20.7,27,13.9,257,834.4,0.0,South Africa,Johannesburg,-26.2041,28.0473
2026-06-12 15:00:00,10.3,10.6,15.4,19.3,29,8.3,256,834.0,0.0,South Africa,Johannesburg,-26.2041,28.0473
2026-06-12 16:00:00,25.1,25.4,24.5,16.7,36,5.4,284,833.2,0.0,South Africa,Johannesburg,-26.2041,28.0473
2026-06-12 17:00:00,40.3,40.6,35.9,15.0,44,4.5,310,833.2,0.0,South Africa,Johannesburg,-26.2041,28.0473
2026-06-12 18:00:00,54.1,54.2,44.9,14.0,46,3.9,294,832.8,0.0,South Africa,Johannesburg,-26.2041,28.0473
2026-06-12 19:00:00,68.9,69.2,49.6,13.6,41,5.7,257,832.9,0.0,South Africa,Johannesburg,-26.2041,28.0473
2026-06-12 20:00:00,89.4,89.6,52.1,13.3,41,7.2,245,832.9,0.0,South Africa,Johannesburg,-26.2041,28.0473
2026-06-12 21:00:00,105.2,105.5,53.4,12.8,44,7.6,242,832.7,0.0,South Africa,Johannesburg,-26.2041,28.0473
2026-06-12 22:00:00,106.6,106.9,53.8,11.9,47,6.9,237,832.1,0.0,South Africa,Johannesburg,-26.2041,28.0473
2026-06-12 23:00:00,110.4,110.6,53.0,11.3,49,7.3,237,831.6,0.0,South Africa,Johannesburg,-26.2041,28.0473
2026-06-13 00:00:00,84.5,84.8,47.3,10.9,50,7.6,236,831.5,0.0,South Africa,Johannesburg,-26.2041,28.0473
2026-06-13 01:00:00,78.7,78.9,44.6,10.4,53,7.7,229,831.4,0.0,South Africa,Johannesburg,-26.2041,28.0473
2026-06-13 02:00:00,76.6,76.8,41.4,9.4,57,6.5,224,830.6,0.0,South Africa,Johannesburg,-26.2041,28.0473
2026-06-13 03:00:00,82.0,82.2,42.9,8.8,60,5.9,211,830.4,0.0,South Africa,Johannesburg,-26.2041,28.0473
2026-06-13 04:00:00,96.2,96.6,55.7,8.2,63,3.8,183,830.4,0.0,South Africa,Johannesburg,-26.2041,28.0473
2026-06-13 05:00:00,138.8,139.2,73.2,7.8,64,1.8,135,830.8,0.0,South Africa,Johannesburg,-26.2041,28.0473
2026-06-13 06:00:00,197.4,198.4,80.1,10.2,61,1.3,180,832.5,0.0,South Africa,Johannesburg,-26.2041,28.0473
2026-06-13 07:00:00,124.8,126.7,66.0,14.3,47,3.4,302,835.6,0.0,South Africa,Johannesburg,-26.2041,28.0473
2026-06-13 08:00:00,43.9,44.9,41.3,16.9,31,4.4,330,837.4,0.0,South Africa,Johannesburg,-26.2041,28.0473
2026-06-13 09:00:00,29.3,29.3,22.0,18.1,28,5.6,329,837.8,0.0,South Africa,Johannesburg,-26.2041,28.0473
2026-06-13 10:00:00,26.3,26.4,14.4,19.1,26,6.0,327,837.7,0.0,South Africa,Johannesburg,-26.2041,28.0473
2026-06-13 11:00:00,24.0,24.0,12.2,20.0,23,6.9,332,837.3,0.0,South Africa,Johannesburg,-26.2041,28.0473
2026-06-13 12:00:00,10.7,10.7,8.1,21.5,20,9.2,329,836.9,0.0,South Africa,Johannesburg,-26.2041,28.0473
2026-06-13 13:00:00,9.7,9.7,9.7,21.4,21,9.9,335,836.5,0.0,South Africa,Johannesburg,-26.2041,28.0473
2026-06-13 14:00:00,9.3,9.3,12.4,20.5,24,11.5,338,836.3,0.0,South Africa,Johannesburg,-26.2041,28.0473
2026-06-13 15:00:00,15.9,16.1,18.3,18.7,28,10.1,338,836.0,0.0,South Africa,Johannesburg,-26.2041,28.0473
2026-06-13 16:00:00,38.1,38.8,31.2,16.7,35,8.7,333,835.6,0.0,South Africa,Johannesburg,-26.2041,28.0473
2026-06-13 17:00:00,54.8,55.4,47.3,15.6,40,6.2,322,835.7,0.0,South Africa,Johannesburg,-26.2041,28.0473
2026-06-13 18:00:00,60.3,60.8,57.7,14.7,46,6.0,344,835.5,0.0,South Africa,Johannesburg,-26.2041,28.0473
2026-06-13 19:00:00,56.3,56.8,58.1,14.2,49,6.2,352,835.6,0.0,South Africa,Johannesburg,-26.2041,28.0473
2026-06-13 20:00:00,55.9,56.2,52.7,13.5,52,6.1,358,835.2,0.0,South Africa,Johannesburg,-26.2041,28.0473
2026-06-13 21:00:00,52.5,52.9,46.1,13.3,53,7.1,6,835.1,0.0,South Africa,Johannesburg,-26.2041,28.0473
2026-06-13 22:00:00,41.1,41.6,38.5,12.8,54,11.5,9,835.6,0.0,South Africa,Johannesburg,-26.2041,28.0473
2026-06-13 23:00:00,31.9,32.6,29.6,11.1,67,11.3,9,835.2,0.0,South Africa,Johannesburg,-26.2041,28.0473
2026-06-14 00:00:00,27.1,28.1,23.6,10.4,77,12.2,8,834.8,0.0,South Africa,Johannesburg,-26.2041,28.0473
2026-06-14 01:00:00,21.0,22.4,20.6,9.7,84,13.0,1,834.2,0.0,South Africa,Johannesburg,-26.2041,28.0473
2026-06-14 02:00:00,17.3,18.7,16.6,9.1,89,13.7,357,834.2,0.0,South Africa,Johannesburg,-26.2041,28.0473
2026-06-14 03:00:00,15.6,16.8,14.2,8.6,93,12.8,357,834.1,0.0,South Africa,Johannesburg,-26.2041,28.0473
2026-06-14 04:00:00,16.0,17.1,15.4,8.2,96,13.0,358,834.1,0.0,South Africa,Johannesburg,-26.2041,28.0473
2026-06-14 05:00:00,21.5,22.6,18.3,8.0,99,13.7,356,834.7,0.0,South Africa,Johannesburg,-26.2041,28.0473
2026-06-14 06:00:00,26.8,28.0,19.6,9.1,97,12.8,354,835.7,0.0,South Africa,Johannesburg,-26.2041,28.0473
2026-06-14 07:00:00,29.6,31.4,17.6,10.9,88,13.0,350,836.9,0.0,South Africa,Johannesburg,-26.2041,28.0473
2026-06-14 08:00:00,26.4,28.7,14.0,13.0,75,14.8,347,837.8,0.0,South Africa,Johannesburg,-26.2041,28.0473
2026-06-14 09:00:00,23.6,25.0,11.0,14.7,65,15.7,342,838.1,0.0,South Africa,Johannesburg,-26.2041,28.0473
2026-06-14 10:00:00,22.2,23.1,9.2,16.3,55,16.8,339,837.9,0.0,South Africa,Johannesburg,-26.2041,28.0473
2026-06-14 11:00:00,21.2,21.9,8.0,17.3,50,16.7,335,837.4,0.0,South Africa,Johannesburg,-26.2041,28.0473
2026-06-14 12:00:00,15.6,15.8,7.5,18.3,43,16.5,335,837.0,0.0,South Africa,Johannesburg,-26.2041,28.0473
2026-06-14 13:00:00,15.9,16.1,8.6,18.0,43,16.3,333,836.6,0.0,South Africa,Johannesburg,-26.2041,28.0473
2026-06-14 14:00:00,16.4,16.7,10.5,17.1,46,14.8,333,836.2,0.0,South Africa,Johannesburg,-26.2041,28.0473
2026-06-14 15:00:00,18.5,18.8,14.3,15.6,53,13.4,334,835.7,0.0,South Africa,Johannesburg,-26.2041,28.0473
2026-06-14 16:00:00,26.5,26.9,21.6,14.1,61,11.0,337,835.4,0.0,South Africa,Johannesburg,-26.2041,28.0473
2026-06-14 17:00:00,38.9,39.5,30.8,13.2,67,10.2,334,835.6,0.0,South Africa,Johannesburg,-26.2041,28.0473
2026-06-14 18:00:00,47.8,48.8,37.8,12.3,69,10.8,330,835.3,0.0,South Africa,Johannesburg,-26.2041,28.0473
2026-06-14 19:00:00,53.8,54.9,41.2,12.0,71,9.9,331,835.4,0.0,South Africa,Johannesburg,-26.2041,28.0473
2026-06-14 20:00:00,60.3,61.5,42.5,11.6,74,10.0,334,835.0,0.0,South Africa,Johannesburg,-26.2041,28.0473
2026-06-14 21:00:00,61.9,63.3,41.8,11.3,77,9.7,332,834.8,0.0,South Africa,Johannesburg,-26.2041,28.0473
2026-06-14 22:00:00,56.6,57.9,37.9,10.7,82,9.3,336,834.4,0.0,South Africa,Johannesburg,-26.2041,28.0473
2026-06-14 23:00:00,51.5,52.6,32.1,10.3,86,9.4,337,834.2,0.0,South Africa,Johannesburg,-26.2041,28.0473
2026-06-15 00:00:00,41.3,41.9,23.7,9.9,86,8.1,335,833.8,0.0,South Africa,Johannesburg,-26.2041,28.0473
2026-06-15 01:00:00,42.1,43.0,22.7,9.7,86,8.1,329,833.4,0.0,South Africa,Johannesburg,-26.2041,28.0473
2026-06-15 02:00:00,42.7,43.5,21.9,9.3,88,7.7,329,832.9,0.0,South Africa,Johannesburg,-26.2041,28.0473
2026-06-15 03:00:00,45.8,46.8,26.2,8.8,89,6.9,329,832.5,0.0,South Africa,Johannesburg,-26.2041,28.0473
2026-06-15 04:00:00,55.1,56.2,42.4,8.1,91,5.5,324,832.3,0.0,South Africa,Johannesburg,-26.2041,28.0473
2026-06-15 05:00:00,87.5,89.6,63.7,7.8,91,4.6,318,832.6,0.0,South Africa,Johannesburg,-26.2041,28.0473
2026-06-15 06:00:00,140.2,142.5,73.8,10.1,85,4.3,355,834.4,0.0,South Africa,Johannesburg,-26.2041,28.0473
2026-06-15 07:00:00,74.5,76.4,62.1,12.5,73,5.7,351,836.2,0.0,South Africa,Johannesburg,-26.2041,28.0473
2026-06-15 08:00:00,44.7,45.3,39.4,14.2,61,6.4,352,837.1,0.0,South Africa,Johannesburg,-26.2041,28.0473
2026-06-15 09:00:00,36.1,36.8,21.4,15.8,51,5.8,358,837.2,0.0,South Africa,Johannesburg,-26.2041,28.0473
2026-06-15 10:00:00,31.7,32.2,14.3,17.1,42,6.9,5,836.8,0.0,South Africa,Johannesburg,-26.2041,28.0473
2026-06-15 11:00:00,29.1,29.5,12.0,18.0,36,7.7,3,836.3,0.0,South Africa,Johannesburg,-26.2041,28.0473
2026-06-15 12:00:00,20.5,20.5,11.7,18.8,30,7.9,360,835.7,0.0,South Africa,Johannesburg,-26.2041,28.0473
2026-06-15 13:00:00,20.8,20.8,13.7,18.9,29,7.4,360,835.3,0.0,South Africa,Johannesburg,-26.2041,28.0473
2026-06-15 14:00:00,21.1,21.1,17.0,18.5,29,7.9,360,834.8,0.0,South Africa,Johannesburg,-26.2041,28.0473
2026-06-15 15:00:00,26.2,26.2,24.2,17.0,34,6.1,2,834.3,0.0,South Africa,Johannesburg,-26.2041,28.0473
2026-06-15 16:00:00,49.6,49.6,38.7,14.9,44,5.8,355,833.6,0.0,South Africa,Johannesburg,-26.2041,28.0473
2026-06-15 17:00:00,64.0,64.5,56.9,13.6,55,5.2,335,833.9,0.0,South Africa,Johannesburg,-26.2041,28.0473
2026-06-15 18:00:00,70.5,71.5,71.1,12.3,60,3.4,357,833.2,0.0,South Africa,Johannesburg,-26.2041,28.0473
2026-06-15 19:00:00,80.1,81.5,77.6,11.8,60,2.5,356,833.3,0.0,South Africa,Johannesburg,-26.2041,28.0473
2026-06-15 20:00:00,95.0,96.4,80.0,11.0,62,4.0,32,832.9,0.0,South Africa,Johannesburg,-26.2041,28.0473
2026-06-15 21:00:00,111.5,113.2,80.8,10.5,59,5.5,41,832.8,0.0,South Africa,Johannesburg,-26.2041,28.0473
2026-06-15 22:00:00,116.2,117.8,80.7,10.3,54,6.8,32,832.8,0.0,South Africa,Johannesburg,-26.2041,28.0473
2026-06-15 23:00:00,117.3,118.7,78.9,9.8,54,6.5,34,832.5,0.0,South Africa,Johannesburg,-26.2041,28.0473
2026-06-16 00:00:00,59.8,60.8,50.1,9.5,61,8.9,27,832.6,0.0,South Africa,Johannesburg,-26.2041,28.0473
2026-06-16 01:00:00,52.3,53.3,44.6,9.1,64,7.9,27,832.6,0.0,South Africa,Johannesburg,-26.2041,28.0473
2026-06-16 02:00:00,47.1,48.3,37.0,8.3,68,6.2,36,832.3,0.0,South Africa,Johannesburg,-26.2041,28.0473
2026-06-16 03:00:00,44.1,45.3,32.0,7.7,72,6.1,43,832.3,0.0,South Africa,Johannesburg,-26.2041,28.0473
2026-06-16 04:00:00,42.1,43.3,33.0,7.1,75,5.7,41,832.5,0.0,South Africa,Johannesburg,-26.2041,28.0473
2026-06-16 05:00:00,48.8,49.7,36.5,6.8,77,5.9,43,832.9,0.0,South Africa,Johannesburg,-26.2041,28.0473
2026-06-16 06:00:00,52.3,53.2,36.9,8.5,73,8.1,43,835.0,0.0,South Africa,Johannesburg,-26.2041,28.0473
2026-06-16 07:00:00,40.6,42.1,30.5,10.7,68,7.6,36,836.9,0.0,South Africa,Johannesburg,-26.2041,28.0473
2026-06-16 08:00:00,26.0,26.4,21.1,12.5,61,9.4,26,837.7,0.0,South Africa,Johannesburg,-26.2041,28.0473
2026-06-16 09:00:00,18.9,18.9,13.6,13.8,53,8.5,21,838.0,0.0,South Africa,Johannesburg,-26.2041,28.0473
2026-06-16 10:00:00,17.2,17.2,10.0,14.9,46,7.9,17,838.0,0.0,South Africa,Johannesburg,-26.2041,28.0473
2026-06-16 11:00:00,17.0,17.1,8.4,15.6,42,7.7,11,837.5,0.0,South Africa,Johannesburg,-26.2041,28.0473
2026-06-16 12:00:00,17.9,18.0,10.2,16.0,39,8.0,18,836.8,0.0,South Africa,Johannesburg,-26.2041,28.0473
2026-06-16 13:00:00,18.1,18.1,11.4,16.1,38,8.0,8,836.5,0.0,South Africa,Johannesburg,-26.2041,28.0473
2026-06-16 14:00:00,18.0,18.0,13.8,15.6,39,8.1,356,836.3,0.0,South Africa,Johannesburg,-26.2041,28.0473
2026-06-16 15:00:00,20.9,20.9,20.9,14.5,43,8.6,345,836.1,0.0,South Africa,Johannesburg,-26.2041,28.0473
2026-06-16 16:00:00,45.3,45.3,37.8,13.1,48,9.3,342,836.0,0.0,South Africa,Johannesburg,-26.2041,28.0473
2026-06-16 17:00:00,65.4,66.6,59.5,12.0,51,8.1,355,836.3,0.0,South Africa,Johannesburg,-26.2041,28.0473
2026-06-16 18:00:00,75.4,76.8,74.6,11.1,57,6.6,26,836.1,0.0,South Africa,Johannesburg,-26.2041,28.0473
2026-06-16 19:00:00,77.3,78.5,77.4,10.4,62,5.1,58,836.3,0.0,South Africa,Johannesburg,-26.2041,28.0473
2026-06-16 20:00:00,79.9,80.8,73.6,10.1,64,5.6,69,836.1,0.0,South Africa,Johannesburg,-26.2041,28.0473
2026-06-16 21:00:00,84.8,85.7,69.1,9.8,67,4.5,67,835.8,0.0,South Africa,Johannesburg,-26.2041,28.0473
2026-06-16 22:00:00,82.9,83.8,66.1,9.5,68,5.2,34,835.5,0.0,South Africa,Johannesburg,-26.2041,28.0473
2026-06-16 23:00:00,78.0,79.2,62.3,10.3,66,8.9,7,836.0,0.0,South Africa,Johannesburg,-26.2041,28.0473
2026-06-17 00:00:00,47.5,48.7,43.6,9.3,75,8.4,23,835.9,0.0,South Africa,Johannesburg,-26.2041,28.0473
2026-06-17 01:00:00,39.7,41.0,37.5,8.7,83,8.9,21,835.4,0.0,South Africa,Johannesburg,-26.2041,28.0473
2026-06-17 02:00:00,32.8,34.5,29.3,8.5,88,8.9,21,835.2,0.0,South Africa,Johannesburg,-26.2041,28.0473
2026-06-17 03:00:00,29.7,31.2,24.8,8.0,92,9.1,18,834.8,0.0,South Africa,Johannesburg,-26.2041,28.0473
2026-06-17 04:00:00,31.3,32.7,28.7,7.8,93,7.7,18,834.8,0.0,South Africa,Johannesburg,-26.2041,28.0473
2026-06-17 05:00:00,44.7,46.1,36.3,7.6,94,6.6,11,835.2,0.0,South Africa,Johannesburg,-26.2041,28.0473
2026-06-17 06:00:00,62.6,63.8,39.6,9.0,91,8.4,19,836.9,0.0,South Africa,Johannesburg,-26.2041,28.0473
2026-06-17 07:00:00,39.5,41.2,33.6,10.9,80,8.6,16,838.0,0.0,South Africa,Johannesburg,-26.2041,28.0473
2026-06-17 08:00:00,29.9,32.7,23.2,12.5,67,7.0,21,839.0,0.0,South Africa,Johannesburg,-26.2041,28.0473
2026-06-17 09:00:00,23.3,25.5,15.4,14.0,54,4.7,47,839.1,0.0,South Africa,Johannesburg,-26.2041,28.0473
2026-06-17 10:00:00,19.4,20.4,12.5,14.9,46,4.8,65,838.8,0.0,South Africa,Johannesburg,-26.2041,28.0473
2026-06-17 11:00:00,18.9,19.6,12.2,14.6,46,5.2,63,837.9,0.0,South Africa,Johannesburg,-26.2041,28.0473
2026-06-17 12:00:00,21.0,22.2,16.4,14.6,45,6.0,100,837.4,0.0,South Africa,Johannesburg,-26.2041,28.0473
2026-06-17 13:00:00,20.2,21.1,21.0,15.0,42,5.5,103,837.2,0.0,South Africa,Johannesburg,-26.2041,28.0473
2026-06-17 14:00:00,19.8,20.7,27.6,14.9,41,5.1,96,836.8,0.0,South Africa,Johannesburg,-26.2041,28.0473
2026-06-17 15:00:00,20.0,20.8,34.9,14.3,42,3.7,76,836.4,0.0,South Africa,Johannesburg,-26.2041,28.0473
2026-06-17 16:00:00,38.8,39.5,43.3,12.8,51,2.8,125,835.7,0.0,South Africa,Johannesburg,-26.2041,28.0473
2026-06-17 17:00:00,54.9,56.1,52.3,12.1,50,4.2,115,836.1,0.0,South Africa,Johannesburg,-26.2041,28.0473
2026-06-17 18:00:00,69.2,70.1,58.9,11.4,55,4.9,62,835.8,0.0,South Africa,Johannesburg,-26.2041,28.0473
2026-06-17 19:00:00,82.7,83.8,61.6,11.0,52,5.6,40,835.6,0.0,South Africa,Johannesburg,-26.2041,28.0473
2026-06-17 20:00:00,101.0,102.4,61.9,10.0,60,4.7,16,835.2,0.0,South Africa,Johannesburg,-26.2041,28.0473
2026-06-17 21:00:00,113.6,116.2,61.9,9.3,64,4.0,69,834.7,0.0,South Africa,Johannesburg,-26.2041,28.0473
2026-06-17 22:00:00,108.0,111.1,62.5,8.9,66,5.2,59,834.2,0.0,South Africa,Johannesburg,-26.2041,28.0473
2026-06-17 23:00:00,97.8,100.4,62.8,9.0,67,7.7,37,833.9,0.0,South Africa,Johannesburg,-26.2041,28.0473
2026-06-18 00:00:00,67.5,69.8,61.9,9.5,66,9.3,28,834.4,0.0,South Africa,Johannesburg,-26.2041,28.0473
2026-06-18 01:00:00,62.4,64.7,58.3,8.4,79,8.0,36,833.9,0.0,South Africa,Johannesburg,-26.2041,28.0473
2026-06-18 02:00:00,58.1,60.3,53.3,7.8,88,6.8,50,833.3,0.0,South Africa,Johannesburg,-26.2041,28.0473
2026-06-18 03:00:00,55.3,57.4,49.7,7.7,92,5.2,41,833.2,0.0,South Africa,Johannesburg,-26.2041,28.0473
2026-06-18 04:00:00,57.0,59.1,50.0,7.4,94,4.3,28,833.3,0.0,South Africa,Johannesburg,-26.2041,28.0473
2026-06-18 05:00:00,74.7,76.6,51.6,7.5,95,4.4,38,833.9,0.0,South Africa,Johannesburg,-26.2041,28.0473
2026-06-18 06:00:00,76.1,77.8,49.5,9.0,91,5.5,44,834.9,0.0,South Africa,Johannesburg,-26.2041,28.0473
2026-06-18 07:00:00,34.6,36.6,39.5,10.6,85,6.3,31,836.2,0.0,South Africa,Johannesburg,-26.2041,28.0473
2026-06-18 08:00:00,31.2,32.8,25.8,11.2,81,6.4,22,836.4,0.1,South Africa,Johannesburg,-26.2041,28.0473
2026-06-18 09:00:00,23.4,24.6,15.6,12.1,72,5.6,22,836.4,0.0,South Africa,Johannesburg,-26.2041,28.0473
2026-06-18 10:00:00,19.2,20.3,12.2,12.8,62,4.7,16,835.8,0.0,South Africa,Johannesburg,-26.2041,28.0473
2026-06-18 11:00:00,19.9,20.7,12.2,13.1,59,3.8,355,835.2,0.0,South Africa,Johannesburg,-26.2041,28.0473
2026-06-18 12:00:00,24.8,26.0,13.1,13.3,57,3.9,62,834.5,0.0,South Africa,Johannesburg,-26.2041,28.0473
2026-06-18 13:00:00,26.1,27.3,15.0,13.7,53,3.1,77,834.2,0.0,South Africa,Johannesburg,-26.2041,28.0473
2026-06-18 14:00:00,29.2,30.4,18.1,13.8,52,1.8,101,833.9,0.0,South Africa,Johannesburg,-26.2041,28.0473
2026-06-18 15:00:00,32.4,33.6,23.8,13.6,52,2.9,137,833.8,0.0,South Africa,Johannesburg,-26.2041,28.0473
2026-06-18 16:00:00,55.5,56.9,35.0,13.3,52,4.9,144,834.0,0.0,South Africa,Johannesburg,-26.2041,28.0473
2026-06-18 17:00:00,63.8,65.7,48.9,12.9,53,3.6,127,834.0,0.0,South Africa,Johannesburg,-26.2041,28.0473
2026-06-18 18:00:00,72.4,75.2,57.6,11.8,60,5.4,84,833.8,0.0,South Africa,Johannesburg,-26.2041,28.0473
2026-06-18 19:00:00,73.8,76.4,57.3,11.6,66,3.8,87,833.9,0.0,South Africa,Johannesburg,-26.2041,28.0473
2026-06-18 20:00:00,70.8,73.1,52.0,11.3,68,3.5,105,833.6,0.0,South Africa,Johannesburg,-26.2041,28.0473
2026-06-18 21:00:00,62.4,64.7,45.8,10.6,71,3.6,123,833.4,0.0,South Africa,Johannesburg,-26.2041,28.0473
2026-06-18 22:00:00,48.4,50.6,39.1,10.1,72,3.9,114,832.9,0.0,South Africa,Johannesburg,-26.2041,28.0473
2026-06-18 23:00:00,40.6,42.5,31.5,10.2,69,5.1,94,832.7,0.0,South Africa,Johannesburg,-26.2041,28.0473
2026-06-19 00:00:00,58.0,60.1,41.0,9.7,69,5.6,90,832.8,0.0,South Africa,Johannesburg,-26.2041,28.0473
2026-06-19 01:00:00,55.6,57.3,43.2,10.0,64,6.7,85,832.8,0.0,South Africa,Johannesburg,-26.2041,28.0473
2026-06-19 02:00:00,57.9,59.6,46.3,8.8,66,5.2,76,831.9,0.0,South Africa,Johannesburg,-26.2041,28.0473
2026-06-19 03:00:00,64.7,67.1,48.9,8.2,66,5.4,70,831.5,0.0,South Africa,Johannesburg,-26.2041,28.0473
2026-06-19 04:00:00,75.0,78.0,51.6,7.9,65,5.7,81,831.4,0.0,South Africa,Johannesburg,-26.2041,28.0473
2026-06-19 05:00:00,93.8,98.5,53.8,7.7,65,5.7,79,832.0,0.0,South Africa,Johannesburg,-26.2041,28.0473
2026-06-19 06:00:00,96.9,101.5,52.5,9.4,59,8.2,71,833.7,0.0,South Africa,Johannesburg,-26.2041,28.0473
2026-06-19 07:00:00,76.1,78.2,44.5,11.3,53,7.1,83,835.4,0.0,South Africa,Johannesburg,-26.2041,28.0473
2026-06-19 08:00:00,49.1,50.2,33.1,12.7,46,10.7,74,836.2,0.0,South Africa,Johannesburg,-26.2041,28.0473
2026-06-19 09:00:00,28.3,29.4,25.1,13.8,42,11.0,72,836.5,0.0,South Africa,Johannesburg,-26.2041,28.0473
2026-06-19 10:00:00,22.9,23.9,23.8,14.8,37,11.7,76,836.3,0.0,South Africa,Johannesburg,-26.2041,28.0473
2026-06-19 11:00:00,21.5,22.6,25.9,15.3,34,11.8,78,836.2,0.0,South Africa,Johannesburg,-26.2041,28.0473
2026-06-19 12:00:00,20.8,21.8,22.5,15.6,35,15.0,73,835.4,0.0,South Africa,Johannesburg,-26.2041,28.0473
2026-06-19 13:00:00,21.5,22.5,24.8,15.5,37,15.6,75,835.6,0.0,South Africa,Johannesburg,-26.2041,28.0473
2026-06-19 14:00:00,23.1,24.1,28.1,15.2,37,14.8,84,835.6,0.0,South Africa,Johannesburg,-26.2041,28.0473
2026-06-19 15:00:00,24.5,25.4,31.0,14.8,40,13.2,92,835.6,0.0,South Africa,Johannesburg,-26.2041,28.0473
2026-06-19 16:00:00,27.0,27.9,33.4,13.7,49,15.7,85,835.8,0.0,South Africa,Johannesburg,-26.2041,28.0473
2026-06-19 17:00:00,27.8,28.6,35.5,12.8,58,15.4,66,836.0,0.0,South Africa,Johannesburg,-26.2041,28.0473
2026-06-19 18:00:00,29.0,29.8,36.8,11.7,69,16.6,74,836.0,0.0,South Africa,Johannesburg,-26.2041,28.0473
2026-06-19 19:00:00,31.0,32.0,37.2,10.6,77,14.7,68,836.2,0.0,South Africa,Johannesburg,-26.2041,28.0473
2026-06-19 20:00:00,30.6,31.5,36.9,10.0,81,14.2,69,835.9,0.0,South Africa,Johannesburg,-26.2041,28.0473
2026-06-19 21:00:00,28.0,28.9,35.8,9.5,84,14.3,70,835.9,0.0,South Africa,Johannesburg,-26.2041,28.0473
2026-06-19 22:00:00,24.3,25.1,33.6,8.9,85,14.4,70,835.8,0.0,South Africa,Johannesburg,-26.2041,28.0473
2026-06-19 23:00:00,22.4,23.1,30.6,8.6,85,14.4,74,835.6,0.0,South Africa,Johannesburg,-26.2041,28.0473
2026-06-20 00:00:00,14.3,14.5,23.6,8.2,82,17.3,78,835.2,0.0,South Africa,Johannesburg,-26.2041,28.0473
2026-06-20 01:00:00,13.1,13.3,21.9,7.7,85,15.3,81,835.3,0.0,South Africa,Johannesburg,-26.2041,28.0473
2026-06-20 02:00:00,11.8,12.0,19.7,7.3,89,14.1,83,835.2,0.0,South Africa,Johannesburg,-26.2041,28.0473
2026-06-20 03:00:00,10.7,10.9,18.4,7.0,91,13.9,80,835.1,0.0,South Africa,Johannesburg,-26.2041,28.0473
2026-06-20 04:00:00,10.5,10.8,19.1,7.0,92,13.7,80,835.3,0.0,South Africa,Johannesburg,-26.2041,28.0473
2026-06-20 05:00:00,11.4,12.0,20.7,6.8,93,13.6,82,835.6,0.0,South Africa,Johannesburg,-26.2041,28.0473
2026-06-20 06:00:00,11.5,12.3,21.6,8.3,86,16.9,75,836.4,0.0,South Africa,Johannesburg,-26.2041,28.0473
2026-06-20 07:00:00,11.4,12.5,20.8,10.0,76,18.1,66,837.6,0.0,South Africa,Johannesburg,-26.2041,28.0473
2026-06-20 08:00:00,11.3,12.4,19.2,11.6,68,20.3,53,838.5,0.0,South Africa,Johannesburg,-26.2041,28.0473
2026-06-20 09:00:00,11.7,13.2,17.7,12.3,62,20.7,45,838.5,0.0,South Africa,Johannesburg,-26.2041,28.0473
2026-06-20 10:00:00,10.5,12.1,16.4,13.0,57,18.6,40,838.1,0.0,South Africa,Johannesburg,-26.2041,28.0473
2026-06-20 11:00:00,10.8,12.5,15.1,13.3,56,16.6,34,837.9,0.0,South Africa,Johannesburg,-26.2041,28.0473
2026-06-20 12:00:00,11.8,13.7,13.0,13.6,53,16.4,29,836.7,0.0,South Africa,Johannesburg,-26.2041,28.0473
2026-06-20 13:00:00,11.5,13.3,12.9,13.4,54,16.9,22,836.8,0.0,South Africa,Johannesburg,-26.2041,28.0473
2026-06-20 14:00:00,11.5,13.2,12.8,12.5,59,15.6,14,836.8,0.0,South Africa,Johannesburg,-26.2041,28.0473
2026-06-20 15:00:00,12.3,14.0,14.1,12.1,61,14.1,17,836.8,0.0,South Africa,Johannesburg,-26.2041,28.0473
2026-06-20 16:00:00,16.7,18.2,18.0,11.6,67,11.9,14,837.1,0.0,South Africa,Johannesburg,-26.2041,28.0473
2026-06-20 17:00:00,21.7,23.2,23.1,11.4,68,9.0,20,837.0,0.0,South Africa,Johannesburg,-26.2041,28.0473
2026-06-20 18:00:00,23.5,25.1,26.8,10.6,73,11.9,31,836.7,0.0,South Africa,Johannesburg,-26.2041,28.0473
2026-06-20 19:00:00,26.3,27.9,28.0,10.1,78,13.1,13,837.0,0.0,South Africa,Johannesburg,-26.2041,28.0473
2026-06-20 20:00:00,27.9,29.6,27.8,9.2,86,12.6,10,836.9,0.1,South Africa,Johannesburg,-26.2041,28.0473
2026-06-20 21:00:00,26.2,27.6,26.6,8.9,89,11.3,9,836.8,0.1,South Africa,Johannesburg,-26.2041,28.0473
2026-06-20 22:00:00,22.3,23.7,23.9,8.7,90,11.5,10,836.4,0.1,South Africa,Johannesburg,-26.2041,28.0473
2026-06-20 23:00:00,19.3,20.7,20.2,8.7,90,11.3,13,836.0,0.1,South Africa,Johannesburg,-26.2041,28.0473
2026-06-21 00:00:00,17.2,18.6,18.7,8.4,93,10.2,21,835.5,0.2,South Africa,Johannesburg,-26.2041,28.0473
2026-06-21 01:00:00,15.5,16.9,18.0,8.3,94,8.7,14,835.2,0.3,South Africa,Johannesburg,-26.2041,28.0473
2026-06-21 02:00:00,15.3,16.6,17.2,8.3,97,8.1,24,835.1,1.3,South Africa,Johannesburg,-26.2041,28.0473
2026-06-21 03:00:00,15.5,16.8,17.9,8.3,98,9.8,35,834.7,1.2,South Africa,Johannesburg,-26.2041,28.0473
2026-06-21 04:00:00,17.3,18.5,21.9,8.2,98,7.6,36,834.8,0.6,South Africa,Johannesburg,-26.2041,28.0473
2026-06-21 05:00:00,23.6,24.7,27.3,8.1,98,6.8,37,835.0,0.1,South Africa,Johannesburg,-26.2041,28.0473
2026-06-21 06:00:00,28.7,29.8,30.6,8.3,96,11.9,30,835.5,0.2,South Africa,Johannesburg,-26.2041,28.0473
2026-06-21 07:00:00,26.5,27.8,29.8,8.5,95,14.3,23,836.2,0.1,South Africa,Johannesburg,-26.2041,28.0473
2026-06-21 08:00:00,25.0,26.3,26.8,9.2,90,15.1,12,836.5,0.0,South Africa,Johannesburg,-26.2041,28.0473
2026-06-21 09:00:00,22.4,23.5,23.5,10.8,79,16.4,4,836.7,0.1,South Africa,Johannesburg,-26.2041,28.0473
2026-06-21 10:00:00,20.2,21.4,20.0,11.0,78,16.2,357,836.4,0.1,South Africa,Johannesburg,-26.2041,28.0473
2026-06-21 11:00:00,18.3,19.6,16.2,10.8,80,15.0,355,836.1,0.1,South Africa,Johannesburg,-26.2041,28.0473
2026-06-21 12:00:00,15.4,16.7,14.3,10.6,81,14.5,352,835.6,0.1,South Africa,Johannesburg,-26.2041,28.0473
2026-06-21 13:00:00,14.4,15.7,15.5,10.2,84,11.8,352,835.2,0.1,South Africa,Johannesburg,-26.2041,28.0473
2026-06-21 14:00:00,15.3,16.4,17.5,10.4,83,10.0,353,835.1,0.0,South Africa,Johannesburg,-26.2041,28.0473
2026-06-21 15:00:00,17.3,18.2,21.0,10.0,84,9.2,1,835.1,0.0,South Africa,Johannesburg,-26.2041,28.0473
2026-06-21 16:00:00,28.3,28.9,27.7,9.7,88,7.6,12,835.5,0.0,South Africa,Johannesburg,-26.2041,28.0473
2026-06-21 17:00:00,37.5,38.0,36.0,9.4,92,7.7,11,835.7,0.1,South Africa,Johannesburg,-26.2041,28.0473
2026-06-21 18:00:00,43.0,43.5,41.9,8.8,99,9.6,6,835.2,0.0,South Africa,Johannesburg,-26.2041,28.0473
2026-06-21 19:00:00,42.5,43.0,43.5,8.8,98,10.5,4,835.4,0.1,South Africa,Johannesburg,-26.2041,28.0473
2026-06-21 20:00:00,42.3,42.8,42.7,8.8,98,9.4,356,835.2,0.5,South Africa,Johannesburg,-26.2041,28.0473
2026-06-21 21:00:00,39.7,40.4,40.9,8.8,99,9.2,357,835.1,0.3,South Africa,Johannesburg,-26.2041,28.0473
2026-06-21 22:00:00,34.5,35.3,38.1,8.8,98,9.6,357,835.2,0.1,South Africa,Johannesburg,-26.2041,28.0473
2026-06-21 23:00:00,31.5,32.4,34.3,8.7,99,9.4,356,834.7,0.1,South Africa,Johannesburg,-26.2041,28.0473
2026-06-22 00:00:00,18.5,19.2,21.3,8.4,99,7.9,11,834.7,0.1,South Africa,Johannesburg,-26.2041,28.0473
2026-06-22 01:00:00,16.1,16.6,21.1,8.6,97,7.9,357,834.3,0.0,South Africa,Johannesburg,-26.2041,28.0473
2026-06-22 02:00:00,15.7,16.1,21.0,8.6,98,6.7,360,833.9,0.0,South Africa,Johannesburg,-26.2041,28.0473
2026-06-22 03:00:00,19.2,19.7,21.8,8.1,99,5.6,353,833.5,0.0,South Africa,Johannesburg,-26.2041,28.0473
2026-06-22 04:00:00,19.6,20.2,24.7,7.8,100,3.1,3,833.6,0.0,South Africa,Johannesburg,-26.2041,28.0473
2026-06-22 05:00:00,37.8,38.5,28.4,7.7,100,2.8,15,833.9,0.0,South Africa,Johannesburg,-26.2041,28.0473
2026-06-22 06:00:00,31.1,31.9,30.1,8.8,97,4.1,15,835.0,0.0,South Africa,Johannesburg,-26.2041,28.0473
2026-06-22 07:00:00,23.3,24.0,28.1,10.2,84,6.0,353,835.6,0.0,South Africa,Johannesburg,-26.2041,28.0473
2026-06-22 08:00:00,24.9,25.3,24.2,11.5,76,7.1,341,836.0,0.0,South Africa,Johannesburg,-26.2041,28.0473
2026-06-22 09:00:00,25.3,25.4,20.5,12.3,71,9.1,326,835.8,0.0,South Africa,Johannesburg,-26.2041,28.0473
2026-06-22 10:00:00,25.7,25.9,16.9,12.9,68,9.9,328,835.4,0.0,South Africa,Johannesburg,-26.2041,28.0473
2026-06-22 11:00:00,23.9,24.2,13.6,13.0,67,10.3,335,834.8,0.0,South Africa,Johannesburg,-26.2041,28.0473
2026-06-22 12:00:00,19.2,19.4,11.2,13.0,65,10.2,343,833.5,0.0,South Africa,Johannesburg,-26.2041,28.0473
2026-06-22 13:00:00,17.5,17.6,13.9,14.4,58,11.8,329,833.8,0.0,South Africa,Johannesburg,-26.2041,28.0473
2026-06-22 14:00:00,16.7,16.9,18.0,13.6,60,12.8,329,833.1,0.1,South Africa,Johannesburg,-26.2041,28.0473
2026-06-22 15:00:00,19.7,20.0,23.1,12.5,68,11.9,328,833.1,0.0,South Africa,Johannesburg,-26.2041,28.0473
2026-06-22 16:00:00,28.2,28.6,30.3,11.0,78,10.2,324,832.9,0.0,South Africa,Johannesburg,-26.2041,28.0473
2026-06-22 17:00:00,34.8,35.6,38.5,10.0,86,8.7,318,833.0,0.0,South Africa,Johannesburg,-26.2041,28.0473
2026-06-22 18:00:00,41.4,42.5,44.6,10.0,85,7.7,329,832.9,0.0,South Africa,Johannesburg,-26.2041,28.0473
2026-06-22 19:00:00,46.8,47.8,47.1,9.5,87,7.2,325,832.9,0.0,South Africa,Johannesburg,-26.2041,28.0473
2026-06-22 20:00:00,52.4,53.3,47.4,8.9,90,7.8,328,832.5,0.0,South Africa,Johannesburg,-26.2041,28.0473
2026-06-22 21:00:00,55.4,56.3,46.7,8.5,92,8.1,323,832.2,0.0,South Africa,Johannesburg,-26.2041,28.0473
2026-06-22 22:00:00,51.2,52.3,44.6,8.1,94,7.6,313,831.8,0.0,South Africa,Johannesburg,-26.2041,28.0473
2026-06-22 23:00:00,48.1,49.1,41.4,7.8,95,7.4,311,831.3,0.0,South Africa,Johannesburg,-26.2041,28.0473
2026-06-23 00:00:00,50.4,51.3,42.0,7.3,98,8.2,338,830.8,0.0,South Africa,Johannesburg,-26.2041,28.0473
2026-06-23 01:00:00,46.1,47.1,38.8,7.3,98,8.3,336,830.9,0.0,South Africa,Johannesburg,-26.2041,28.0473
2026-06-23 02:00:00,41.7,42.7,34.6,7.1,98,6.1,328,830.6,0.0,South Africa,Johannesburg,-26.2041,28.0473
2026-06-23 03:00:00,43.0,44.1,32.8,6.6,99,3.1,339,830.2,0.0,South Africa,Johannesburg,-26.2041,28.0473
2026-06-23 04:00:00,53.6,54.8,36.7,6.6,99,1.7,13,830.3,0.0,South Africa,Johannesburg,-26.2041,28.0473
2026-06-23 05:00:00,76.4,78.0,42.9,6.4,99,1.0,31,830.7,0.0,South Africa,Johannesburg,-26.2041,28.0473
2026-06-23 06:00:00,74.7,76.1,45.0,7.7,98,7.6,345,832.1,0.0,South Africa,Johannesburg,-26.2041,28.0473
2026-06-23 07:00:00,84.3,86.1,38.7,9.6,90,8.2,334,833.4,0.0,South Africa,Johannesburg,-26.2041,28.0473
2026-06-23 08:00:00,57.9,60.5,28.1,11.1,80,8.1,328,834.5,0.0,South Africa,Johannesburg,-26.2041,28.0473
2026-06-23 09:00:00,40.3,42.5,19.4,12.7,74,6.6,313,834.9,0.0,South Africa,Johannesburg,-26.2041,28.0473
2026-06-23 10:00:00,33.6,34.7,14.3,14.0,69,7.8,312,835.1,0.0,South Africa,Johannesburg,-26.2041,28.0473
2026-06-23 11:00:00,26.8,27.7,11.0,14.9,64,8.6,306,834.8,0.0,South Africa,Johannesburg,-26.2041,28.0473
2026-06-23 12:00:00,15.5,16.1,8.6,15.0,65,7.6,297,833.5,0.1,South Africa,Johannesburg,-26.2041,28.0473
2026-06-23 13:00:00,14.0,14.8,11.5,15.7,58,7.3,314,833.5,0.1,South Africa,Johannesburg,-26.2041,28.0473
2026-06-23 14:00:00,14.1,14.9,16.0,14.9,61,8.3,319,833.1,0.1,South Africa,Johannesburg,-26.2041,28.0473
2026-06-23 15:00:00,19.2,20.1,22.9,14.0,68,5.1,350,832.7,0.1,South Africa,Johannesburg,-26.2041,28.0473
2026-06-23 16:00:00,37.1,38.2,34.8,12.4,76,7.9,344,832.7,0.0,South Africa,Johannesburg,-26.2041,28.0473
2026-06-23 17:00:00,48.8,49.8,49.1,11.7,82,9.2,343,833.1,0.0,South Africa,Johannesburg,-26.2041,28.0473
2026-06-23 18:00:00,56.1,57.0,59.2,10.6,84,4.6,339,832.5,0.0,South Africa,Johannesburg,-26.2041,28.0473
2026-06-23 19:00:00,61.7,62.6,62.3,10.4,83,2.7,328,832.5,0.0,South Africa,Johannesburg,-26.2041,28.0473
2026-06-23 20:00:00,69.4,70.5,61.2,10.1,82,4.6,318,832.3,0.0,South Africa,Johannesburg,-26.2041,28.0473
2026-06-23 21:00:00,71.5,72.4,58.1,10.1,81,5.5,308,832.3,0.0,South Africa,Johannesburg,-26.2041,28.0473
2026-06-23 22:00:00,60.3,61.2,52.4,9.8,83,5.9,317,832.2,0.0,South Africa,Johannesburg,-26.2041,28.0473
2026-06-23 23:00:00,50.4,51.5,44.8,9.4,84,6.1,304,832.0,0.0,South Africa,Johannesburg,-26.2041,28.0473
2026-06-24 00:00:00,105.5,106.9,66.0,8.4,88,5.1,276,831.7,0.0,South Africa,Johannesburg,-26.2041,28.0473
2026-06-24 01:00:00,93.8,95.0,63.7,8.4,87,5.9,268,831.5,0.0,South Africa,Johannesburg,-26.2041,28.0473
2026-06-24 02:00:00,88.2,89.4,60.9,8.4,86,6.3,272,831.3,0.0,South Africa,Johannesburg,-26.2041,28.0473
2026-06-24 03:00:00,90.1,91.3,61.8,8.3,85,6.3,270,831.2,0.0,South Africa,Johannesburg,-26.2041,28.0473
2026-06-24 04:00:00,99.9,100.8,72.8,8.2,85,6.3,268,831.5,0.0,South Africa,Johannesburg,-26.2041,28.0473
2026-06-24 05:00:00,133.6,135.0,87.5,8.1,86,5.3,282,831.9,0.0,South Africa,Johannesburg,-26.2041,28.0473
2026-06-24 06:00:00,186.7,188.1,91.2,10.3,83,5.2,270,833.8,0.0,South Africa,Johannesburg,-26.2041,28.0473
2026-06-24 07:00:00,124.3,126.7,73.0,13.3,76,5.2,290,836.0,0.0,South Africa,Johannesburg,-26.2041,28.0473
2026-06-24 08:00:00,43.3,44.2,43.8,15.2,68,5.0,289,837.3,0.0,South Africa,Johannesburg,-26.2041,28.0473
2026-06-24 09:00:00,31.2,31.4,21.1,16.7,56,5.2,274,837.7,0.0,South Africa,Johannesburg,-26.2041,28.0473
2026-06-24 10:00:00,23.9,24.4,11.9,17.8,44,5.7,252,837.4,0.0,South Africa,Johannesburg,-26.2041,28.0473
2026-06-24 11:00:00,19.4,20.1,9.3,18.6,38,6.0,237,837.5,0.0,South Africa,Johannesburg,-26.2041,28.0473
2026-06-24 12:00:00,18.2,19.0,10.3,19.6,31,5.1,207,836.6,0.0,South Africa,Johannesburg,-26.2041,28.0473
2026-06-24 13:00:00,17.2,17.9,14.6,19.7,31,5.8,189,836.7,0.0,South Africa,Johannesburg,-26.2041,28.0473
2026-06-24 14:00:00,16.5,17.1,22.4,19.1,33,7.0,167,836.6,0.0,South Africa,Johannesburg,-26.2041,28.0473
2026-06-24 15:00:00,25.7,26.2,31.4,16.9,42,8.4,145,836.2,0.0,South Africa,Johannesburg,-26.2041,28.0473
2026-06-24 16:00:00,44.8,45.2,42.6,14.8,49,9.6,139,835.5,0.0,South Africa,Johannesburg,-26.2041,28.0473
2026-06-24 17:00:00,56.3,57.2,54.8,14.0,54,7.4,141,835.7,0.0,South Africa,Johannesburg,-26.2041,28.0473
2026-06-24 18:00:00,61.0,62.6,62.7,13.4,56,8.6,116,836.1,0.0,South Africa,Johannesburg,-26.2041,28.0473
2026-06-24 19:00:00,62.4,64.0,62.9,12.8,59,7.8,124,836.0,0.0,South Africa,Johannesburg,-26.2041,28.0473
2026-06-24 20:00:00,63.8,65.4,58.8,11.7,63,5.7,108,835.6,0.0,South Africa,Johannesburg,-26.2041,28.0473
2026-06-24 21:00:00,63.6,65.2,54.2,11.0,67,4.9,80,835.5,0.0,South Africa,Johannesburg,-26.2041,28.0473
2026-06-24 22:00:00,60.3,61.9,50.6,10.4,69,4.8,37,835.4,0.0,South Africa,Johannesburg,-26.2041,28.0473
2026-06-24 23:00:00,58.7,60.3,46.6,10.2,69,3.1,66,834.9,0.0,South Africa,Johannesburg,-26.2041,28.0473
2026-06-25 00:00:00,51.3,52.7,42.2,10.5,64,6.5,84,835.0,0.0,South Africa,Johannesburg,-26.2041,28.0473
2026-06-25 01:00:00,41.4,42.8,36.2,9.8,67,6.5,96,834.3,0.0,South Africa,Johannesburg,-26.2041,28.0473
2026-06-25 02:00:00,36.0,37.1,29.8,8.7,72,6.7,92,833.8,0.0,South Africa,Johannesburg,-26.2041,28.0473
2026-06-25 03:00:00,36.4,37.1,26.9,8.6,74,6.9,65,834.4,0.0,South Africa,Johannesburg,-26.2041,28.0473
2026-06-25 04:00:00,41.0,41.7,31.2,8.6,75,6.5,51,834.8,0.0,South Africa,Johannesburg,-26.2041,28.0473
2026-06-25 05:00:00,55.5,56.6,38.9,8.7,76,7.4,41,835.7,0.0,South Africa,Johannesburg,-26.2041,28.0473
2026-06-25 06:00:00,68.7,70.1,42.7,10.3,73,9.0,29,837.6,0.0,South Africa,Johannesburg,-26.2041,28.0473
2026-06-25 07:00:00,70.5,71.5,38.4,12.5,68,9.0,16,839.5,0.0,South Africa,Johannesburg,-26.2041,28.0473
2026-06-25 08:00:00,52.7,53.0,30.3,14.1,62,9.5,10,840.4,0.0,South Africa,Johannesburg,-26.2041,28.0473
2026-06-25 09:00:00,40.4,40.6,23.3,15.6,55,8.8,4,840.7,0.0,South Africa,Johannesburg,-26.2041,28.0473
2026-06-25 10:00:00,29.9,30.2,18.5,16.8,47,7.4,354,840.4,0.0,South Africa,Johannesburg,-26.2041,28.0473
2026-06-25 11:00:00,27.9,28.2,15.0,17.4,42,5.8,358,839.9,0.0,South Africa,Johannesburg,-26.2041,28.0473
2026-06-25 12:00:00,27.6,27.8,11.1,17.8,41,5.6,15,838.9,0.0,South Africa,Johannesburg,-26.2041,28.0473
2026-06-25 13:00:00,28.8,28.9,15.8,17.9,40,5.2,2,838.9,0.0,South Africa,Johannesburg,-26.2041,28.0473
2026-06-25 14:00:00,29.7,29.9,23.1,17.6,40,4.9,352,838.8,0.0,South Africa,Johannesburg,-26.2041,28.0473
2026-06-25 15:00:00,42.5,42.6,34.8,16.5,46,4.5,310,838.5,0.0,South Africa,Johannesburg,-26.2041,28.0473
2026-06-25 16:00:00,83.4,83.6,55.4,15.0,54,4.5,286,837.9,0.0,South Africa,Johannesburg,-26.2041,28.0473
2026-06-25 17:00:00,121.1,121.5,80.3,15.0,55,2.5,352,838.5,0.0,South Africa,Johannesburg,-26.2041,28.0473
2026-06-25 18:00:00,154.1,155.5,97.6,13.4,61,4.9,354,838.3,0.0,South Africa,Johannesburg,-26.2041,28.0473
2026-06-25 19:00:00,177.0,178.8,100.9,13.0,62,3.9,344,838.5,0.0,South Africa,Johannesburg,-26.2041,28.0473
2026-06-25 20:00:00,191.9,195.1,96.5,12.4,64,1.6,333,838.2,0.0,South Africa,Johannesburg,-26.2041,28.0473
2026-06-25 21:00:00,201.6,204.9,91.6,11.9,64,1.2,39,838.0,0.0,South Africa,Johannesburg,-26.2041,28.0473
2026-06-25 22:00:00,202.6,205.8,88.7,11.1,65,4.8,29,837.6,0.0,South Africa,Johannesburg,-26.2041,28.0473
2026-06-25 23:00:00,195.6,197.9,85.3,10.7,67,9.2,31,838.1,0.0,South Africa,Johannesburg,-26.2041,28.0473
2026-06-26 00:00:00,136.4,138.8,80.1,9.2,79,6.1,28,837.6,0.0,South Africa,Johannesburg,-26.2041,28.0473
2026-06-26 01:00:00,112.0,113.9,74.8,8.6,83,5.5,19,837.1,0.0,South Africa,Johannesburg,-26.2041,28.0473
2026-06-26 02:00:00,99.7,101.0,67.8,8.3,84,5.9,27,836.6,0.0,South Africa,Johannesburg,-26.2041,28.0473
2026-06-26 03:00:00,95.2,95.7,64.3,7.9,86,5.4,21,836.3,0.0,South Africa,Johannesburg,-26.2041,28.0473
2026-06-26 04:00:00,100.4,100.8,70.1,7.4,87,5.2,12,836.3,0.0,South Africa,Johannesburg,-26.2041,28.0473
2026-06-26 05:00:00,125.7,128.1,79.4,7.1,88,5.2,14,836.4,0.0,South Africa,Johannesburg,-26.2041,28.0473
2026-06-26 06:00:00,166.2,170.0,80.6,9.2,81,6.7,19,838.4,0.0,South Africa,Johannesburg,-26.2041,28.0473
2026-06-26 07:00:00,108.5,110.1,64.9,11.4,73,6.5,6,839.9,0.0,South Africa,Johannesburg,-26.2041,28.0473
2026-06-26 08:00:00,57.4,57.7,41.1,13.0,65,6.1,3,840.7,0.0,South Africa,Johannesburg,-26.2041,28.0473
2026-06-26 09:00:00,42.1,42.6,23.7,14.5,57,4.5,16,840.9,0.0,South Africa,Johannesburg,-26.2041,28.0473
2026-06-26 10:00:00,33.2,33.5,18.6,15.6,50,4.1,45,840.6,0.0,South Africa,Johannesburg,-26.2041,28.0473
2026-06-26 11:00:00,32.7,33.1,19.9,16.3,46,4.4,52,840.0,0.0,South Africa,Johannesburg,-26.2041,28.0473
2026-06-26 12:00:00,20.1,20.1,23.7,16.5,45,4.9,66,839.1,0.0,South Africa,Johannesburg,-26.2041,28.0473
2026-06-26 13:00:00,21.0,21.0,29.8,16.7,44,4.2,70,838.9,0.0,South Africa,Johannesburg,-26.2041,28.0473
2026-06-26 14:00:00,21.7,21.8,38.6,16.5,43,4.7,72,838.4,0.0,South Africa,Johannesburg,-26.2041,28.0473
2026-06-26 15:00:00,27.8,27.9,48.2,15.5,50,2.9,86,837.9,0.0,South Africa,Johannesburg,-26.2041,28.0473
2026-06-26 16:00:00,62.4,62.6,59.5,13.8,54,4.1,92,837.4,0.0,South Africa,Johannesburg,-26.2041,28.0473
2026-06-26 17:00:00,86.4,87.5,71.7,13.0,55,5.4,64,837.4,0.0,South Africa,Johannesburg,-26.2041,28.0473
2026-06-26 18:00:00,102.2,103.8,80.3,11.5,57,5.5,44,836.9,0.0,South Africa,Johannesburg,-26.2041,28.0473
2026-06-26 19:00:00,114.6,117.3,82.7,10.9,58,6.7,14,836.7,0.0,South Africa,Johannesburg,-26.2041,28.0473
2026-06-26 20:00:00,123.4,126.2,81.6,9.8,66,5.0,15,836.3,0.0,South Africa,Johannesburg,-26.2041,28.0473
2026-06-26 21:00:00,123.4,125.7,80.0,9.1,69,4.8,31,835.6,0.0,South Africa,Johannesburg,-26.2041,28.0473
2026-06-26 22:00:00,114.3,116.4,79.2,8.8,66,5.3,35,835.1,0.0,South Africa,Johannesburg,-26.2041,28.0473
2026-06-26 23:00:00,103.6,105.7,77.9,8.6,65,6.1,28,834.8,0.0,South Africa,Johannesburg,-26.2041,28.0473
2026-06-27 00:00:00,79.6,81.7,73.4,8.2,69,8.1,21,834.5,0.0,South Africa,Johannesburg,-26.2041,28.0473
2026-06-27 01:00:00,73.1,75.0,68.1,7.4,76,6.8,27,833.8,0.0,South Africa,Johannesburg,-26.2041,28.0473
2026-06-27 02:00:00,70.8,72.6,61.0,6.6,80,4.7,32,833.2,0.0,South Africa,Johannesburg,-26.2041,28.0473
2026-06-27 03:00:00,75.9,77.8,58.1,6.3,81,2.3,45,833.1,0.0,South Africa,Johannesburg,-26.2041,28.0473
2026-06-27 04:00:00,87.1,88.9,65.8,6.1,82,2.5,45,833.2,0.0,South Africa,Johannesburg,-26.2041,28.0473
2026-06-27 05:00:00,118.0,119.7,77.5,5.9,82,2.3,39,833.3,0.0,South Africa,Johannesburg,-26.2041,28.0473
2026-06-27 06:00:00,163.4,165.3,79.6,7.8,79,3.5,15,835.2,0.0,South Africa,Johannesburg,-26.2041,28.0473
2026-06-27 07:00:00,85.0,87.8,62.0,10.4,65,5.6,356,836.9,0.0,South Africa,Johannesburg,-26.2041,28.0473
2026-06-27 08:00:00,30.0,31.1,34.8,11.5,60,6.6,349,837.5,0.0,South Africa,Johannesburg,-26.2041,28.0473
2026-06-27 09:00:00,22.3,22.7,14.4,12.8,54,5.8,355,837.6,0.0,South Africa,Johannesburg,-26.2041,28.0473
2026-06-27 10:00:00,20.0,20.4,8.0,13.5,49,7.6,360,836.9,0.0,South Africa,Johannesburg,-26.2041,28.0473
2026-06-27 11:00:00,20.3,20.8,8.3,14.3,44,9.4,355,836.2,0.0,South Africa,Johannesburg,-26.2041,28.0473
2026-06-27 12:00:00,16.6,16.9,9.2,14.7,45,10.1,357,835.3,0.0,South Africa,Johannesburg,-26.2041,28.0473
2026-06-27 13:00:00,17.1,17.5,10.4,14.9,44,10.6,1,834.8,0.0,South Africa,Johannesburg,-26.2041,28.0473
2026-06-27 14:00:00,17.4,18.0,12.6,14.2,47,10.6,356,834.2,0.0,South Africa,Johannesburg,-26.2041,28.0473
2026-06-27 15:00:00,21.1,22.1,18.0,13.3,50,9.2,353,833.9,0.0,South Africa,Johannesburg,-26.2041,28.0473
2026-06-27 16:00:00,38.4,39.7,29.6,11.6,60,6.9,354,833.5,0.0,South Africa,Johannesburg,-26.2041,28.0473
2026-06-27 17:00:00,52.7,54.7,44.5,10.8,64,7.0,360,833.4,0.0,South Africa,Johannesburg,-26.2041,28.0473
2026-06-27 18:00:00,61.0,63.1,55.7,9.7,69,5.2,358,833.0,0.0,South Africa,Johannesburg,-26.2041,28.0473
2026-06-27 19:00:00,65.9,67.8,60.0,9.3,70,4.8,13,832.7,0.0,South Africa,Johannesburg,-26.2041,28.0473
2026-06-27 20:00:00,73.8,75.7,60.6,8.8,72,4.8,22,832.4,0.0,South Africa,Johannesburg,-26.2041,28.0473
2026-06-27 21:00:00,77.8,79.9,60.4,8.0,76,4.0,21,832.1,0.0,South Africa,Johannesburg,-26.2041,28.0473
2026-06-27 22:00:00,77.8,79.6,60.4,7.6,77,1.8,294,832.0,0.0,South Africa,Johannesburg,-26.2041,28.0473
2026-06-27 23:00:00,82.4,84.5,59.6,7.2,78,2.2,246,831.8,0.0,South Africa,Johannesburg,-26.2041,28.0473
2026-06-28 00:00:00,90.8,92.7,54.8,6.9,80,3.6,233,831.5,0.0,South Africa,Johannesburg,-26.2041,28.0473
2026-06-28 01:00:00,95.9,98.0,54.0,7.7,78,1.5,225,831.3,0.0,South Africa,Johannesburg,-26.2041,28.0473
2026-06-28 02:00:00,100.4,102.7,53.3,7.0,76,4.1,29,830.3,0.0,South Africa,Johannesburg,-26.2041,28.0473
2026-06-28 03:00:00,106.2,108.3,55.0,6.6,77,4.1,38,830.0,0.0,South Africa,Johannesburg,-26.2041,28.0473
2026-06-28 04:00:00,116.6,118.7,64.0,6.5,77,1.3,304,830.5,0.0,South Africa,Johannesburg,-26.2041,28.0473
2026-06-28 05:00:00,148.1,150.4,75.5,6.0,80,2.4,257,830.9,0.0,South Africa,Johannesburg,-26.2041,28.0473
2026-06-28 06:00:00,190.0,193.2,77.2,8.2,74,4.3,2,832.1,0.0,South Africa,Johannesburg,-26.2041,28.0473
2026-06-28 07:00:00,91.0,94.8,59.4,10.3,66,6.9,351,833.5,0.0,South Africa,Johannesburg,-26.2041,28.0473
2026-06-28 08:00:00,31.5,34.2,31.7,11.6,62,9.7,336,833.8,0.0,South Africa,Johannesburg,-26.2041,28.0473
2026-06-28 09:00:00,23.8,24.8,10.9,12.8,56,10.0,330,833.8,0.0,South Africa,Johannesburg,-26.2041,28.0473
2026-06-28 10:00:00,19.8,20.7,4.4,13.9,51,8.3,326,833.5,0.0,South Africa,Johannesburg,-26.2041,28.0473
2026-06-28 11:00:00,17.9,18.6,4.6,14.8,49,7.6,313,833.0,0.0,South Africa,Johannesburg,-26.2041,28.0473
2026-06-28 12:00:00,16.0,16.6,6.0,15.6,47,8.1,305,832.5,0.0,South Africa,Johannesburg,-26.2041,28.0473
2026-06-28 13:00:00,13.4,13.9,5.5,16.4,43,11.0,272,832.4,0.0,South Africa,Johannesburg,-26.2041,28.0473
2026-06-28 14:00:00,10.2,10.7,6.1,16.2,43,11.9,259,832.1,0.0,South Africa,Johannesburg,-26.2041,28.0473
2026-06-28 15:00:00,11.3,11.7,10.9,15.6,46,7.7,271,831.8,0.0,South Africa,Johannesburg,-26.2041,28.0473
2026-06-28 16:00:00,24.6,25.1,24.2,14.5,53,5.9,310,831.6,0.0,South Africa,Johannesburg,-26.2041,28.0473
2026-06-28 17:00:00,47.1,47.7,41.8,13.7,58,7.1,333,831.5,0.0,South Africa,Johannesburg,-26.2041,28.0473
2026-06-28 18:00:00,72.9,73.6,54.2,12.0,62,7.5,312,831.4,0.0,South Africa,Johannesburg,-26.2041,28.0473
2026-06-28 19:00:00,88.5,89.4,57.1,11.2,67,5.6,310,831.4,0.0,South Africa,Johannesburg,-26.2041,28.0473
2026-06-28 20:00:00,89.2,90.1,54.8,10.6,70,5.6,301,831.2,0.0,South Africa,Johannesburg,-26.2041,28.0473
2026-06-28 21:00:00,78.2,79.4,50.7,10.3,71,6.0,291,830.9,0.0,South Africa,Johannesburg,-26.2041,28.0473
2026-06-28 22:00:00,60.1,61.2,44.4,10.0,73,5.8,290,830.8,0.0,South Africa,Johannesburg,-26.2041,28.0473
2026-06-28 23:00:00,49.8,51.1,36.3,9.8,73,5.6,287,830.6,0.0,South Africa,Johannesburg,-26.2041,28.0473
2026-06-29 00:00:00,37.8,38.1,28.7,9.3,71,6.2,285,829.9,0.0,South Africa,Johannesburg,-26.2041,28.0473
2026-06-29 01:00:00,35.7,36.1,26.6,9.5,70,6.5,284,829.7,0.0,South Africa,Johannesburg,-26.2041,28.0473
2026-06-29 02:00:00,33.5,33.9,23.8,9.2,73,6.9,277,829.5,0.0,South Africa,Johannesburg,-26.2041,28.0473
2026-06-29 03:00:00,30.0,30.4,23.4,9.2,75,7.1,279,829.6,0.0,South Africa,Johannesburg,-26.2041,28.0473
2026-06-29 04:00:00,29.1,29.4,28.6,9.1,76,7.6,284,829.7,0.0,South Africa,Johannesburg,-26.2041,28.0473
2026-06-29 05:00:00,39.3,39.6,36.1,9.1,76,8.0,288,830.3,0.0,South Africa,Johannesburg,-26.2041,28.0473
2026-06-29 06:00:00,48.1,48.4,38.7,10.7,70,9.6,296,831.7,0.0,South Africa,Johannesburg,-26.2041,28.0473
2026-06-29 07:00:00,36.4,37.1,31.6,13.1,62,9.4,305,833.4,0.0,South Africa,Johannesburg,-26.2041,28.0473
2026-06-29 08:00:00,23.1,23.8,19.6,14.8,55,9.9,303,834.2,0.0,South Africa,Johannesburg,-26.2041,28.0473
2026-06-29 09:00:00,15.4,15.5,10.2,16.4,47,9.7,295,834.4,0.0,South Africa,Johannesburg,-26.2041,28.0473
2026-06-29 10:00:00,11.2,11.4,6.3,17.7,42,11.1,282,834.2,0.0,South Africa,Johannesburg,-26.2041,28.0473
2026-06-29 11:00:00,9.3,9.5,5.0,18.5,40,11.3,278,834.0,0.0,South Africa,Johannesburg,-26.2041,28.0473
2026-06-29 12:00:00,8.4,8.6,5.2,19.4,37,11.3,279,833.5,0.0,South Africa,Johannesburg,-26.2041,28.0473
2026-06-29 13:00:00,8.0,8.1,5.7,19.4,37,10.6,273,833.3,0.0,South Africa,Johannesburg,-26.2041,28.0473
2026-06-29 14:00:00,7.8,7.8,7.1,19.1,38,9.9,272,833.1,0.0,South Africa,Johannesburg,-26.2041,28.0473
2026-06-29 15:00:00,10.7,10.7,13.7,18.0,42,6.8,268,832.8,0.0,South Africa,Johannesburg,-26.2041,28.0473
2026-06-29 16:00:00,32.1,32.5,30.7,15.9,54,3.3,319,832.2,0.0,South Africa,Johannesburg,-26.2041,28.0473
2026-06-29 17:00:00,58.6,59.0,52.9,15.1,55,6.5,337,832.7,0.0,South Africa,Johannesburg,-26.2041,28.0473
2026-06-29 18:00:00,87.3,87.8,69.1,14.0,59,5.8,330,832.7,0.0,South Africa,Johannesburg,-26.2041,28.0473
2026-06-29 19:00:00,113.2,113.4,73.9,13.2,62,5.2,297,832.6,0.0,South Africa,Johannesburg,-26.2041,28.0473
2026-06-29 20:00:00,140.2,140.2,72.7,12.7,65,4.9,278,832.5,0.0,South Africa,Johannesburg,-26.2041,28.0473
2026-06-29 21:00:00,166.2,166.7,70.9,12.2,68,4.1,272,832.3,0.0,South Africa,Johannesburg,-26.2041,28.0473
2026-06-29 22:00:00,182.1,182.5,70.0,11.6,69,3.9,246,831.9,0.0,South Africa,Johannesburg,-26.2041,28.0473
2026-06-29 23:00:00,192.3,192.8,68.5,11.5,68,2.8,252,831.6,0.0,South Africa,Johannesburg,-26.2041,28.0473
2026-06-30 00:00:00,238.0,238.4,65.8,10.4,70,0.9,233,831.3,0.0,South Africa,Johannesburg,-26.2041,28.0473
2026-06-30 01:00:00,241.2,241.2,63.2,10.6,68,0.9,37,831.2,0.0,South Africa,Johannesburg,-26.2041,28.0473
2026-06-30 02:00:00,240.3,241.2,59.9,10.6,67,1.7,41,831.3,0.0,South Africa,Johannesburg,-26.2041,28.0473
2026-06-30 03:00:00,236.1,236.6,60.3,10.5,68,1.9,73,831.1,0.0,South Africa,Johannesburg,-26.2041,28.0473
2026-06-30 04:00:00,231.9,232.8,70.4,10.4,68,2.2,66,831.3,0.0,South Africa,Johannesburg,-26.2041,28.0473
2026-06-30 05:00:00,248.7,249.6,84.2,10.3,68,2.5,30,831.5,0.0,South Africa,Johannesburg,-26.2041,28.0473
2026-06-30 06:00:00,276.6,278.5,87.7,12.1,66,5.4,30,833.3,0.0,South Africa,Johannesburg,-26.2041,28.0473
2026-06-30 07:00:00,163.4,166.7,71.0,15.2,55,7.0,10,835.4,0.0,South Africa,Johannesburg,-26.2041,28.0473
2026-06-30 08:00:00,52.4,54.1,44.0,16.2,50,9.7,358,836.2,0.0,South Africa,Johannesburg,-26.2041,28.0473
2026-06-30 09:00:00,23.2,23.3,22.8,17.3,44,10.3,349,836.5,0.0,South Africa,Johannesburg,-26.2041,28.0473
2026-06-30 10:00:00,19.3,19.3,13.8,18.2,38,9.6,344,836.6,0.0,South Africa,Johannesburg,-26.2041,28.0473
2026-06-30 11:00:00,18.3,18.5,10.7,18.9,34,8.8,343,836.1,0.0,South Africa,Johannesburg,-26.2041,28.0473
2026-06-30 12:00:00,15.5,15.5,10.4,19.8,32,8.3,346,835.3,0.0,South Africa,Johannesburg,-26.2041,28.0473
2026-06-30 13:00:00,16.2,16.2,12.7,19.7,31,8.9,352,835.0,0.0,South Africa,Johannesburg,-26.2041,28.0473
2026-06-30 14:00:00,17.3,17.3,16.4,19.1,33,10.4,351,834.5,0.0,South Africa,Johannesburg,-26.2041,28.0473
2026-06-30 15:00:00,23.2,23.2,22.7,17.9,38,9.9,344,834.3,0.0,South Africa,Johannesburg,-26.2041,28.0473
2026-06-30 16:00:00,41.4,41.4,35.0,16.0,45,7.4,334,833.6,0.0,South Africa,Johannesburg,-26.2041,28.0473
2026-06-30 17:00:00,52.6,52.9,49.9,14.8,50,4.8,345,833.8,0.0,South Africa,Johannesburg,-26.2041,28.0473
2026-06-30 18:00:00,57.2,57.5,59.1,13.8,54,5.6,33,833.4,0.0,South Africa,Johannesburg,-26.2041,28.0473
2026-06-30 19:00:00,58.0,58.2,58.3,13.1,58,5.6,29,833.2,0.0,South Africa,Johannesburg,-26.2041,28.0473
2026-06-30 20:00:00,57.7,58.3,51.8,12.7,58,11.3,14,833.3,0.0,South Africa,Johannesburg,-26.2041,28.0473
2026-06-30 21:00:00,51.1,51.3,44.1,11.5,70,10.3,16,833.2,0.0,South Africa,Johannesburg,-26.2041,28.0473
2026-06-30 22:00:00,39.9,40.0,35.5,10.5,82,9.1,21,832.5,0.0,South Africa,Johannesburg,-26.2041,28.0473
2026-06-30 23:00:00,30.3,30.6,25.7,10.0,87,8.4,16,832.3,0.0,South Africa,Johannesburg,-26.2041,28.0473
2026-07-01 00:00:00,23.9,24.2,18.1,9.3,90,10.0,18,832.0,0.0,South Africa,Johannesburg,-26.2041,28.0473
2026-07-01 01:00:00,21.8,22.1,17.0,9.0,93,9.1,15,831.5,0.0,South Africa,Johannesburg,-26.2041,28.0473
2026-07-01 02:00:00,21.8,22.1,15.8,8.7,96,8.3,22,831.0,0.0,South Africa,Johannesburg,-26.2041,28.0473
2026-07-01 03:00:00,22.7,22.9,16.7,8.4,97,7.1,30,830.6,0.0,South Africa,Johannesburg,-26.2041,28.0473
2026-07-01 04:00:00,25.0,25.3,22.4,8.1,99,6.4,29,830.6,0.0,South Africa,Johannesburg,-26.2041,28.0473
2026-07-01 05:00:00,34.7,35.0,30.2,7.8,99,5.6,31,830.8,0.0,South Africa,Johannesburg,-26.2041,28.0473
2026-07-01 06:00:00,43.8,44.4,33.9,8.7,99,9.4,23,831.3,0.0,South Africa,Johannesburg,-26.2041,28.0473
2026-07-01 07:00:00,41.7,42.0,29.8,10.9,90,9.5,14,832.5,0.0,South Africa,Johannesburg,-26.2041,28.0473
2026-07-01 08:00:00,32.7,32.9,21.6,13.2,73,11.7,358,833.7,0.0,South Africa,Johannesburg,-26.2041,28.0473
2026-07-01 09:00:00,24.7,24.9,14.7,14.8,62,14.2,348,833.7,0.0,South Africa,Johannesburg,-26.2041,28.0473
2026-07-01 10:00:00,20.9,21.1,10.8,16.0,53,15.3,345,833.5,0.0,South Africa,Johannesburg,-26.2041,28.0473
2026-07-01 11:00:00,17.7,17.8,8.1,16.5,48,15.9,340,832.9,0.0,South Africa,Johannesburg,-26.2041,28.0473
2026-07-01 12:00:00,17.6,17.8,6.9,17.4,44,15.1,340,831.6,0.0,South Africa,Johannesburg,-26.2041,28.0473
2026-07-01 13:00:00,17.4,17.6,7.9,17.1,43,15.9,335,831.1,0.0,South Africa,Johannesburg,-26.2041,28.0473
2026-07-01 14:00:00,17.2,17.3,9.6,16.5,44,16.6,334,830.5,0.0,South Africa,Johannesburg,-26.2041,28.0473
2026-07-01 15:00:00,18.2,18.3,12.8,15.6,47,16.2,336,830.2,0.0,South Africa,Johannesburg,-26.2041,28.0473
2026-07-01 16:00:00,23.1,23.3,19.2,14.4,54,14.3,333,829.9,0.0,South Africa,Johannesburg,-26.2041,28.0473
2026-07-01 17:00:00,29.0,29.3,27.3,13.5,63,12.6,334,829.7,0.0,South Africa,Johannesburg,-26.2041,28.0473
2026-07-01 18:00:00,33.3,33.6,32.8,12.8,67,13.5,341,829.0,0.0,South Africa,Johannesburg,-26.2041,28.0473
2026-07-01 19:00:00,35.4,35.7,34.1,12.4,69,13.8,336,829.0,0.0,South Africa,Johannesburg,-26.2041,28.0473
2026-07-01 20:00:00,36.1,36.4,33.0,11.9,70,13.1,339,828.8,0.0,South Africa,Johannesburg,-26.2041,28.0473
2026-07-01 21:00:00,32.7,33.2,30.5,11.4,72,12.6,340,828.5,0.0,South Africa,Johannesburg,-26.2041,28.0473
2026-07-01 22:00:00,25.7,26.0,26.2,10.8,75,12.9,342,828.3,0.0,South Africa,Johannesburg,-26.2041,28.0473
2026-07-01 23:00:00,20.7,21.0,20.6,10.3,78,12.9,344,827.8,0.0,South Africa,Johannesburg,-26.2041,28.0473
2026-07-02 00:00:00,15.6,15.9,14.8,10.0,79,14.4,347,826.8,0.0,South Africa,Johannesburg,-26.2041,28.0473
2026-07-02 01:00:00,12.7,12.9,12.9,10.2,78,16.3,340,826.2,0.0,South Africa,Johannesburg,-26.2041,28.0473
2026-07-02 02:00:00,10.8,11.1,10.4,10.0,79,16.4,337,826.0,0.0,South Africa,Johannesburg,-26.2041,28.0473
2026-07-02 03:00:00,9.8,10.1,9.3,10.2,78,17.2,329,826.3,0.0,South Africa,Johannesburg,-26.2041,28.0473
2026-07-02 04:00:00,9.9,10.2,11.3,10.4,78,19.0,312,827.1,0.0,South Africa,Johannesburg,-26.2041,28.0473
2026-07-02 05:00:00,15.0,15.5,14.7,10.6,74,14.5,300,827.9,0.0,South Africa,Johannesburg,-26.2041,28.0473
2026-07-02 06:00:00,19.3,19.9,16.4,10.6,77,13.7,271,829.0,0.0,South Africa,Johannesburg,-26.2041,28.0473
2026-07-02 07:00:00,15.0,15.5,14.6,10.8,77,11.4,231,829.4,0.0,South Africa,Johannesburg,-26.2041,28.0473
2026-07-02 08:00:00,12.4,13.0,11.2,11.6,58,11.4,237,830.2,0.0,South Africa,Johannesburg,-26.2041,28.0473
2026-07-02 09:00:00,11.2,11.8,8.3,12.6,48,12.9,240,830.7,0.0,South Africa,Johannesburg,-26.2041,28.0473
2026-07-02 10:00:00,9.5,9.8,6.5,13.7,40,12.7,241,831.1,0.0,South Africa,Johannesburg,-26.2041,28.0473
2026-07-02 11:00:00,7.7,7.9,5.4,13.9,34,14.3,235,830.8,0.0,South Africa,Johannesburg,-26.2041,28.0473
2026-07-02 12:00:00,6.5,6.7,5.1,13.4,26,14.6,235,830.6,0.0,South Africa,Johannesburg,-26.2041,28.0473
2026-07-02 13:00:00,6.7,7.2,6.8,13.1,22,13.9,227,830.3,0.0,South Africa,Johannesburg,-26.2041,28.0473
2026-07-02 14:00:00,7.0,7.5,9.3,12.5,19,14.3,220,830.1,0.0,South Africa,Johannesburg,-26.2041,28.0473
2026-07-02 15:00:00,8.2,8.7,12.4,11.0,21,13.7,214,829.9,0.0,South Africa,Johannesburg,-26.2041,28.0473
2026-07-02 16:00:00,12.5,13.0,16.5,9.2,25,12.9,212,829.9,0.0,South Africa,Johannesburg,-26.2041,28.0473
2026-07-02 17:00:00,16.1,16.5,21.1,7.7,31,12.8,209,830.4,0.0,South Africa,Johannesburg,-26.2041,28.0473
2026-07-02 18:00:00,18.1,18.4,24.6,5.7,44,12.4,196,830.7,0.0,South Africa,Johannesburg,-26.2041,28.0473
2026-07-02 19:00:00,20.9,21.2,26.6,4.3,55,12.1,190,831.3,0.0,South Africa,Johannesburg,-26.2041,28.0473
2026-07-02 20:00:00,24.7,24.9,27.5,3.1,64,10.7,193,831.6,0.0,South Africa,Johannesburg,-26.2041,28.0473
2026-07-02 21:00:00,25.2,25.4,27.2,2.2,68,9.8,193,831.8,0.0,South Africa,Johannesburg,-26.2041,28.0473
2026-07-02 22:00:00,20.9,21.1,25.0,1.5,71,10.5,185,831.6,0.0,South Africa,Johannesburg,-26.2041,28.0473
2026-07-02 23:00:00,18.5,18.7,21.5,1.1,74,11.2,184,831.4,0.0,South Africa,Johannesburg,-26.2041,28.0473
2026-07-03 00:00:00,21.7,21.9,21.1,1.0,74,13.7,180,831.1,0.0,South Africa,Johannesburg,-26.2041,28.0473
2026-07-03 01:00:00,18.6,18.9,18.7,0.8,74,14.1,183,830.9,0.0,South Africa,Johannesburg,-26.2041,28.0473
2026-07-03 02:00:00,15.7,16.1,15.5,0.4,75,15.8,181,830.7,0.0,South Africa,Johannesburg,-26.2041,28.0473
2026-07-03 03:00:00,13.5,13.9,14.1,0.1,76,16.0,181,830.8,0.0,South Africa,Johannesburg,-26.2041,28.0473
2026-07-03 04:00:00,14.6,15.1,16.7,-0.3,78,15.8,179,831.0,0.0,South Africa,Johannesburg,-26.2041,28.0473
2026-07-03 05:00:00,23.3,23.9,21.2,-0.3,79,16.4,175,831.5,0.0,South Africa,Johannesburg,-26.2041,28.0473
2026-07-03 06:00:00,34.1,34.7,23.6,0.9,75,15.6,172,832.4,0.0,South Africa,Johannesburg,-26.2041,28.0473
2026-07-03 07:00:00,24.5,25.4,21.5,3.2,65,13.9,170,833.8,0.0,South Africa,Johannesburg,-26.2041,28.0473
2026-07-03 08:00:00,23.4,24.4,17.4,6.2,49,11.1,167,834.7,0.0,South Africa,Johannesburg,-26.2041,28.0473
2026-07-03 09:00:00,23.1,24.0,14.8,9.5,34,8.9,162,834.7,0.0,South Africa,Johannesburg,-26.2041,28.0473
2026-07-03 10:00:00,21.8,22.5,14.4,12.4,23,6.1,157,835.1,0.0,South Africa,Johannesburg,-26.2041,28.0473
2026-07-03 11:00:00,21.8,22.5,15.6,14.6,16,2.5,150,835.3,0.0,South Africa,Johannesburg,-26.2041,28.0473
2026-07-03 12:00:00,20.5,20.7,21.7,16.7,11,4.5,2,835.0,0.0,South Africa,Johannesburg,-26.2041,28.0473
2026-07-03 13:00:00,24.1,24.1,27.8,17.1,11,6.5,357,834.6,0.0,South Africa,Johannesburg,-26.2041,28.0473
2026-07-03 14:00:00,27.9,27.9,37.1,16.8,11,8.0,354,834.3,0.0,South Africa,Johannesburg,-26.2041,28.0473
2026-07-03 15:00:00,42.7,42.7,49.6,15.3,15,8.8,343,833.9,0.0,South Africa,Johannesburg,-26.2041,28.0473
2026-07-03 16:00:00,75.0,75.0,69.0,12.5,28,9.7,333,833.6,0.0,South Africa,Johannesburg,-26.2041,28.0473
2026-07-03 17:00:00,99.7,100.6,91.7,10.7,36,6.9,323,833.5,0.0,South Africa,Johannesburg,-26.2041,28.0473
2026-07-03 18:00:00,119.2,121.5,107.0,8.9,38,5.4,326,832.7,0.0,South Africa,Johannesburg,-26.2041,28.0473
2026-07-03 19:00:00,137.8,140.2,109.0,8.2,38,4.6,339,832.3,0.0,South Africa,Johannesburg,-26.2041,28.0473
2026-07-03 20:00:00,160.7,163.4,103.7,7.8,35,3.8,355,832.2,0.0,South Africa,Johannesburg,-26.2041,28.0473
2026-07-03 21:00:00,183.0,185.8,98.1,7.4,31,5.4,356,831.9,0.0,South Africa,Johannesburg,-26.2041,28.0473
2026-07-03 22:00:00,186.3,189.1,94.6,7.2,27,6.7,3,831.7,0.0,South Africa,Johannesburg,-26.2041,28.0473
2026-07-03 23:00:00,176.5,179.7,90.8,7.0,27,7.0,3,831.4,0.0,South Africa,Johannesburg,-26.2041,28.0473
2026-07-04 00:00:00,159.3,161.6,85.0,6.4,34,7.0,359,831.2,0.0,South Africa,Johannesburg,-26.2041,28.0473
2026-07-04 01:00:00,143.0,145.3,80.3,6.5,35,8.5,5,831.0,0.0,South Africa,Johannesburg,-26.2041,28.0473
2026-07-04 02:00:00,127.1,129.5,73.8,5.4,39,7.1,9,830.4,0.0,South Africa,Johannesburg,-26.2041,28.0473
2026-07-04 03:00:00,115.0,117.3,69.6,4.3,45,5.9,358,829.9,0.0,South Africa,Johannesburg,-26.2041,28.0473
2026-07-04 04:00:00,110.6,113.4,72.0,3.8,49,4.2,342,829.9,0.0,South Africa,Johannesburg,-26.2041,28.0473
2026-07-04 05:00:00,129.5,132.2,76.6,3.8,48,4.3,343,830.1,0.0,South Africa,Johannesburg,-26.2041,28.0473
2026-07-04 06:00:00,165.3,168.6,74.1,5.5,49,4.9,350,831.8,0.0,South Africa,Johannesburg,-26.2041,28.0473
2026-07-04 07:00:00,128.1,130.9,57.1,8.8,35,5.7,328,834.5,0.0,South Africa,Johannesburg,-26.2041,28.0473
2026-07-04 08:00:00,50.1,50.1,33.1,10.7,28,7.0,310,835.7,0.0,South Africa,Johannesburg,-26.2041,28.0473
2026-07-04 09:00:00,32.5,32.5,14.9,12.6,22,7.2,302,836.2,0.0,South Africa,Johannesburg,-26.2041,28.0473
2026-07-04 10:00:00,25.0,25.1,8.2,14.0,19,8.4,304,836.1,0.0,South Africa,Johannesburg,-26.2041,28.0473
2026-07-04 11:00:00,21.6,21.6,7.3,15.0,16,8.3,304,836.0,0.0,South Africa,Johannesburg,-26.2041,28.0473
2026-07-04 12:00:00,11.4,11.4,8.9,16.3,15,7.2,309,835.5,0.0,South Africa,Johannesburg,-26.2041,28.0473
2026-07-04 13:00:00,11.8,11.8,12.0,16.5,15,6.3,307,835.4,0.0,South Africa,Johannesburg,-26.2041,28.0473
2026-07-04 14:00:00,12.3,12.3,16.9,16.3,15,5.8,306,835.1,0.0,South Africa,Johannesburg,-26.2041,28.0473
2026-07-04 15:00:00,21.6,21.8,24.8,14.7,19,4.9,336,834.5,0.0,South Africa,Johannesburg,-26.2041,28.0473
2026-07-04 16:00:00,51.8,52.6,39.0,12.1,29,8.6,349,833.9,0.0,South Africa,Johannesburg,-26.2041,28.0473
2026-07-04 17:00:00,83.8,84.8,56.3,10.8,36,7.6,341,834.1,0.0,South Africa,Johannesburg,-26.2041,28.0473
2026-07-04 18:00:00,113.2,114.3,68.0,9.2,45,4.6,291,833.4,0.0,South Africa,Johannesburg,-26.2041,28.0473
2026-07-04 19:00:00,136.9,138.3,69.1,8.8,44,4.3,255,833.2,0.0,South Africa,Johannesburg,-26.2041,28.0473
2026-07-04 20:00:00,161.6,163.0,64.6,8.2,48,2.3,238,833.0,0.0,South Africa,Johannesburg,-26.2041,28.0473
2026-07-04 21:00:00,179.3,180.2,61.4,7.3,49,2.8,207,832.4,0.0,South Africa,Johannesburg,-26.2041,28.0473
2026-07-04 22:00:00,182.5,183.5,62.4,6.5,49,2.7,203,831.8,0.0,South Africa,Johannesburg,-26.2041,28.0473
2026-07-04 23:00:00,188.6,189.5,64.8,5.9,49,2.2,204,831.4,0.0,South Africa,Johannesburg,-26.2041,28.0473
2026-07-05 00:00:00,196.0,197.0,64.4,4.6,53,1.2,207,830.4,0.0,South Africa,Johannesburg,-26.2041,28.0473
2026-07-05 01:00:00,198.4,199.3,63.1,4.9,50,0.4,207,830.3,0.0,South Africa,Johannesburg,-26.2041,28.0473
2026-07-05 02:00:00,199.8,200.7,61.6,4.8,47,0.2,180,830.2,0.0,South Africa,Johannesburg,-26.2041,28.0473
2026-07-05 03:00:00,198.8,199.8,62.7,4.6,45,0.4,180,830.1,0.0,South Africa,Johannesburg,-26.2041,28.0473
2026-07-05 04:00:00,199.3,200.2,71.1,4.7,42,0.7,180,830.5,0.0,South Africa,Johannesburg,-26.2041,28.0473
2026-07-05 05:00:00,217.5,218.4,82.1,4.4,42,2.0,175,830.8,0.0,South Africa,Johannesburg,-26.2041,28.0473
2026-07-05 06:00:00,246.8,247.7,84.3,6.5,40,2.9,158,833.1,0.0,South Africa,Johannesburg,-26.2041,28.0473
2026-07-05 07:00:00,151.8,154.6,69.0,10.5,34,3.5,152,836.1,0.0,South Africa,Johannesburg,-26.2041,28.0473
2026-07-05 08:00:00,51.7,53.2,44.9,13.3,21,0.7,194,837.9,0.0,South Africa,Johannesburg,-26.2041,28.0473
2026-07-05 09:00:00,28.4,28.5,26.4,14.6,19,1.5,256,838.0,0.0,South Africa,Johannesburg,-26.2041,28.0473
2026-07-05 10:00:00,24.7,24.7,19.3,15.9,17,2.1,285,838.2,0.0,South Africa,Johannesburg,-26.2041,28.0473
2026-07-05 11:00:00,24.4,24.4,18.0,17.0,15,3.5,309,838.0,0.0,South Africa,Johannesburg,-26.2041,28.0473
2026-07-05 12:00:00,16.4,16.4,18.9,18.1,13,4.4,325,837.6,0.0,South Africa,Johannesburg,-26.2041,28.0473
2026-07-05 13:00:00,17.1,17.1,22.4,18.3,13,4.7,313,837.5,0.0,South Africa,Johannesburg,-26.2041,28.0473
2026-07-05 14:00:00,18.2,18.2,27.9,17.8,13,4.8,307,837.3,0.0,South Africa,Johannesburg,-26.2041,28.0473
2026-07-05 15:00:00,33.8,33.8,37.6,16.4,18,3.7,317,836.8,0.0,South Africa,Johannesburg,-26.2041,28.0473
2026-07-05 16:00:00,76.1,76.4,55.3,14.3,21,5.2,340,835.9,0.0,South Africa,Johannesburg,-26.2041,28.0473
2026-07-05 17:00:00,117.3,120.1,77.2,13.3,24,5.4,330,836.3,0.0,South Africa,Johannesburg,-26.2041,28.0473
2026-07-05 18:00:00,156.5,159.7,93.7,11.8,33,3.8,259,835.7,0.0,South Africa,Johannesburg,-26.2041,28.0473
2026-07-05 19:00:00,192.3,195.6,99.9,11.3,38,1.2,207,835.9,0.0,South Africa,Johannesburg,-26.2041,28.0473
2026-07-05 20:00:00,232.8,236.1,100.8,10.8,41,0.9,270,835.7,0.0,South Africa,Johannesburg,-26.2041,28.0473
2026-07-05 21:00:00,266.4,270.1,101.4,10.3,41,1.9,292,835.5,0.0,South Africa,Johannesburg,-26.2041,28.0473
2026-07-05 22:00:00,280.3,283.1,103.5,10.2,40,2.7,323,835.6,0.0,South Africa,Johannesburg,-26.2041,28.0473
2026-07-05 23:00:00,284.1,287.8,105.4,9.8,40,2.9,313,835.7,0.0,South Africa,Johannesburg,-26.2041,28.0473
2026-07-06 00:00:00,289.6,294.3,105.7,8.8,41,3.3,292,835.3,0.0,South Africa,Johannesburg,-26.2041,28.0473
2026-07-06 01:00:00,280.3,285.0,105.2,8.6,40,3.4,317,835.0,0.0,South Africa,Johannesburg,-26.2041,28.0473
2026-07-06 02:00:00,270.1,274.7,104.8,8.1,40,3.8,319,835.0,0.0,South Africa,Johannesburg,-26.2041,28.0473
2026-07-06 03:00:00,259.8,264.5,107.3,7.5,41,2.8,305,834.7,0.0,South Africa,Johannesburg,-26.2041,28.0473
2026-07-06 04:00:00,254.3,258.9,119.4,7.1,42,2.3,331,834.9,0.0,South Africa,Johannesburg,-26.2041,28.0473
2026-07-06 05:00:00,272.9,277.5,134.3,6.5,43,2.7,360,835.1,0.0,South Africa,Johannesburg,-26.2041,28.0473
2026-07-06 06:00:00,310.1,315.7,134.7,7.9,45,4.3,24,836.7,0.0,South Africa,Johannesburg,-26.2041,28.0473
2026-07-06 07:00:00,292.4,298.0,106.6,11.3,38,5.2,4,839.4,0.0,South Africa,Johannesburg,-26.2041,28.0473
2026-07-06 08:00:00,88.9,88.9,63.9,13.3,36,5.0,347,840.9,0.0,South Africa,Johannesburg,-26.2041,28.0473
2026-07-06 09:00:00,55.8,55.9,31.6,14.9,30,3.5,321,841.2,0.0,South Africa,Johannesburg,-26.2041,28.0473
2026-07-06 10:00:00,40.9,40.9,19.7,16.5,23,1.8,264,841.2,0.0,South Africa,Johannesburg,-26.2041,28.0473
2026-07-06 11:00:00,36.8,36.8,18.1,17.6,19,1.6,264,840.9,0.0,South Africa,Johannesburg,-26.2041,28.0473
2026-07-06 12:00:00,21.3,21.3,23.1,18.6,17,0.5,315,840.3,0.0,South Africa,Johannesburg,-26.2041,28.0473
2026-07-06 13:00:00,22.8,22.8,29.7,19.1,16,1.0,301,840.3,0.0,South Africa,Johannesburg,-26.2041,28.0473
2026-07-06 14:00:00,23.8,23.9,39.7,18.8,16,1.1,261,840.2,0.0,South Africa,Johannesburg,-26.2041,28.0473
2026-07-06 15:00:00,41.1,41.2,53.0,17.5,27,0.4,207,839.9,0.0,South Africa,Johannesburg,-26.2041,28.0473
2026-07-06 16:00:00,98.3,99.0,72.9,15.5,34,0.4,153,839.4,0.0,South Africa,Johannesburg,-26.2041,28.0473
2026-07-06 17:00:00,144.8,149.5,96.3,14.3,30,1.1,9,839.7,0.0,South Africa,Johannesburg,-26.2041,28.0473
2026-07-06 18:00:00,191.4,196.0,113.6,12.7,38,4.3,336,838.9,0.0,South Africa,Johannesburg,-26.2041,28.0473
2026-07-06 19:00:00,229.6,233.8,119.5,11.8,48,2.2,325,838.9,0.0,South Africa,Johannesburg,-26.2041,28.0473
2026-07-06 20:00:00,273.8,278.5,119.4,11.0,53,2.1,329,838.7,0.0,South Africa,Johannesburg,-26.2041,28.0473
2026-07-06 21:00:00,310.1,314.8,119.6,10.1,58,2.9,317,838.4,0.0,South Africa,Johannesburg,-26.2041,28.0473
2026-07-06 22:00:00,318.5,323.2,122.8,9.9,59,2.9,313,838.1,0.0,South Africa,Johannesburg,-26.2041,28.0473
2026-07-06 23:00:00,310.1,314.8,126.2,9.6,60,4.3,303,838.3,0.0,South Africa,Johannesburg,-26.2041,28.0473
2026-07-07 00:00:00,318.5,323.2,127.5,9.2,58,3.9,283,838.0,0.0,South Africa,Johannesburg,-26.2041,28.0473
2026-07-07 01:00:00,299.0,303.6,126.3,9.0,58,5.8,279,837.8,0.0,South Africa,Johannesburg,-26.2041,28.0473
2026-07-07 02:00:00,277.5,283.1,124.7,8.6,58,4.6,261,837.4,0.0,South Africa,Johannesburg,-26.2041,28.0473
2026-07-07 03:00:00,257.0,261.7,124.9,8.2,59,4.2,245,837.1,0.0,South Africa,Johannesburg,-26.2041,28.0473
2026-07-07 04:00:00,242.1,246.8,132.1,7.4,61,3.2,218,837.0,0.0,South Africa,Johannesburg,-26.2041,28.0473
2026-07-07 05:00:00,253.3,258.9,140.9,6.5,65,2.7,212,837.0,0.0,South Africa,Johannesburg,-26.2041,28.0473
2026-07-07 06:00:00,287.8,294.3,137.4,8.3,59,3.5,215,838.5,0.0,South Africa,Johannesburg,-26.2041,28.0473
2026-07-07 07:00:00,263.6,268.2,109.3,12.6,44,4.0,207,841.2,0.0,South Africa,Johannesburg,-26.2041,28.0473
2026-07-07 08:00:00,98.3,98.5,68.8,14.7,33,4.8,207,842.5,0.0,South Africa,Johannesburg,-26.2041,28.0473
2026-07-07 09:00:00,57.0,57.2,38.2,15.9,27,5.2,196,842.7,0.0,South Africa,Johannesburg,-26.2041,28.0473
2026-07-07 10:00:00,40.7,41.0,27.4,17.1,23,5.1,190,842.6,0.0,South Africa,Johannesburg,-26.2041,28.0473
2026-07-07 11:00:00,34.7,34.8,26.5,18.0,21,5.6,187,842.4,0.0,South Africa,Johannesburg,-26.2041,28.0473
2026-07-07 12:00:00,19.7,20.0,29.5,18.7,20,5.6,187,841.6,0.0,South Africa,Johannesburg,-26.2041,28.0473
2026-07-07 13:00:00,19.4,19.7,33.5,18.9,20,6.3,183,841.4,0.0,South Africa,Johannesburg,-26.2041,28.0473
2026-07-07 14:00:00,18.8,19.1,39.4,18.3,20,7.0,177,841.0,0.0,South Africa,Johannesburg,-26.2041,28.0473
2026-07-07 15:00:00,26.9,27.2,46.5,17.1,20,7.3,173,840.7,0.0,South Africa,Johannesburg,-26.2041,28.0473
2026-07-07 16:00:00,55.2,56.2,56.6,14.8,24,7.2,168,839.9,0.0,South Africa,Johannesburg,-26.2041,28.0473
2026-07-07 17:00:00,76.8,78.9,68.0,13.9,27,6.2,173,839.8,0.0,South Africa,Johannesburg,-26.2041,28.0473
2026-07-07 18:00:00,94.8,96.4,74.9,12.7,30,6.2,172,838.8,0.0,South Africa,Johannesburg,-26.2041,28.0473
2026-07-07 19:00:00,107.1,108.7,74.2,12.1,30,6.4,158,838.3,0.0,South Africa,Johannesburg,-26.2041,28.0473
2026-07-07 20:00:00,116.4,117.8,69.1,11.3,31,5.9,168,837.6,0.0,South Africa,Johannesburg,-26.2041,28.0473
2026-07-07 21:00:00,115.5,116.9,63.4,10.3,34,6.0,171,837.1,0.0,South Africa,Johannesburg,-26.2041,28.0473
2026-07-07 22:00:00,99.4,100.8,57.9,9.7,37,6.3,177,836.6,0.0,South Africa,Johannesburg,-26.2041,28.0473
2026-07-07 23:00:00,83.6,85.2,51.8,9.1,40,6.2,172,836.0,0.0,South Africa,Johannesburg,-26.2041,28.0473
2026-07-08 00:00:00,80.3,81.7,43.1,8.5,41,6.9,175,835.5,0.0,South Africa,Johannesburg,-26.2041,28.0473
2026-07-08 01:00:00,78.2,79.9,42.1,7.9,44,6.5,178,834.9,0.0,South Africa,Johannesburg,-26.2041,28.0473
2026-07-08 02:00:00,77.3,78.9,41.1,7.3,48,6.0,189,834.3,0.0,South Africa,Johannesburg,-26.2041,28.0473
2026-07-08 03:00:00,79.2,80.8,43.0,6.7,50,5.9,192,833.8,0.0,South Africa,Johannesburg,-26.2041,28.0473
2026-07-08 04:00:00,85.9,87.8,52.5,6.2,53,5.8,196,833.5,0.0,South Africa,Johannesburg,-26.2041,28.0473
2026-07-08 05:00:00,111.8,113.9,64.9,5.7,55,6.0,197,833.4,0.0,South Africa,Johannesburg,-26.2041,28.0473
2026-07-08 06:00:00,143.4,145.3,69.3,7.9,49,5.8,196,834.9,0.0,South Africa,Johannesburg,-26.2041,28.0473
2026-07-08 07:00:00,105.5,108.3,57.7,11.9,39,5.8,189,837.2,0.0,South Africa,Johannesburg,-26.2041,28.0473
2026-07-08 08:00:00,52.5,54.0,38.2,14.4,31,6.0,185,838.7,0.0,South Africa,Johannesburg,-26.2041,28.0473
2026-07-08 09:00:00,35.0,35.4,23.2,15.8,26,6.7,189,838.8,0.0,South Africa,Johannesburg,-26.2041,28.0473
2026-07-08 10:00:00,23.9,24.4,18.1,16.9,23,6.9,195,838.5,0.0,South Africa,Johannesburg,-26.2041,28.0473
2026-07-08 11:00:00,21.9,22.5,17.6,17.6,21,6.8,198,837.8,0.0,South Africa,Johannesburg,-26.2041,28.0473
2026-07-08 12:00:00,18.4,18.5,16.7,18.7,19,6.8,217,836.9,0.0,South Africa,Johannesburg,-26.2041,28.0473
2026-07-08 13:00:00,19.4,19.6,18.8,18.8,19,7.2,215,836.6,0.0,South Africa,Johannesburg,-26.2041,28.0473
2026-07-08 14:00:00,19.4,19.7,21.9,18.2,19,8.4,211,835.9,0.0,South Africa,Johannesburg,-26.2041,28.0473
2026-07-08 15:00:00,22.5,22.8,26.3,17.0,22,7.5,207,835.5,0.0,South Africa,Johannesburg,-26.2041,28.0473
2026-07-08 16:00:00,39.7,40.2,33.5,14.6,29,5.2,200,834.7,0.0,South Africa,Johannesburg,-26.2041,28.0473
2026-07-08 17:00:00,46.1,46.7,41.9,13.4,32,6.4,202,834.8,0.0,South Africa,Johannesburg,-26.2041,28.0473
2026-07-08 18:00:00,46.4,47.5,47.4,12.1,32,9.0,202,834.1,0.0,South Africa,Johannesburg,-26.2041,28.0473
2026-07-08 19:00:00,45.9,46.8,48.0,11.0,32,7.9,193,833.7,0.0,South Africa,Johannesburg,-26.2041,28.0473
2026-07-08 20:00:00,49.9,51.0,45.7,10.1,33,7.5,191,832.9,0.0,South Africa,Johannesburg,-26.2041,28.0473
2026-07-08 21:00:00,51.9,53.2,42.2,9.4,36,7.0,190,832.4,0.0,South Africa,Johannesburg,-26.2041,28.0473
2026-07-08 22:00:00,46.4,47.7,37.4,8.7,39,7.3,191,831.9,0.0,South Africa,Johannesburg,-26.2041,28.0473
2026-07-08 23:00:00,41.7,43.1,31.3,8.2,42,8.3,186,831.7,0.0,South Africa,Johannesburg,-26.2041,28.0473
2026-07-09 00:00:00,39.2,40.6,25.8,7.5,44,7.5,188,830.6,0.0,South Africa,Johannesburg,-26.2041,28.0473
2026-07-09 01:00:00,38.8,40.3,24.3,7.4,45,7.6,187,830.1,0.0,South Africa,Johannesburg,-26.2041,28.0473
2026-07-09 02:00:00,39.0,40.4,22.6,7.3,46,8.1,184,829.6,0.0,South Africa,Johannesburg,-26.2041,28.0473
2026-07-09 03:00:00,40.4,41.8,24.0,7.0,47,7.6,180,829.1,0.0,South Africa,Johannesburg,-26.2041,28.0473
2026-07-09 04:00:00,44.0,45.5,33.0,6.8,48,7.4,179,829.2,0.0,South Africa,Johannesburg,-26.2041,28.0473
2026-07-09 05:00:00,60.8,62.4,45.2,6.6,50,7.6,177,829.6,0.0,South Africa,Johannesburg,-26.2041,28.0473
2026-07-09 06:00:00,79.4,80.8,50.4,8.3,45,7.4,184,830.8,0.0,South Africa,Johannesburg,-26.2041,28.0473
2026-07-09 07:00:00,56.9,58.7,41.7,11.7,38,6.9,187,832.9,0.0,South Africa,Johannesburg,-26.2041,28.0473
2026-07-09 08:00:00,32.7,33.4,26.1,13.9,35,9.7,183,834.0,0.0,South Africa,Johannesburg,-26.2041,28.0473
2026-07-09 09:00:00,22.4,22.6,14.1,15.5,31,12.8,182,834.3,0.0,South Africa,Johannesburg,-26.2041,28.0473
2026-07-09 10:00:00,17.3,17.6,9.8,16.6,26,13.9,179,834.2,0.0,South Africa,Johannesburg,-26.2041,28.0473
2026-07-09 11:00:00,15.7,16.0,9.0,17.2,24,12.3,176,833.6,0.0,South Africa,Johannesburg,-26.2041,28.0473
2026-07-09 12:00:00,10.4,10.7,8.9,17.9,23,10.8,178,832.7,0.0,South Africa,Johannesburg,-26.2041,28.0473
2026-07-09 13:00:00,11.6,11.9,10.8,18.0,23,8.3,180,832.3,0.0,South Africa,Johannesburg,-26.2041,28.0473
2026-07-09 14:00:00,12.4,12.7,13.9,17.6,23,6.3,185,832.1,0.0,South Africa,Johannesburg,-26.2041,28.0473
2026-07-09 15:00:00,15.5,15.8,20.0,16.6,26,4.5,196,831.9,0.0,South Africa,Johannesburg,-26.2041,28.0473
2026-07-09 16:00:00,39.9,40.9,32.6,14.5,33,4.4,207,831.2,0.0,South Africa,Johannesburg,-26.2041,28.0473
2026-07-09 17:00:00,55.1,56.1,48.2,13.8,33,6.0,209,831.6,0.0,South Africa,Johannesburg,-26.2041,28.0473
2026-07-09 18:00:00,59.6,60.8,58.1,12.4,39,5.1,203,830.8,0.0,South Africa,Johannesburg,-26.2041,28.0473
2026-07-09 19:00:00,57.3,58.2,57.2,11.7,39,6.3,195,830.9,0.0,South Africa,Johannesburg,-26.2041,28.0473
2026-07-09 20:00:00,54.8,55.8,50.6,11.2,41,8.3,194,830.8,0.0,South Africa,Johannesburg,-26.2041,28.0473
2026-07-09 21:00:00,51.7,52.5,44.6,10.5,43,8.4,191,830.4,0.0,South Africa,Johannesburg,-26.2041,28.0473
2026-07-09 22:00:00,46.6,47.5,41.0,9.5,47,5.4,194,829.7,0.0,South Africa,Johannesburg,-26.2041,28.0473
2026-07-09 23:00:00,45.8,46.7,38.1,8.9,50,4.9,184,829.3,0.0,South Africa,Johannesburg,-26.2041,28.0473
2026-07-10 00:00:00,45.5,46.6,33.7,8.0,55,4.5,178,828.4,0.0,South Africa,Johannesburg,-26.2041,28.0473
2026-07-10 01:00:00,49.6,50.5,33.8,8.0,54,4.4,168,827.9,0.0,South Africa,Johannesburg,-26.2041,28.0473
2026-07-10 02:00:00,54.7,55.9,34.8,7.8,53,4.7,171,827.7,0.0,South Africa,Johannesburg,-26.2041,28.0473
2026-07-10 03:00:00,63.6,64.7,41.2,7.8,53,4.0,177,827.6,0.0,South Africa,Johannesburg,-26.2041,28.0473
2026-07-10 04:00:00,78.9,80.1,61.4,7.6,53,3.4,180,827.9,0.0,South Africa,Johannesburg,-26.2041,28.0473
2026-07-10 05:00:00,117.3,118.7,87.0,7.5,53,2.3,184,828.4,0.0,South Africa,Johannesburg,-26.2041,28.0473
2026-07-10 06:00:00,177.4,179.3,97.6,9.1,54,0.4,207,829.8,0.0,South Africa,Johannesburg,-26.2041,28.0473
2026-07-10 07:00:00,147.6,150.9,78.9,13.5,36,4.5,331,832.9,0.0,South Africa,Johannesburg,-26.2041,28.0473
2026-07-10 08:00:00,36.7,37.5,45.2,14.8,29,6.7,326,833.9,0.0,South Africa,Johannesburg,-26.2041,28.0473
2026-07-10 09:00:00,19.8,20.0,19.4,15.6,27,6.3,329,833.9,0.0,South Africa,Johannesburg,-26.2041,28.0473
2026-07-10 10:00:00,17.1,17.3,11.2,16.5,24,5.4,326,833.7,0.0,South Africa,Johannesburg,-26.2041,28.0473
2026-07-10 11:00:00,17.9,18.1,11.0,17.2,23,5.8,321,833.2,0.0,South Africa,Johannesburg,-26.2041,28.0473
2026-07-10 12:00:00,15.8,15.8,13.5,17.5,24,8.6,340,832.1,0.0,South Africa,Johannesburg,-26.2041,28.0473
2026-07-10 13:00:00,17.5,17.5,13.0,17.4,24,9.6,339,831.8,0.0,South Africa,Johannesburg,-26.2041,28.0473
2026-07-10 14:00:00,18.6,18.6,13.3,16.9,25,10.6,345,831.6,0.0,South Africa,Johannesburg,-26.2041,28.0473
2026-07-10 15:00:00,22.2,22.2,21.2,15.9,27,11.0,345,831.5,0.0,South Africa,Johannesburg,-26.2041,28.0473
2026-07-10 16:00:00,47.8,48.0,43.5,14.5,30,9.4,349,831.2,0.0,South Africa,Johannesburg,-26.2041,28.0473
2026-07-10 17:00:00,74.0,75.0,73.3,13.4,31,10.9,348,831.5,0.0,South Africa,Johannesburg,-26.2041,28.0473
2026-07-10 18:00:00,101.3,102.7,96.5,12.7,32,9.1,333,830.9,0.0,South Africa,Johannesburg,-26.2041,28.0473
2026-07-10 19:00:00,132.7,135.0,107.0,12.1,34,7.6,333,830.9,0.0,South Africa,Johannesburg,-26.2041,28.0473
2026-07-10 20:00:00,167.2,170.4,110.8,11.5,37,5.2,314,830.5,0.0,South Africa,Johannesburg,-26.2041,28.0473
2026-07-10 21:00:00,193.2,196.5,112.4,10.8,40,4.8,307,830.3,0.0,South Africa,Johannesburg,-26.2041,28.0473
2026-07-10 22:00:00,200.7,204.4,112.4,10.8,38,5.7,302,830.3,0.0,South Africa,Johannesburg,-26.2041,28.0473
2026-07-10 23:00:00,203.5,207.2,110.2,10.0,42,5.5,293,829.7,0.0,South Africa,Johannesburg,-26.2041,28.0473
2026-07-11 00:00:00,219.8,223.5,111.2,9.1,44,4.1,326,828.8,0.0,South Africa,Johannesburg,-26.2041,28.0473
2026-07-11 01:00:00,210.9,215.1,104.5,9.2,43,5.1,315,828.6,0.0,South Africa,Johannesburg,-26.2041,28.0473
2026-07-11 02:00:00,201.6,205.4,95.4,8.9,44,5.0,308,828.4,0.0,South Africa,Johannesburg,-26.2041,28.0473
2026-07-11 03:00:00,191.4,195.1,89.1,8.6,44,5.4,300,828.3,0.0,South Africa,Johannesburg,-26.2041,28.0473
2026-07-11 04:00:00,181.1,184.9,91.5,8.3,47,3.6,297,828.6,0.0,South Africa,Johannesburg,-26.2041,28.0473
2026-07-11 05:00:00,182.5,186.3,96.8,8.4,46,3.6,319,829.5,0.0,South Africa,Johannesburg,-26.2041,28.0473
2026-07-11 06:00:00,193.7,197.0,92.5,10.3,40,4.9,10,830.7,0.0,South Africa,Johannesburg,-26.2041,28.0473
2026-07-11 07:00:00,126.7,129.9,68.6,12.8,32,7.1,353,832.8,0.0,South Africa,Johannesburg,-26.2041,28.0473
2026-07-11 08:00:00,44.6,45.4,35.3,14.2,29,9.1,335,833.6,0.0,South Africa,Johannesburg,-26.2041,28.0473
2026-07-11 09:00:00,20.5,20.7,10.4,15.6,26,12.1,317,833.8,0.0,South Africa,Johannesburg,-26.2041,28.0473
2026-07-11 10:00:00,16.1,16.3,2.5,16.3,24,13.3,319,833.5,0.0,South Africa,Johannesburg,-26.2041,28.0473
2026-07-11 11:00:00,15.5,15.7,3.1,16.8,23,13.2,322,833.1,0.0,South Africa,Johannesburg,-26.2041,28.0473
2026-07-11 12:00:00,13.1,13.2,4.7,17.2,22,13.1,316,832.1,0.0,South Africa,Johannesburg,-26.2041,28.0473
2026-07-11 13:00:00,13.6,13.8,4.4,17.0,22,12.3,314,831.8,0.0,South Africa,Johannesburg,-26.2041,28.0473
2026-07-11 14:00:00,13.7,13.9,4.7,16.6,23,11.5,312,831.6,0.0,South Africa,Johannesburg,-26.2041,28.0473
2026-07-11 15:00:00,15.5,15.7,10.3,15.8,24,11.2,330,831.5,0.0,South Africa,Johannesburg,-26.2041,28.0473
2026-07-11 16:00:00,32.4,32.5,26.2,14.0,29,10.8,345,831.4,0.0,South Africa,Johannesburg,-26.2041,28.0473
2026-07-11 17:00:00,54.5,54.8,47.5,13.0,33,8.0,350,831.6,0.0,South Africa,Johannesburg,-26.2041,28.0473
2026-07-11 18:00:00,75.2,75.9,63.7,12.2,35,9.0,360,831.2,0.0,South Africa,Johannesburg,-26.2041,28.0473
2026-07-11 19:00:00,95.0,95.9,70.5,11.9,34,6.4,322,831.3,0.0,South Africa,Johannesburg,-26.2041,28.0473
2026-07-11 20:00:00,115.9,117.1,72.2,11.3,36,5.9,297,831.2,0.0,South Africa,Johannesburg,-26.2041,28.0473
2026-07-11 21:00:00,130.9,132.2,72.0,10.8,38,6.5,272,830.9,0.0,South Africa,Johannesburg,-26.2041,28.0473
2026-07-11 22:00:00,132.2,133.6,69.6,10.3,39,6.8,268,830.7,0.0,South Africa,Johannesburg,-26.2041,28.0473
2026-07-11 23:00:00,130.4,131.8,65.2,10.0,40,7.2,256,830.3,0.0,South Africa,Johannesburg,-26.2041,28.0473
2026-07-12 00:00:00,156.0,157.9,75.7,9.2,43,4.2,324,829.7,0.0,South Africa,Johannesburg,-26.2041,28.0473
2026-07-12 01:00:00,154.6,156.5,75.3,9.3,42,3.3,324,829.4,0.0,South Africa,Johannesburg,-26.2041,28.0473
2026-07-12 02:00:00,152.3,154.6,75.0,9.0,42,2.9,313,829.2,0.0,South Africa,Johannesburg,-26.2041,28.0473
2026-07-12 03:00:00,154.6,156.9,76.8,8.5,45,1.8,294,829.0,0.0,South Africa,Johannesburg,-26.2041,28.0473
2026-07-12 04:00:00,162.1,164.4,85.9,8.2,45,1.7,347,829.3,0.0,South Africa,Johannesburg,-26.2041,28.0473
2026-07-12 05:00:00,190.0,192.3,97.0,7.7,45,2.7,20,829.4,0.0,South Africa,Johannesburg,-26.2041,28.0473
2026-07-12 06:00:00,230.0,232.8,97.1,9.8,44,3.7,35,831.2,0.0,South Africa,Johannesburg,-26.2041,28.0473
2026-07-12 07:00:00,161.6,164.8,75.4,13.3,29,5.0,2,833.5,0.0,South Africa,Johannesburg,-26.2041,28.0473
2026-07-12 08:00:00,53.7,54.7,42.6,14.6,24,7.1,341,834.3,0.0,South Africa,Johannesburg,-26.2041,28.0473
2026-07-12 09:00:00,26.5,26.6,17.3,15.4,23,8.6,337,834.3,0.0,South Africa,Johannesburg,-26.2041,28.0473
2026-07-12 10:00:00,18.6,18.7,7.6,16.2,22,9.0,330,834.3,0.0,South Africa,Johannesburg,-26.2041,28.0473
2026-07-12 11:00:00,16.2,16.4,5.3,16.9,21,9.4,329,834.0,0.0,South Africa,Johannesburg,-26.2041,28.0473
2026-07-12 12:00:00,11.2,11.3,5.7,17.1,22,11.7,337,833.1,0.0,South Africa,Johannesburg,-26.2041,28.0473
2026-07-12 13:00:00,10.8,10.8,5.3,16.9,23,11.6,336,832.6,0.0,South Africa,Johannesburg,-26.2041,28.0473
2026-07-12 14:00:00,11.0,11.0,5.4,16.3,24,11.4,335,832.4,0.0,South Africa,Johannesburg,-26.2041,28.0473
2026-07-12 15:00:00,14.8,14.8,11.0,15.4,24,11.2,330,832.4,0.0,South Africa,Johannesburg,-26.2041,28.0473
2026-07-12 16:00:00,34.7,35.0,27.3,14.1,27,10.5,341,832.2,0.0,South Africa,Johannesburg,-26.2041,28.0473
2026-07-12 17:00:00,60.5,61.2,48.9,13.2,30,8.7,342,832.3,0.0,South Africa,Johannesburg,-26.2041,28.0473
2026-07-12 18:00:00,85.9,86.6,64.9,12.0,38,3.3,324,831.8,0.0,South Africa,Johannesburg,-26.2041,28.0473
2026-07-12 19:00:00,105.9,106.6,69.8,11.9,37,2.4,318,832.1,0.0,South Africa,Johannesburg,-26.2041,28.0473
2026-07-12 20:00:00,123.4,124.3,69.0,11.4,39,1.9,311,831.7,0.0,South Africa,Johannesburg,-26.2041,28.0473
2026-07-12 21:00:00,137.4,138.3,67.6,11.0,38,3.3,306,831.7,0.0,South Africa,Johannesburg,-26.2041,28.0473
2026-07-12 22:00:00,140.2,141.1,67.0,10.5,39,3.5,282,831.3,0.0,South Africa,Johannesburg,-26.2041,28.0473
2026-07-12 23:00:00,139.7,141.1,65.7,10.2,40,2.0,10,831.1,0.0,South Africa,Johannesburg,-26.2041,28.0473
2026-07-13 00:00:00,158.8,160.2,78.5,8.8,48,0.6,72,830.2,0.0,South Africa,Johannesburg,-26.2041,28.0473
2026-07-13 01:00:00,165.3,166.7,77.3,8.7,44,2.4,351,830.2,0.0,South Africa,Johannesburg,-26.2041,28.0473
2026-07-13 02:00:00,169.0,170.9,75.9,8.0,47,4.9,10,829.8,0.0,South Africa,Johannesburg,-26.2041,28.0473
2026-07-13 03:00:00,174.6,176.5,76.7,7.0,65,4.9,17,830.0,0.0,South Africa,Johannesburg,-26.2041,28.0473
2026-07-13 04:00:00,180.7,183.0,84.6,6.0,83,2.6,39,829.5,0.0,South Africa,Johannesburg,-26.2041,28.0473
2026-07-13 05:00:00,205.8,208.2,94.6,5.5,88,1.9,61,829.2,0.0,South Africa,Johannesburg,-26.2041,28.0473
2026-07-13 06:00:00,244.9,246.8,94.3,7.8,79,4.9,33,831.0,0.0,South Africa,Johannesburg,-26.2041,28.0473
2026-07-13 07:00:00,149.9,153.2,73.8,11.0,62,5.5,9,833.8,0.0,South Africa,Johannesburg,-26.2041,28.0473
2026-07-13 08:00:00,67.8,68.2,42.9,12.9,50,5.6,358,835.0,0.0,South Africa,Johannesburg,-26.2041,28.0473
2026-07-13 09:00:00,37.5,37.8,19.1,14.5,42,8.0,333,835.3,0.0,South Africa,Johannesburg,-26.2041,28.0473
2026-07-13 10:00:00,29.8,30.3,9.6,15.4,40,10.7,324,835.2,0.0,South Africa,Johannesburg,-26.2041,28.0473
2026-07-13 11:00:00,25.0,25.4,7.3,15.7,38,10.7,319,834.7,0.0,South Africa,Johannesburg,-26.2041,28.0473
2026-07-13 12:00:00,14.1,14.3,6.0,16.4,31,10.7,318,834.2,0.1,South Africa,Johannesburg,-26.2041,28.0473
2026-07-13 13:00:00,12.9,13.1,6.0,16.7,28,10.7,301,833.8,0.0,South Africa,Johannesburg,-26.2041,28.0473
2026-07-13 14:00:00,12.9,13.1,6.8,16.3,29,10.7,301,833.4,0.0,South Africa,Johannesburg,-26.2041,28.0473
2026-07-13 15:00:00,15.8,16.0,13.5,15.4,30,10.9,297,833.4,0.0,South Africa,Johannesburg,-26.2041,28.0473
2026-07-13 16:00:00,27.5,27.7,31.4,13.9,36,8.3,309,833.3,0.0,South Africa,Johannesburg,-26.2041,28.0473
2026-07-13 17:00:00,47.7,48.2,55.2,12.5,46,4.7,317,833.3,0.0,South Africa,Johannesburg,-26.2041,28.0473
2026-07-13 18:00:00,84.3,85.4,74.6,11.6,54,1.4,293,832.6,0.0,South Africa,Johannesburg,-26.2041,28.0473
2026-07-13 19:00:00,126.7,128.1,85.4,11.5,51,1.6,63,832.7,0.0,South Africa,Johannesburg,-26.2041,28.0473
2026-07-13 20:00:00,162.1,163.9,91.7,10.9,52,5.0,44,832.6,0.0,South Africa,Johannesburg,-26.2041,28.0473
2026-07-13 21:00:00,174.2,176.0,95.2,10.2,54,5.7,53,832.3,0.0,South Africa,Johannesburg,-26.2041,28.0473
2026-07-13 22:00:00,157.9,159.7,96.7,9.9,57,5.3,35,832.1,0.0,South Africa,Johannesburg,-26.2041,28.0473
2026-07-13 23:00:00,137.4,139.2,95.4,9.8,60,6.6,13,832.1,0.0,South Africa,Johannesburg,-26.2041,28.0473
2026-07-14 00:00:00,90.3,93.1,77.8,9.1,64,6.5,19,831.6,0.0,South Africa,Johannesburg,-26.2041,28.0473
2026-07-14 01:00:00,79.6,82.0,65.0,8.9,66,7.2,18,831.6,0.0,South Africa,Johannesburg,-26.2041,28.0473
2026-07-14 02:00:00,66.4,68.0,47.6,8.2,70,7.3,17,831.1,0.0,South Africa,Johannesburg,-26.2041,28.0473
2026-07-14 03:00:00,56.9,57.6,37.0,7.6,74,6.2,21,830.8,0.0,South Africa,Johannesburg,-26.2041,28.0473
2026-07-14 04:00:00,53.9,54.4,41.4,7.3,77,5.7,11,830.7,0.0,South Africa,Johannesburg,-26.2041,28.0473
2026-07-14 05:00:00,67.8,68.5,52.5,7.3,76,6.1,2,831.2,0.0,South Africa,Johannesburg,-26.2041,28.0473
2026-07-14 06:00:00,87.5,89.2,56.7,9.2,73,7.0,12,832.9,0.0,South Africa,Johannesburg,-26.2041,28.0473
2026-07-14 07:00:00,62.6,63.3,46.0,11.8,64,7.1,354,834.7,0.0,South Africa,Johannesburg,-26.2041,28.0473
2026-07-14 08:00:00,36.8,37.4,28.5,13.5,57,9.1,346,835.8,0.0,South Africa,Johannesburg,-26.2041,28.0473
2026-07-14 09:00:00,29.2,29.7,14.7,14.9,50,11.0,335,836.0,0.0,South Africa,Johannesburg,-26.2041,28.0473
2026-07-14 10:00:00,24.3,24.7,9.0,16.1,45,11.6,327,836.1,0.0,South Africa,Johannesburg,-26.2041,28.0473
2026-07-14 11:00:00,20.7,21.1,7.0,16.8,40,11.2,305,835.9,0.0,South Africa,Johannesburg,-26.2041,28.0473
2026-07-14 12:00:00,17.1,17.5,5.3,18.0,31,12.1,297,835.2,0.1,South Africa,Johannesburg,-26.2041,28.0473
2026-07-14 13:00:00,13.4,13.6,5.1,18.4,29,11.9,269,835.3,0.0,South Africa,Johannesburg,-26.2041,28.0473
2026-07-14 14:00:00,12.6,12.9,5.7,17.9,30,11.9,260,834.9,0.0,South Africa,Johannesburg,-26.2041,28.0473
2026-07-14 15:00:00,15.0,15.3,12.3,17.0,33,7.4,296,834.5,0.0,South Africa,Johannesburg,-26.2041,28.0473
2026-07-14 16:00:00,33.2,33.4,30.8,14.8,43,5.7,302,833.8,0.0,South Africa,Johannesburg,-26.2041,28.0473
2026-07-14 17:00:00,55.9,56.5,55.2,13.6,47,5.8,306,833.8,0.0,South Africa,Johannesburg,-26.2041,28.0473
2026-07-14 18:00:00,76.1,76.8,72.8,13.2,48,8.1,294,833.8,0.0,South Africa,Johannesburg,-26.2041,28.0473
2026-07-14 19:00:00,91.7,92.4,77.3,13.5,47,9.8,283,834.7,0.0,South Africa,Johannesburg,-26.2041,28.0473
2026-07-14 20:00:00,104.5,105.5,75.0,12.3,52,7.6,273,834.0,0.0,South Africa,Johannesburg,-26.2041,28.0473
2026-07-14 21:00:00,112.2,113.2,71.6,11.9,51,8.6,262,833.7,0.0,South Africa,Johannesburg,-26.2041,28.0473
2026-07-14 22:00:00,109.4,110.4,68.5,11.9,47,9.4,257,833.3,0.0,South Africa,Johannesburg,-26.2041,28.0473
2026-07-14 23:00:00,103.8,105.0,64.3,11.3,49,7.3,239,833.3,0.0,South Africa,Johannesburg,-26.2041,28.0473
2026-07-15 00:00:00,81.0,82.0,55.9,10.5,55,8.0,232,832.7,0.0,South Africa,Johannesburg,-26.2041,28.0473
2026-07-15 01:00:00,72.6,73.6,51.2,9.9,58,8.1,238,832.3,0.0,South Africa,Johannesburg,-26.2041,28.0473
2026-07-15 02:00:00,67.1,68.0,44.8,9.8,56,9.6,250,832.0,0.0,South Africa,Johannesburg,-26.2041,28.0473
2026-07-15 03:00:00,62.6,63.6,41.7,9.8,55,10.4,253,832.0,0.0,South Africa,Johannesburg,-26.2041,28.0473
2026-07-15 04:00:00,61.5,62.4,46.4,9.2,56,9.5,241,832.4,0.0,South Africa,Johannesburg,-26.2041,28.0473
2026-07-15 05:00:00,76.6,77.5,54.3,8.4,58,7.8,233,832.6,0.0,South Africa,Johannesburg,-26.2041,28.0473
2026-07-15 06:00:00,99.0,100.4,56.1,9.7,55,8.0,220,833.8,0.0,South Africa,Johannesburg,-26.2041,28.0473
2026-07-15 07:00:00,76.6,77.5,45.4,13.0,44,6.2,224,836.2,0.0,South Africa,Johannesburg,-26.2041,28.0473
2026-07-15 08:00:00,38.6,38.9,28.5,15.3,34,7.3,228,837.6,0.0,South Africa,Johannesburg,-26.2041,28.0473
2026-07-15 09:00:00,24.2,24.3,15.1,17.1,28,10.4,231,838.0,0.0,South Africa,Johannesburg,-26.2041,28.0473
2026-07-15 10:00:00,16.1,16.3,9.0,18.4,23,13.9,234,838.0,0.0,South Africa,Johannesburg,-26.2041,28.0473
2026-07-15 11:00:00,11.4,11.6,6.4,19.2,19,16.1,230,837.8,0.0,South Africa,Johannesburg,-26.2041,28.0473
2026-07-15 12:00:00,6.8,6.9,5.5,19.8,14,19.6,225,837.5,0.0,South Africa,Johannesburg,-26.2041,28.0473
2026-07-15 13:00:00,6.1,6.2,5.8,19.6,14,20.4,221,837.2,0.0,South Africa,Johannesburg,-26.2041,28.0473
2026-07-15 14:00:00,6.4,6.5,6.7,18.9,13,19.3,219,836.9,0.0,South Africa,Johannesburg,-26.2041,28.0473
2026-07-15 15:00:00,8.5,8.6,10.6,17.7,16,15.8,215,836.6,0.0,South Africa,Johannesburg,-26.2041,28.0473
2026-07-15 16:00:00,17.9,18.0,20.6,15.9,20,11.0,208,836.5,0.0,South Africa,Johannesburg,-26.2041,28.0473
2026-07-15 17:00:00,31.3,31.8,33.6,14.3,24,9.2,203,836.2,0.0,South Africa,Johannesburg,-26.2041,28.0473
2026-07-15 18:00:00,38.8,39.3,42.5,12.9,26,7.5,190,835.4,0.0,South Africa,Johannesburg,-26.2041,28.0473
2026-07-15 19:00:00,40.5,40.9,43.6,12.3,27,9.1,189,835.7,0.0,South Africa,Johannesburg,-26.2041,28.0473
2026-07-15 20:00:00,41.8,42.3,40.6,11.5,29,10.4,189,835.7,0.0,South Africa,Johannesburg,-26.2041,28.0473
2026-07-15 21:00:00,41.9,42.4,37.1,10.5,32,8.0,186,835.4,0.0,South Africa,Johannesburg,-26.2041,28.0473
2026-07-15 22:00:00,39.8,40.3,34.0,9.3,35,5.2,194,834.6,0.0,South Africa,Johannesburg,-26.2041,28.0473
2026-07-15 23:00:00,39.9,40.5,30.5,8.6,37,5.2,209,834.4,0.0,South Africa,Johannesburg,-26.2041,28.0473
2026-07-16 00:00:00,45.6,46.3,32.4,8.3,40,7.5,190,834.4,0.0,South Africa,Johannesburg,-26.2041,28.0473
2026-07-16 01:00:00,44.1,44.8,30.3,8.1,40,9.0,186,834.5,0.0,South Africa,Johannesburg,-26.2041,28.0473
2026-07-16 02:00:00,42.7,43.4,27.7,7.4,43,7.4,186,833.5,0.0,South Africa,Johannesburg,-26.2041,28.0473
2026-07-16 03:00:00,46.2,46.9,28.6,7.0,44,7.6,192,833.1,0.0,South Africa,Johannesburg,-26.2041,28.0473
2026-07-16 04:00:00,54.8,55.6,38.0,6.9,43,7.6,199,833.3,0.0,South Africa,Johannesburg,-26.2041,28.0473
2026-07-16 05:00:00,79.6,80.6,50.8,7.0,42,8.8,195,833.9,0.0,South Africa,Johannesburg,-26.2041,28.0473
2026-07-16 06:00:00,102.7,103.6,56.0,8.9,36,9.8,188,835.4,0.0,South Africa,Johannesburg,-26.2041,28.0473
2026-07-16 07:00:00,58.3,59.6,45.9,12.4,28,9.9,185,837.9,0.0,South Africa,Johannesburg,-26.2041,28.0473
2026-07-16 08:00:00,29.6,30.0,28.2,14.4,22,13.2,184,839.3,0.0,South Africa,Johannesburg,-26.2041,28.0473
2026-07-16 09:00:00,20.6,20.6,14.9,15.9,19,14.8,186,839.8,0.0,South Africa,Johannesburg,-26.2041,28.0473
2026-07-16 10:00:00,16.0,16.0,10.8,17.3,16,13.4,185,839.5,0.0,South Africa,Johannesburg,-26.2041,28.0473
2026-07-16 11:00:00,13.4,13.4,11.0,19.0,13,8.9,186,839.5,0.0,South Africa,Johannesburg,-26.2041,28.0473
2026-07-16 12:00:00,7.0,7.0,13.8,20.7,12,6.7,185,838.8,0.0,South Africa,Johannesburg,-26.2041,28.0473
2026-07-16 13:00:00,8.1,8.1,16.6,20.8,13,5.2,192,838.3,0.0,South Africa,Johannesburg,-26.2041,28.0473
2026-07-16 14:00:00,9.0,9.0,20.9,20.4,13,7.4,198,838.0,0.0,South Africa,Johannesburg,-26.2041,28.0473
2026-07-16 15:00:00,14.1,14.1,26.6,19.1,15,7.6,198,837.7,0.0,South Africa,Johannesburg,-26.2041,28.0473
2026-07-16 16:00:00,34.0,34.6,35.4,16.3,21,6.4,190,836.6,0.0,South Africa,Johannesburg,-26.2041,28.0473
2026-07-16 17:00:00,43.7,44.1,45.7,15.3,23,7.2,177,836.8,0.0,South Africa,Johannesburg,-26.2041,28.0473
2026-07-16 18:00:00,52.3,52.6,52.9,13.8,28,6.2,187,836.2,0.0,South Africa,Johannesburg,-26.2041,28.0473
2026-07-16 19:00:00,60.1,60.3,55.0,13.0,28,5.5,193,836.1,0.0,South Africa,Johannesburg,-26.2041,28.0473
2026-07-16 20:00:00,69.6,69.8,54.0,12.0,30,5.9,194,835.7,0.0,South Africa,Johannesburg,-26.2041,28.0473
2026-07-16 21:00:00,81.5,81.7,51.9,11.1,34,5.8,196,835.2,0.0,South Africa,Johannesburg,-26.2041,28.0473
2026-07-16 22:00:00,84.5,85.0,48.4,10.4,37,5.4,184,834.8,0.0,South Africa,Johannesburg,-26.2041,28.0473
2026-07-16 23:00:00,81.5,81.7,43.8,9.6,39,5.8,182,834.6,0.0,South Africa,Johannesburg,-26.2041,28.0473
2026-07-17 00:00:00,62.2,62.6,39.7,8.5,44,5.6,180,833.8,0.0,South Africa,Johannesburg,-26.2041,28.0473
2026-07-17 01:00:00,62.9,63.6,39.7,8.1,43,5.6,182,833.2,0.0,South Africa,Johannesburg,-26.2041,28.0473
2026-07-17 02:00:00,66.4,67.1,40.1,7.3,48,4.2,185,832.5,0.0,South Africa,Johannesburg,-26.2041,28.0473
2026-07-17 03:00:00,73.1,73.8,43.8,6.9,49,3.5,192,832.1,0.0,South Africa,Johannesburg,-26.2041,28.0473
2026-07-17 04:00:00,84.1,84.8,56.3,6.9,48,2.7,188,832.0,0.0,South Africa,Johannesburg,-26.2041,28.0473
2026-07-17 05:00:00,113.6,114.3,72.0,6.7,48,3.0,194,832.4,0.0,South Africa,Johannesburg,-26.2041,28.0473
2026-07-17 06:00:00,151.8,152.7,77.5,8.3,45,4.3,208,833.9,0.0,South Africa,Johannesburg,-26.2041,28.0473
2026-07-17 07:00:00,107.1,109.0,63.0,13.4,30,4.9,197,837.2,0.0,South Africa,Johannesburg,-26.2041,28.0473
2026-07-17 08:00:00,37.5,38.5,38.2,15.7,20,5.6,205,838.8,0.0,South Africa,Johannesburg,-26.2041,28.0473
2026-07-17 09:00:00,25.3,25.3,19.1,17.2,17,6.0,209,839.1,0.0,South Africa,Johannesburg,-26.2041,28.0473
2026-07-17 10:00:00,19.8,19.8,12.2,18.7,14,5.5,224,839.0,0.0,South Africa,Johannesburg,-26.2041,28.0473
2026-07-17 11:00:00,17.8,17.8,11.0,19.8,13,7.2,231,838.6,0.0,South Africa,Johannesburg,-26.2041,28.0473
2026-07-17 12:00:00,13.2,13.3,10.5,20.8,11,9.4,228,837.9,0.0,South Africa,Johannesburg,-26.2041,28.0473
2026-07-17 13:00:00,15.0,15.3,11.3,20.7,11,10.7,225,837.6,0.0,South Africa,Johannesburg,-26.2041,28.0473
2026-07-17 14:00:00,15.6,15.9,12.8,20.1,11,11.6,223,837.2,0.0,South Africa,Johannesburg,-26.2041,28.0473
2026-07-17 15:00:00,17.0,17.4,17.1,18.8,13,10.3,218,836.8,0.0,South Africa,Johannesburg,-26.2041,28.0473
2026-07-17 16:00:00,31.4,31.9,26.8,16.5,17,7.3,218,835.9,0.0,South Africa,Johannesburg,-26.2041,28.0473
2026-07-17 17:00:00,40.6,41.1,39.4,15.3,20,7.2,212,836.0,0.0,South Africa,Johannesburg,-26.2041,28.0473
2026-07-17 18:00:00,46.2,46.6,49.1,13.9,24,6.1,203,835.5,0.0,South Africa,Johannesburg,-26.2041,28.0473
2026-07-17 19:00:00,51.5,51.9,53.4,12.9,28,5.1,203,834.8,0.0,South Africa,Johannesburg,-26.2041,28.0473
2026-07-17 20:00:00,60.3,60.8,55.0,12.1,31,4.2,205,834.4,0.0,South Africa,Johannesburg,-26.2041,28.0473
2026-07-17 21:00:00,68.5,68.7,55.7,11.4,32,4.8,191,833.9,0.0,South Africa,Johannesburg,-26.2041,28.0473
2026-07-17 22:00:00,70.8,71.2,56.2,10.9,35,4.4,192,833.2,0.0,South Africa,Johannesburg,-26.2041,28.0473
2026-07-17 23:00:00,74.5,75.0,55.9,10.3,37,4.3,213,832.6,0.0,South Africa,Johannesburg,-26.2041,28.0473
2026-07-18 00:00:00,112.0,112.7,60.9,8.9,42,1.7,229,831.7,0.0,South Africa,Johannesburg,-26.2041,28.0473
2026-07-18 01:00:00,116.9,117.6,59.2,8.8,41,2.1,239,831.4,0.0,South Africa,Johannesburg,-26.2041,28.0473
2026-07-18 02:00:00,112.7,113.2,57.0,8.8,38,3.4,238,831.1,0.0,South Africa,Johannesburg,-26.2041,28.0473
2026-07-18 03:00:00,103.1,103.6,56.7,8.6,37,4.1,232,830.9,0.0,South Africa,Johannesburg,-26.2041,28.0473
2026-07-18 04:00:00,96.4,97.1,62.1,8.4,36,4.8,233,830.9,0.0,South Africa,Johannesburg,-26.2041,28.0473
2026-07-18 05:00:00,109.0,109.7,69.4,8.1,37,5.7,235,831.2,0.0,South Africa,Johannesburg,-26.2041,28.0473
2026-07-18 06:00:00,130.4,131.3,69.1,10.0,33,5.9,232,832.6,0.0,South Africa,Johannesburg,-26.2041,28.0473
2026-07-18 07:00:00,93.8,95.2,53.7,14.9,23,7.4,238,835.6,0.0,South Africa,Johannesburg,-26.2041,28.0473
2026-07-18 08:00:00,30.9,31.9,30.7,17.1,17,9.8,242,837.1,0.0,South Africa,Johannesburg,-26.2041,28.0473
2026-07-18 09:00:00,18.9,19.0,13.3,18.6,14,9.9,235,837.3,0.0,South Africa,Johannesburg,-26.2041,28.0473
2026-07-18 10:00:00,15.8,15.9,7.3,19.9,12,10.4,231,837.2,0.0,South Africa,Johannesburg,-26.2041,28.0473
2026-07-18 11:00:00,13.9,14.0,6.9,20.9,11,10.4,233,836.6,0.0,South Africa,Johannesburg,-26.2041,28.0473
2026-07-18 12:00:00,10.2,10.3,7.4,21.7,10,13.2,227,836.1,0.0,South Africa,Johannesburg,-26.2041,28.0473
2026-07-18 13:00:00,9.7,9.7,8.2,21.2,11,13.3,222,835.8,0.0,South Africa,Johannesburg,-26.2041,28.0473
2026-07-18 14:00:00,9.3,9.4,9.6,20.4,11,12.4,222,835.2,0.0,South Africa,Johannesburg,-26.2041,28.0473
2026-07-18 15:00:00,10.6,10.7,12.9,19.2,12,11.0,222,835.0,0.0,South Africa,Johannesburg,-26.2041,28.0473
2026-07-18 16:00:00,22.9,23.2,20.0,16.8,16,7.1,214,834.2,0.0,South Africa,Johannesburg,-26.2041,28.0473
2026-07-18 17:00:00,30.5,31.1,29.0,15.5,20,6.6,201,834.4,0.0,South Africa,Johannesburg,-26.2041,28.0473
2026-07-18 18:00:00,35.5,36.2,35.9,14.4,26,6.2,187,833.7,0.0,South Africa,Johannesburg,-26.2041,28.0473
2026-07-18 19:00:00,39.5,40.0,39.1,13.6,28,5.6,180,833.7,0.0,South Africa,Johannesburg,-26.2041,28.0473
2026-07-18 20:00:00,46.0,46.7,40.2,12.8,30,5.6,182,833.1,0.0,South Africa,Johannesburg,-26.2041,28.0473
2026-07-18 21:00:00,49.1,49.8,39.7,12.0,33,5.4,184,832.5,0.0,South Africa,Johannesburg,-26.2041,28.0473
2026-07-18 22:00:00,45.5,46.3,37.2,11.5,34,5.7,193,831.6,0.0,South Africa,Johannesburg,-26.2041,28.0473
2026-07-18 23:00:00,43.2,44.1,33.1,11.0,36,5.8,200,831.0,0.0,South Africa,Johannesburg,-26.2041,28.0473
2026-07-19 00:00:00,57.5,58.4,39.5,9.9,40,5.1,212,830.3,0.0,South Africa,Johannesburg,-26.2041,28.0473
2026-07-19 01:00:00,55.3,56.2,35.6,9.8,38,6.1,212,830.0,0.0,South Africa,Johannesburg,-26.2041,28.0473
2026-07-19 02:00:00,46.3,47.4,30.2,9.5,37,6.6,209,829.7,0.0,South Africa,Johannesburg,-26.2041,28.0473
2026-07-19 03:00:00,38.4,39.3,26.8,9.4,37,7.3,205,829.5,0.0,South Africa,Johannesburg,-26.2041,28.0473
2026-07-19 04:00:00,34.7,35.6,27.9,9.2,37,7.7,201,829.6,0.0,South Africa,Johannesburg,-26.2041,28.0473
2026-07-19 05:00:00,42.3,43.2,30.9,9.5,36,10.0,197,830.2,0.0,South Africa,Johannesburg,-26.2041,28.0473
2026-07-19 06:00:00,50.2,51.2,31.1,11.4,32,12.4,194,832.1,0.0,South Africa,Johannesburg,-26.2041,28.0473
2026-07-19 07:00:00,39.9,41.2,25.2,14.1,27,11.2,192,833.8,0.0,South Africa,Johannesburg,-26.2041,28.0473
2026-07-19 08:00:00,23.6,24.7,16.3,15.9,22,14.5,195,834.5,0.0,South Africa,Johannesburg,-26.2041,28.0473
2026-07-19 09:00:00,15.5,16.1,9.6,17.4,19,15.4,197,834.9,0.0,South Africa,Johannesburg,-26.2041,28.0473
2026-07-19 10:00:00,12.0,12.5,7.0,18.4,16,15.0,200,834.7,0.0,South Africa,Johannesburg,-26.2041,28.0473
2026-07-19 11:00:00,10.5,10.8,6.5,19.1,15,14.4,204,834.2,0.0,South Africa,Johannesburg,-26.2041,28.0473
2026-07-19 12:00:00,9.8,10.2,6.5,20.1,14,13.6,209,833.6,0.0,South Africa,Johannesburg,-26.2041,28.0473
2026-07-19 13:00:00,10.3,10.8,6.9,19.9,14,13.3,208,833.2,0.0,South Africa,Johannesburg,-26.2041,28.0473
2026-07-19 14:00:00,10.4,10.9,7.8,19.2,15,12.7,209,832.6,0.0,South Africa,Johannesburg,-26.2041,28.0473
2026-07-19 15:00:00,11.3,11.8,11.2,18.1,17,11.6,210,832.3,0.0,South Africa,Johannesburg,-26.2041,28.0473
2026-07-19 16:00:00,21.8,22.8,19.0,16.0,21,8.0,208,831.9,0.0,South Africa,Johannesburg,-26.2041,28.0473
2026-07-19 17:00:00,34.8,35.9,29.3,14.7,24,6.7,200,831.8,0.0,South Africa,Johannesburg,-26.2041,28.0473
2026-07-19 18:00:00,44.4,45.5,37.8,13.2,29,5.6,195,831.4,0.0,South Africa,Johannesburg,-26.2041,28.0473
2026-07-19 19:00:00,52.7,54.1,42.9,12.6,29,5.4,194,831.2,0.0,South Africa,Johannesburg,-26.2041,28.0473
2026-07-19 20:00:00,61.9,63.3,46.3,12.0,32,5.1,186,830.8,0.0,South Africa,Johannesburg,-26.2041,28.0473
2026-07-19 21:00:00,67.1,68.5,48.5,11.4,36,4.0,188,830.1,0.0,South Africa,Johannesburg,-26.2041,28.0473
2026-07-19 22:00:00,67.1,68.7,49.9,10.6,38,2.7,217,829.4,0.0,South Africa,Johannesburg,-26.2041,28.0473
2026-07-19 23:00:00,70.3,71.9,50.0,9.7,41,3.1,234,828.5,0.0,South Africa,Johannesburg,-26.2041,28.0473
2026-07-20 00:00:00,93.1,95.0,58.0,8.7,43,3.3,225,827.9,0.0,South Africa,Johannesburg,-26.2041,28.0473
2026-07-20 01:00:00,87.1,88.9,50.5,9.1,38,6.3,233,827.6,0.0,South Africa,Johannesburg,-26.2041,28.0473
2026-07-20 02:00:00,63.8,65.7,40.3,9.8,35,7.6,248,828.0,0.0,South Africa,Johannesburg,-26.2041,28.0473
2026-07-20 03:00:00,43.7,45.2,32.9,10.0,35,8.4,245,828.1,0.0,South Africa,Johannesburg,-26.2041,28.0473
2026-07-20 04:00:00,33.8,35.0,32.1,9.6,36,9.0,240,828.2,0.0,South Africa,Johannesburg,-26.2041,28.0473
2026-07-20 05:00:00,38.0,39.1,34.2,9.4,36,9.4,234,828.2,0.0,South Africa,Johannesburg,-26.2041,28.0473
2026-07-20 06:00:00,42.4,43.4,33.6,11.2,32,10.7,229,830.0,0.0,South Africa,Johannesburg,-26.2041,28.0473
2026-07-20 07:00:00,36.0,37.0,26.9,14.5,27,11.1,226,831.8,0.0,South Africa,Johannesburg,-26.2041,28.0473
2026-07-20 08:00:00,22.8,23.2,17.5,16.6,22,15.3,219,832.9,0.0,South Africa,Johannesburg,-26.2041,28.0473
2026-07-20 09:00:00,14.2,14.5,10.3,17.7,18,16.8,218,833.3,0.0,South Africa,Johannesburg,-26.2041,28.0473
2026-07-20 10:00:00,10.3,10.6,7.2,18.4,16,16.1,219,833.3,0.0,South Africa,Johannesburg,-26.2041,28.0473
2026-07-20 11:00:00,9.4,9.7,6.3,19.0,15,15.8,220,832.7,0.0,South Africa,Johannesburg,-26.2041,28.0473
2026-07-20 12:00:00,11.2,11.9,6.3,19.6,16,14.3,227,832.5,0.0,South Africa,Johannesburg,-26.2041,28.0473
2026-07-20 13:00:00,11.6,12.3,6.6,19.4,16,13.8,227,832.3,0.0,South Africa,Johannesburg,-26.2041,28.0473
2026-07-20 14:00:00,11.7,12.4,7.7,18.7,17,13.0,226,831.8,0.0,South Africa,Johannesburg,-26.2041,28.0473
2026-07-20 15:00:00,13.0,13.7,12.9,17.6,19,11.5,224,831.8,0.0,South Africa,Johannesburg,-26.2041,28.0473
2026-07-20 16:00:00,26.7,27.6,25.8,15.6,23,6.7,224,831.3,0.0,South Africa,Johannesburg,-26.2041,28.0473
2026-07-20 17:00:00,44.1,45.3,42.9,14.4,27,5.2,209,831.1,0.0,South Africa,Johannesburg,-26.2041,28.0473
2026-07-20 18:00:00,57.9,59.1,56.8,13.0,32,5.2,182,830.6,0.0,South Africa,Johannesburg,-26.2041,28.0473
2026-07-20 19:00:00,74.3,75.9,64.5,12.5,32,5.0,180,830.8,0.0,South Africa,Johannesburg,-26.2041,28.0473
2026-07-20 20:00:00,92.9,94.8,69.0,11.9,35,4.0,180,830.5,0.0,South Africa,Johannesburg,-26.2041,28.0473
2026-07-20 21:00:00,108.5,110.4,71.7,11.3,37,3.8,175,830.1,0.0,South Africa,Johannesburg,-26.2041,28.0473
2026-07-20 22:00:00,114.3,116.2,72.8,10.8,39,2.6,164,829.7,0.0,South Africa,Johannesburg,-26.2041,28.0473
2026-07-20 23:00:00,119.0,121.1,72.1,10.2,39,2.3,184,829.2,0.0,South Africa,Johannesburg,-26.2041,28.0473
2026-07-21 00:00:00,118.0,120.1,67.9,8.9,42,5.3,218,828.5,0.0,South Africa,Johannesburg,-26.2041,28.0473
2026-07-21 01:00:00,118.0,120.1,65.2,8.9,40,5.6,225,828.3,0.0,South Africa,Johannesburg,-26.2041,28.0473
2026-07-21 02:00:00,115.7,117.8,62.0,9.1,38,6.2,224,828.3,0.0,South Africa,Johannesburg,-26.2041,28.0473
2026-07-21 03:00:00,114.6,116.4,62.8,9.3,36,6.9,237,828.5,0.0,South Africa,Johannesburg,-26.2041,28.0473
2026-07-21 04:00:00,118.5,120.6,74.8,9.2,36,6.9,237,828.8,0.0,South Africa,Johannesburg,-26.2041,28.0473
2026-07-21 05:00:00,143.0,144.8,90.9,8.9,37,6.7,236,829.2,0.0,South Africa,Johannesburg,-26.2041,28.0473
2026-07-21 06:00:00,183.9,186.3,94.4,10.6,35,5.4,236,830.8,0.0,South Africa,Johannesburg,-26.2041,28.0473
2026-07-21 07:00:00,172.3,175.1,72.8,15.1,26,5.6,248,834.0,0.0,South Africa,Johannesburg,-26.2041,28.0473
2026-07-21 08:00:00,29.2,30.2,38.6,17.2,20,8.1,257,835.2,0.0,South Africa,Johannesburg,-26.2041,28.0473
2026-07-21 09:00:00,14.2,14.3,12.9,18.2,18,7.8,257,835.3,0.0,South Africa,Johannesburg,-26.2041,28.0473
2026-07-21 10:00:00,11.2,11.3,5.0,19.2,16,9.1,252,835.1,0.0,South Africa,Johannesburg,-26.2041,28.0473
2026-07-21 11:00:00,11.1,11.1,5.6,19.9,14,9.6,249,835.0,0.0,South Africa,Johannesburg,-26.2041,28.0473
2026-07-21 12:00:00,5.3,5.3,6.8,20.6,13,8.5,252,834.2,0.0,South Africa,Johannesburg,-26.2041,28.0473
2026-07-21 13:00:00,6.1,6.1,7.5,20.6,13,8.0,243,834.0,0.0,South Africa,Johannesburg,-26.2041,28.0473
2026-07-21 14:00:00,6.8,6.8,8.9,20.2,13,7.3,232,833.7,0.0,South Africa,Johannesburg,-26.2041,28.0473
2026-07-21 15:00:00,8.6,8.6,13.8,19.1,14,6.2,213,833.5,0.0,South Africa,Johannesburg,-26.2041,28.0473
2026-07-21 16:00:00,32.4,33.1,25.3,16.6,18,4.9,172,832.7,0.0,South Africa,Johannesburg,-26.2041,28.0473
2026-07-21 17:00:00,45.9,46.4,40.3,15.5,19,5.4,159,832.7,0.0,South Africa,Johannesburg,-26.2041,28.0473
2026-07-21 18:00:00,51.1,51.6,51.6,14.6,25,1.7,72,832.6,0.0,South Africa,Johannesburg,-26.2041,28.0473
2026-07-21 19:00:00,54.7,55.2,55.6,14.1,24,3.8,85,833.0,0.0,South Africa,Johannesburg,-26.2041,28.0473
2026-07-21 20:00:00,65.7,65.9,56.0,13.5,23,5.8,90,832.7,0.0,South Africa,Johannesburg,-26.2041,28.0473
2026-07-21 21:00:00,78.7,78.9,56.4,12.9,26,5.9,63,832.4,0.0,South Africa,Johannesburg,-26.2041,28.0473
2026-07-21 22:00:00,86.6,86.8,58.4,12.3,27,5.8,54,832.0,0.0,South Africa,Johannesburg,-26.2041,28.0473
2026-07-21 23:00:00,91.3,91.7,60.4,12.0,29,3.9,77,831.8,0.0,South Africa,Johannesburg,-26.2041,28.0473
2026-07-22 00:00:00,91.7,92.2,62.0,11.0,29,6.5,85,831.3,0.0,South Africa,Johannesburg,-26.2041,28.0473
2026-07-22 01:00:00,89.9,90.3,60.1,10.8,30,5.8,68,831.0,0.0,South Africa,Johannesburg,-26.2041,28.0473
2026-07-22 02:00:00,88.9,89.4,57.7,10.7,32,3.3,54,831.0,0.0,South Africa,Johannesburg,-26.2041,28.0473
2026-07-22 03:00:00,90.3,90.8,57.4,10.5,31,4.3,42,831.3,0.0,South Africa,Johannesburg,-26.2041,28.0473
2026-07-22 04:00:00,95.9,96.6,63.3,9.9,31,6.6,26,832.0,0.0,South Africa,Johannesburg,-26.2041,28.0473
2026-07-22 05:00:00,118.7,119.7,71.4,9.0,35,4.8,31,831.9,0.0,South Africa,Johannesburg,-26.2041,28.0473
2026-07-22 06:00:00,147.1,148.5,72.1,10.9,33,5.5,27,833.6,0.0,South Africa,Johannesburg,-26.2041,28.0473
2026-07-22 07:00:00,111.1,114.1,58.6,14.1,29,6.6,11,835.7,0.0,South Africa,Johannesburg,-26.2041,28.0473
2026-07-22 08:00:00,64.7,65.0,37.7,15.9,30,8.6,360,836.8,0.0,South Africa,Johannesburg,-26.2041,28.0473
2026-07-22 09:00:00,42.4,42.5,21.1,17.3,29,9.7,349,837.0,0.0,South Africa,Johannesburg,-26.2041,28.0473
2026-07-22 10:00:00,32.2,32.2,13.2,18.5,27,10.9,344,836.7,0.0,South Africa,Johannesburg,-26.2041,28.0473
2026-07-22 11:00:00,26.5,26.5,9.5,19.3,25,11.4,337,836.4,0.0,South Africa,Johannesburg,-26.2041,28.0473
2026-07-22 12:00:00,15.2,15.2,8.1,19.9,22,10.3,337,835.9,0.0,South Africa,Johannesburg,-26.2041,28.0473
2026-07-22 13:00:00,16.6,16.6,8.7,19.9,21,10.1,335,835.7,0.0,South Africa,Johannesburg,-26.2041,28.0473
2026-07-22 14:00:00,17.8,17.8,10.3,19.4,21,10.2,332,835.1,0.0,South Africa,Johannesburg,-26.2041,28.0473
2026-07-22 15:00:00,21.7,21.7,17.4,18.5,22,10.0,326,834.7,0.0,South Africa,Johannesburg,-26.2041,28.0473
2026-07-22 16:00:00,46.3,46.3,35.4,16.8,26,7.4,317,834.5,0.0,South Africa,Johannesburg,-26.2041,28.0473
2026-07-22 17:00:00,66.6,67.5,58.8,16.0,30,5.6,320,834.4,0.0,South Africa,Johannesburg,-26.2041,28.0473
2026-07-22 18:00:00,76.1,78.0,75.6,14.7,34,5.1,18,833.7,0.0,South Africa,Johannesburg,-26.2041,28.0473
2026-07-22 19:00:00,80.8,82.9,81.0,14.1,35,5.5,27,833.5,0.0,South Africa,Johannesburg,-26.2041,28.0473
2026-07-22 20:00:00,85.2,87.3,79.8,13.2,38,5.7,11,833.4,0.0,South Africa,Johannesburg,-26.2041,28.0473
2026-07-22 21:00:00,88.0,89.9,74.8,12.5,41,5.3,10,833.0,0.0,South Africa,Johannesburg,-26.2041,28.0473
2026-07-22 22:00:00,82.4,84.5,64.4,12.5,41,6.6,11,832.9,0.0,South Africa,Johannesburg,-26.2041,28.0473
2026-07-22 23:00:00,72.6,75.0,50.2,11.9,42,7.9,13,832.9,0.0,South Africa,Johannesburg,-26.2041,28.0473
2026-07-23 00:00:00,54.2,55.9,30.9,10.8,45,6.7,24,832.2,0.0,South Africa,Johannesburg,-26.2041,28.0473
2026-07-23 01:00:00,50.2,51.3,27.8,10.0,48,5.5,32,831.5,0.0,South Africa,Johannesburg,-26.2041,28.0473
2026-07-23 02:00:00,48.7,49.5,24.0,9.4,52,5.1,42,831.1,0.0,South Africa,Johannesburg,-26.2041,28.0473
2026-07-23 03:00:00,51.2,51.8,24.3,9.2,56,4.8,48,831.1,0.0,South Africa,Johannesburg,-26.2041,28.0473
2026-07-23 04:00:00,55.6,56.3,33.9,8.8,58,5.0,44,830.9,0.0,South Africa,Johannesburg,-26.2041,28.0473
2026-07-23 05:00:00,67.5,68.9,47.6,9.2,57,6.9,30,831.5,0.0,South Africa,Johannesburg,-26.2041,28.0473
2026-07-23 06:00:00,80.3,82.0,54.1,10.3,57,8.8,20,833.2,0.0,South Africa,Johannesburg,-26.2041,28.0473
2026-07-23 07:00:00,67.5,68.2,46.3,12.5,54,5.0,15,834.9,0.0,South Africa,Johannesburg,-26.2041,28.0473
2026-07-23 08:00:00,51.2,51.8,31.2,14.5,47,7.0,347,835.7,0.0,South Africa,Johannesburg,-26.2041,28.0473
2026-07-23 09:00:00,43.0,43.5,19.0,15.4,42,7.2,333,835.8,0.0,South Africa,Johannesburg,-26.2041,28.0473
2026-07-23 10:00:00,39.6,40.2,13.4,17.0,35,8.1,342,835.5,0.0,South Africa,Johannesburg,-26.2041,28.0473
2026-07-23 11:00:00,36.0,36.6,10.7,17.9,31,11.4,339,835.0,0.0,South Africa,Johannesburg,-26.2041,28.0473
2026-07-23 12:00:00,21.6,21.8,8.7,19.5,27,16.6,331,834.3,0.0,South Africa,Johannesburg,-26.2041,28.0473
2026-07-23 13:00:00,17.6,17.8,8.3,19.5,27,16.5,323,834.3,0.0,South Africa,Johannesburg,-26.2041,28.0473
2026-07-23 14:00:00,19.2,19.4,8.2,19.1,28,15.8,315,833.9,0.0,South Africa,Johannesburg,-26.2041,28.0473
2026-07-23 15:00:00,24.2,24.4,11.7,18.0,31,14.4,306,833.7,0.0,South Africa,Johannesburg,-26.2041,28.0473
2026-07-23 16:00:00,33.9,34.1,23.2,16.4,36,10.3,310,833.4,0.0,South Africa,Johannesburg,-26.2041,28.0473
2026-07-23 17:00:00,47.4,47.7,38.2,15.4,40,7.1,319,833.4,0.0,South Africa,Johannesburg,-26.2041,28.0473
2026-07-23 18:00:00,60.1,60.8,47.3,14.0,45,5.5,289,833.0,0.0,South Africa,Johannesburg,-26.2041,28.0473
2026-07-23 19:00:00,65.2,66.4,45.0,13.9,45,7.4,266,833.8,0.0,South Africa,Johannesburg,-26.2041,28.0473
2026-07-23 20:00:00,56.6,57.6,36.6,13.0,49,8.9,236,833.7,0.0,South Africa,Johannesburg,-26.2041,28.0473
2026-07-23 21:00:00,39.5,40.0,28.6,12.1,51,10.1,213,833.9,0.0,South Africa,Johannesburg,-26.2041,28.0473
2026-07-23 22:00:00,27.5,27.9,22.8,10.7,55,8.4,203,833.3,0.0,South Africa,Johannesburg,-26.2041,28.0473
2026-07-23 23:00:00,22.5,22.8,17.5,9.5,56,9.9,196,833.0,0.0,South Africa,Johannesburg,-26.2041,28.0473
2026-07-24 00:00:00,20.4,20.8,13.9,8.6,50,10.8,195,832.7,0.0,South Africa,Johannesburg,-26.2041,28.0473
2026-07-24 01:00:00,17.6,18.0,12.6,7.8,46,12.0,192,832.8,0.0,South Africa,Johannesburg,-26.2041,28.0473
2026-07-24 02:00:00,16.7,17.2,11.2,6.9,44,11.4,187,831.9,0.0,South Africa,Johannesburg,-26.2041,28.0473
2026-07-24 03:00:00,16.8,17.2,12.0,6.4,40,13.2,191,831.7,0.0,South Africa,Johannesburg,-26.2041,28.0473
2026-07-24 04:00:00,19.2,19.7,18.1,5.8,37,12.7,188,831.5,0.0,South Africa,Johannesburg,-26.2041,28.0473
2026-07-24 05:00:00,29.7,30.4,26.4,5.3,36,13.7,185,831.6,0.0,South Africa,Johannesburg,-26.2041,28.0473
2026-07-24 06:00:00,42.5,43.1,30.7,6.9,34,13.5,178,832.8,0.0,South Africa,Johannesburg,-26.2041,28.0473
2026-07-24 07:00:00,24.0,24.7,26.9,9.5,26,14.6,181,834.7,0.0,South Africa,Johannesburg,-26.2041,28.0473
2026-07-24 08:00:00,18.0,18.4,19.1,12.1,19,14.9,182,835.9,0.0,South Africa,Johannesburg,-26.2041,28.0473
2026-07-24 09:00:00,13.2,13.2,13.1,14.3,15,14.0,181,836.3,0.0,South Africa,Johannesburg,-26.2041,28.0473
2026-07-24 10:00:00,10.7,10.7,11.0,15.9,15,13.0,179,836.9,0.0,South Africa,Johannesburg,-26.2041,28.0473
2026-07-24 11:00:00,9.6,9.6,10.6,16.7,16,12.1,178,837.0,0.0,South Africa,Johannesburg,-26.2041,28.0473
2026-07-24 12:00:00,7.2,7.2,10.9,17.3,16,12.4,179,836.9,0.0,South Africa,Johannesburg,-26.2041,28.0473
2026-07-24 13:00:00,6.8,6.9,11.8,17.5,16,11.5,177,836.9,0.0,South Africa,Johannesburg,-26.2041,28.0473
2026-07-24 14:00:00,6.5,6.6,13.3,17.1,18,11.7,175,836.9,0.0,South Africa,Johannesburg,-26.2041,28.0473
2026-07-24 15:00:00,6.9,7.0,17.4,16.0,21,12.2,172,837.0,0.0,South Africa,Johannesburg,-26.2041,28.0473
2026-07-24 16:00:00,19.5,19.8,26.3,14.3,25,9.0,170,836.6,0.0,South Africa,Johannesburg,-26.2041,28.0473
2026-07-24 17:00:00,31.2,31.3,37.7,13.2,28,7.2,168,836.8,0.0,South Africa,Johannesburg,-26.2041,28.0473
2026-07-24 18:00:00,37.5,37.7,46.4,12.2,28,7.2,181,836.7,0.0,South Africa,Johannesburg,-26.2041,28.0473
2026-07-24 19:00:00,42.5,42.6,50.1,11.3,30,6.5,186,836.5,0.0,South Africa,Johannesburg,-26.2041,28.0473
2026-07-24 20:00:00,50.8,50.9,51.1,10.0,33,5.1,184,835.8,0.0,South Africa,Johannesburg,-26.2041,28.0473
2026-07-24 21:00:00,59.4,59.6,51.5,9.1,35,5.1,184,835.1,0.0,South Africa,Johannesburg,-26.2041,28.0473
2026-07-24 22:00:00,64.0,64.3,51.8,8.5,36,5.3,188,834.4,0.0,South Africa,Johannesburg,-26.2041,28.0473
2026-07-24 23:00:00,69.2,69.2,51.6,7.7,40,4.8,200,833.7,0.0,South Africa,Johannesburg,-26.2041,28.0473
2026-07-25 00:00:00,82.7,82.9,55.9,6.5,47,3.6,198,832.8,0.0,South Africa,Johannesburg,-26.2041,28.0473
2026-07-25 01:00:00,88.7,88.9,54.3,6.4,48,0.4,180,832.6,0.0,South Africa,Johannesburg,-26.2041,28.0473
2026-07-25 02:00:00,95.0,95.2,52.5,6.3,47,2.7,37,833.0,0.0,South Africa,Johannesburg,-26.2041,28.0473
2026-07-25 03:00:00,102.2,102.7,54.5,5.6,50,1.9,41,832.6,0.0,South Africa,Johannesburg,-26.2041,28.0473
2026-07-25 04:00:00,111.3,111.8,66.2,5.4,49,2.9,353,832.6,0.0,South Africa,Johannesburg,-26.2041,28.0473
2026-07-25 05:00:00,137.4,137.8,81.7,5.7,48,3.1,339,833.2,0.0,South Africa,Johannesburg,-26.2041,28.0473
2026-07-25 06:00:00,178.3,179.7,87.1,7.8,50,5.4,6,835.7,0.0,South Africa,Johannesburg,-26.2041,28.0473
2026-07-25 07:00:00,96.6,99.4,72.6,10.6,51,4.8,349,837.7,0.0,South Africa,Johannesburg,-26.2041,28.0473
2026-07-25 08:00:00,51.0,52.5,48.0,12.9,44,4.8,345,838.9,0.0,South Africa,Johannesburg,-26.2041,28.0473
2026-07-25 09:00:00,40.6,40.7,29.0,15.2,34,3.6,327,839.6,0.0,South Africa,Johannesburg,-26.2041,28.0473
2026-07-25 10:00:00,35.9,36.0,22.2,17.0,27,2.0,297,839.7,0.0,South Africa,Johannesburg,-26.2041,28.0473
2026-07-25 11:00:00,32.8,32.9,21.0,18.6,21,1.7,238,839.6,0.0,South Africa,Johannesburg,-26.2041,28.0473
2026-07-25 12:00:00,22.9,22.9,26.4,19.0,19,1.6,153,838.8,0.0,South Africa,Johannesburg,-26.2041,28.0473
2026-07-25 13:00:00,22.5,22.5,29.0,19.8,15,3.9,158,838.7,0.0,South Africa,Johannesburg,-26.2041,28.0473
2026-07-25 14:00:00,21.4,21.4,33.0,19.5,14,7.0,159,838.5,0.0,South Africa,Johannesburg,-26.2041,28.0473
2026-07-25 15:00:00,22.2,22.2,39.4,18.4,15,8.8,154,838.3,0.0,South Africa,Johannesburg,-26.2041,28.0473
2026-07-25 16:00:00,39.5,39.5,50.8,16.0,19,4.8,155,837.7,0.0,South Africa,Johannesburg,-26.2041,28.0473
2026-07-25 17:00:00,57.3,57.3,64.6,14.7,25,1.7,162,837.7,0.0,South Africa,Johannesburg,-26.2041,28.0473
2026-07-25 18:00:00,73.3,74.5,74.0,13.3,29,2.4,17,837.6,0.0,South Africa,Johannesburg,-26.2041,28.0473
2026-07-25 19:00:00,92.2,93.4,74.5,12.6,37,1.8,360,837.6,0.0,South Africa,Johannesburg,-26.2041,28.0473
2026-07-25 20:00:00,116.2,117.6,70.6,12.2,45,0.5,360,837.2,0.0,South Africa,Johannesburg,-26.2041,28.0473
2026-07-25 21:00:00,135.0,137.4,68.9,11.9,47,0.5,315,836.8,0.0,South Africa,Johannesburg,-26.2041,28.0473
2026-07-25 22:00:00,144.8,147.1,73.1,11.2,47,2.2,355,836.3,0.0,South Africa,Johannesburg,-26.2041,28.0473
2026-07-25 23:00:00,148.1,150.9,79.5,10.4,54,8.3,4,836.2,0.0,South Africa,Johannesburg,-26.2041,28.0473
2026-07-26 00:00:00,125.7,128.1,76.1,8.3,61,7.0,3,835.8,0.0,South Africa,Johannesburg,-26.2041,28.0473
2026-07-26 01:00:00,121.5,123.9,71.5,7.2,69,5.1,10,834.8,0.0,South Africa,Johannesburg,-26.2041,28.0473
2026-07-26 02:00:00,117.1,119.7,65.3,6.7,73,4.7,18,834.1,0.0,South Africa,Johannesburg,-26.2041,28.0473
2026-07-26 03:00:00,113.9,116.6,61.9,6.5,75,5.0,19,834.2,0.0,South Africa,Johannesburg,-26.2041,28.0473
2026-07-26 04:00:00,114.1,117.3,66.3,6.4,76,5.4,6,834.6,0.0,South Africa,Johannesburg,-26.2041,28.0473
2026-07-26 05:00:00,128.1,131.3,73.4,5.8,80,4.9,358,834.5,0.0,South Africa,Johannesburg,-26.2041,28.0473
2026-07-26 06:00:00,143.0,146.2,72.6,7.6,73,6.5,357,836.1,0.0,South Africa,Johannesburg,-26.2041,28.0473
2026-07-26 07:00:00,87.8,89.2,55.3,10.4,60,4.8,323,837.7,0.0,South Africa,Johannesburg,-26.2041,28.0473
2026-07-26 08:00:00,57.9,58.1,30.1,13.1,49,3.4,288,838.9,0.0,South Africa,Johannesburg,-26.2041,28.0473
2026-07-26 09:00:00,47.5,47.7,11.7,15.5,39,3.2,254,839.3,0.0,South Africa,Johannesburg,-26.2041,28.0473
2026-07-26 10:00:00,41.8,42.0,7.1,17.2,32,2.5,249,839.1,0.0,South Africa,Johannesburg,-26.2041,28.0473
2026-07-26 11:00:00,39.3,39.6,9.4,18.4,27,1.9,253,838.7,0.0,South Africa,Johannesburg,-26.2041,28.0473
2026-07-26 12:00:00,28.1,28.1,13.2,19.3,26,2.6,326,837.7,0.0,South Africa,Johannesburg,-26.2041,28.0473
2026-07-26 13:00:00,29.0,29.0,13.7,19.7,25,3.6,330,837.3,0.0,South Africa,Johannesburg,-26.2041,28.0473
2026-07-26 14:00:00,29.6,29.7,15.1,19.4,26,5.3,336,836.8,0.0,South Africa,Johannesburg,-26.2041,28.0473
2026-07-26 15:00:00,32.9,32.9,20.7,18.4,27,8.4,337,836.5,0.0,South Africa,Johannesburg,-26.2041,28.0473
2026-07-26 16:00:00,61.5,61.5,34.3,16.2,34,12.7,328,836.1,0.0,South Africa,Johannesburg,-26.2041,28.0473
2026-07-26 17:00:00,81.5,81.5,52.1,14.6,44,8.7,313,836.1,0.0,South Africa,Johannesburg,-26.2041,28.0473
2026-07-26 18:00:00,98.0,98.0,66.2,13.0,48,4.8,323,835.5,0.0,South Africa,Johannesburg,-26.2041,28.0473
2026-07-26 19:00:00,114.6,114.8,74.4,12.5,49,5.1,321,835.2,0.0,South Africa,Johannesburg,-26.2041,28.0473
2026-07-26 20:00:00,126.2,127.6,78.9,11.9,49,4.9,327,834.7,0.0,South Africa,Johannesburg,-26.2041,28.0473
2026-07-26 21:00:00,130.4,131.8,78.1,11.0,52,4.9,324,834.1,0.0,South Africa,Johannesburg,-26.2041,28.0473
2026-07-26 22:00:00,123.4,125.3,69.1,10.8,52,5.5,316,833.4,0.0,South Africa,Johannesburg,-26.2041,28.0473
2026-07-26 23:00:00,106.4,107.8,54.8,10.5,52,5.5,316,832.9,0.0,South Africa,Johannesburg,-26.2041,28.0473
2026-07-27 00:00:00,122.9,124.8,64.1,9.6,54,5.5,324,832.4,0.0,South Africa,Johannesburg,-26.2041,28.0473
2026-07-27 01:00:00,107.6,108.5,54.4,9.5,51,5.7,311,831.9,0.0,South Africa,Johannesburg,-26.2041,28.0473
2026-07-27 02:00:00,89.4,89.4,41.1,9.0,53,6.0,307,831.4,0.0,South Africa,Johannesburg,-26.2041,28.0473
2026-07-27 03:00:00,74.5,74.5,32.2,8.5,57,6.4,299,831.0,0.0,South Africa,Johannesburg,-26.2041,28.0473
2026-07-27 04:00:00,64.7,64.7,33.0,8.1,62,7.4,292,831.2,0.0,South Africa,Johannesburg,-26.2041,28.0473
2026-07-27 05:00:00,65.4,65.7,38.1,7.6,69,7.8,278,831.3,0.0,South Africa,Johannesburg,-26.2041,28.0473
2026-07-27 06:00:00,63.3,63.8,39.3,8.9,66,8.6,260,832.5,0.0,South Africa,Johannesburg,-26.2041,28.0473
2026-07-27 07:00:00,43.2,43.3,31.5,11.7,55,8.0,250,834.3,0.0,South Africa,Johannesburg,-26.2041,28.0473
2026-07-27 08:00:00,26.5,26.5,19.7,14.1,42,11.6,235,835.0,0.0,South Africa,Johannesburg,-26.2041,28.0473
2026-07-27 09:00:00,19.4,19.4,10.7,15.8,35,12.4,221,835.3,0.0,South Africa,Johannesburg,-26.2041,28.0473
2026-07-27 10:00:00,16.8,16.8,7.3,17.1,31,12.5,216,834.8,0.0,South Africa,Johannesburg,-26.2041,28.0473
2026-07-27 11:00:00,16.4,16.4,6.6,17.9,28,12.6,216,834.3,0.0,South Africa,Johannesburg,-26.2041,28.0473
2026-07-27 12:00:00,9.5,9.5,6.9,18.8,26,12.7,219,833.8,0.0,South Africa,Johannesburg,-26.2041,28.0473
2026-07-27 13:00:00,10.2,10.2,7.2,18.8,26,13.2,220,833.3,0.0,South Africa,Johannesburg,-26.2041,28.0473
2026-07-27 14:00:00,11.0,11.0,8.1,18.1,28,13.6,216,832.9,0.0,South Africa,Johannesburg,-26.2041,28.0473
2026-07-27 15:00:00,12.4,12.4,12.0,17.1,30,12.1,212,832.8,0.0,South Africa,Johannesburg,-26.2041,28.0473
2026-07-27 16:00:00,21.5,21.5,21.7,15.6,33,8.2,209,832.5,0.0,South Africa,Johannesburg,-26.2041,28.0473
2026-07-27 17:00:00,33.9,33.9,34.4,14.4,37,6.7,200,832.4,0.0,South Africa,Johannesburg,-26.2041,28.0473
2026-07-27 18:00:00,44.8,44.8,44.0,13.4,40,5.6,202,832.1,0.0,South Africa,Johannesburg,-26.2041,28.0473
2026-07-27 19:00:00,53.4,53.6,48.5,12.6,42,5.2,205,831.7,0.0,South Africa,Johannesburg,-26.2041,28.0473
2026-07-27 20:00:00,59.8,60.1,49.9,11.7,45,5.5,193,831.3,0.0,South Africa,Johannesburg,-26.2041,28.0473
2026-07-27 21:00:00,61.0,61.2,48.5,11.0,47,5.7,198,830.9,0.0,South Africa,Johannesburg,-26.2041,28.0473
2026-07-27 22:00:00,55.4,55.5,42.8,10.6,47,5.9,191,830.5,0.0,South Africa,Johannesburg,-26.2041,28.0473
2026-07-27 23:00:00,51.3,51.3,34.2,10.3,48,6.8,180,830.3,0.0,South Africa,Johannesburg,-26.2041,28.0473
2026-07-28 00:00:00,44.4,44.4,25.1,9.2,50,9.3,153,830.2,0.0,South Africa,Johannesburg,-26.2041,28.0473
2026-07-28 01:00:00,39.6,39.6,22.1,8.8,52,8.6,141,829.6,0.0,South Africa,Johannesburg,-26.2041,28.0473
2026-07-28 02:00:00,37.0,37.1,18.2,8.4,52,10.1,130,829.5,0.0,South Africa,Johannesburg,-26.2041,28.0473
2026-07-28 03:00:00,35.9,35.9,17.0,8.0,51,11.6,126,829.2,0.0,South Africa,Johannesburg,-26.2041,28.0473
2026-07-28 04:00:00,36.4,36.4,21.7,7.6,48,11.9,125,829.6,0.0,South Africa,Johannesburg,-26.2041,28.0473
2026-07-28 05:00:00,44.4,44.5,29.1,7.0,48,12.3,129,830.2,0.0,South Africa,Johannesburg,-26.2041,28.0473
2026-07-28 06:00:00,50.9,51.3,32.8,8.1,44,12.5,127,832.0,0.0,South Africa,Johannesburg,-26.2041,28.0473
2026-07-28 07:00:00,34.3,34.5,29.0,10.2,39,11.6,123,833.4,0.0,South Africa,Johannesburg,-26.2041,28.0473
2026-07-28 08:00:00,25.0,25.1,21.5,12.8,34,11.1,115,834.6,0.0,South Africa,Johannesburg,-26.2041,28.0473
2026-07-28 09:00:00,19.0,19.2,15.6,15.4,25,10.0,107,835.1,0.0,South Africa,Johannesburg,-26.2041,28.0473
2026-07-28 10:00:00,15.5,15.7,13.2,17.3,19,8.0,104,835.3,0.0,South Africa,Johannesburg,-26.2041,28.0473
2026-07-28 11:00:00,13.0,13.1,12.5,18.4,15,6.4,100,835.1,0.0,South Africa,Johannesburg,-26.2041,28.0473
2026-07-28 12:00:00,10.8,10.9,11.3,19.0,15,6.1,102,834.5,0.0,South Africa,Johannesburg,-26.2041,28.0473
2026-07-28 13:00:00,11.4,11.4,12.4,19.2,14,5.6,112,834.2,0.0,South Africa,Johannesburg,-26.2041,28.0473
2026-07-28 14:00:00,11.9,12.0,14.5,18.8,15,6.5,124,833.8,0.0,South Africa,Johannesburg,-26.2041,28.0473
2026-07-28 15:00:00,14.7,14.8,19.6,18.1,15,6.9,127,833.8,0.0,South Africa,Johannesburg,-26.2041,28.0473
2026-07-28 16:00:00,34.7,34.8,31.5,16.0,21,4.3,112,833.2,0.0,South Africa,Johannesburg,-26.2041,28.0473
2026-07-28 17:00:00,51.6,52.2,46.4,15.2,23,4.4,102,833.2,0.0,South Africa,Johannesburg,-26.2041,28.0473
2026-07-28 18:00:00,59.4,60.1,55.6,14.0,24,6.2,98,833.5,0.0,South Africa,Johannesburg,-26.2041,28.0473
2026-07-28 19:00:00,56.0,56.7,54.1,13.1,27,8.0,98,833.7,0.0,South Africa,Johannesburg,-26.2041,28.0473
2026-07-28 20:00:00,46.0,47.1,46.9,12.1,38,11.9,75,833.9,0.0,South Africa,Johannesburg,-26.2041,28.0473
2026-07-28 21:00:00,35.5,37.1,39.6,10.9,55,11.7,73,833.9,0.0,South Africa,Johannesburg,-26.2041,28.0473
2026-07-28 22:00:00,27.0,28.8,33.7,10.2,62,11.3,57,833.7,0.0,South Africa,Johannesburg,-26.2041,28.0473
2026-07-28 23:00:00,21.9,23.9,27.7,9.5,65,9.8,55,833.3,0.0,South Africa,Johannesburg,-26.2041,28.0473
2026-07-29 00:00:00,18.9,21.0,23.9,8.2,71,10.3,71,833.2,0.0,South Africa,Johannesburg,-26.2041,28.0473
2026-07-29 01:00:00,18.8,20.8,23.3,7.7,75,8.3,70,832.6,0.0,South Africa,Johannesburg,-26.2041,28.0473
2026-07-29 02:00:00,19.3,21.2,22.5,7.3,79,7.6,65,832.3,0.0,South Africa,Johannesburg,-26.2041,28.0473
2026-07-29 03:00:00,20.1,22.0,22.6,6.9,83,6.6,61,832.1,0.0,South Africa,Johannesburg,-26.2041,28.0473
2026-07-29 04:00:00,22.1,24.1,25.2,6.6,85,6.9,59,832.4,0.0,South Africa,Johannesburg,-26.2041,28.0473
2026-07-29 05:00:00,28.9,31.0,28.6,6.2,88,7.3,57,832.8,0.0,South Africa,Johannesburg,-26.2041,28.0473
2026-07-29 06:00:00,31.9,34.2,29.6,7.6,80,8.3,42,834.3,0.0,South Africa,Johannesburg,-26.2041,28.0473
2026-07-29 07:00:00,31.9,34.6,25.7,10.1,68,11.9,20,835.5,0.0,South Africa,Johannesburg,-26.2041,28.0473
2026-07-29 08:00:00,32.1,34.0,19.3,12.1,60,14.4,4,836.1,0.0,South Africa,Johannesburg,-26.2041,28.0473
2026-07-29 09:00:00,29.3,30.4,13.9,13.8,54,17.0,353,836.3,0.0,South Africa,Johannesburg,-26.2041,28.0473
2026-07-29 10:00:00,27.2,28.1,10.5,15.0,49,17.6,346,835.9,0.0,South Africa,Johannesburg,-26.2041,28.0473
2026-07-29 11:00:00,25.8,26.5,8.1,16.0,46,17.3,339,835.6,0.0,South Africa,Johannesburg,-26.2041,28.0473
2026-07-29 12:00:00,21.8,22.4,7.9,16.7,41,13.7,333,835.0,0.0,South Africa,Johannesburg,-26.2041,28.0473
2026-07-29 13:00:00,19.2,19.7,7.9,16.5,41,13.4,331,834.5,0.0,South Africa,Johannesburg,-26.2041,28.0473
2026-07-29 14:00:00,18.5,19.0,8.4,16.1,41,13.9,323,834.0,0.0,South Africa,Johannesburg,-26.2041,28.0473
2026-07-29 15:00:00,19.9,20.3,12.0,15.3,43,14.7,331,833.6,0.0,South Africa,Johannesburg,-26.2041,28.0473
2026-07-29 16:00:00,27.1,27.4,22.1,14.1,49,9.5,335,833.3,0.0,South Africa,Johannesburg,-26.2041,28.0473
2026-07-29 17:00:00,39.8,40.2,35.2,13.3,53,9.9,351,833.4,0.0,South Africa,Johannesburg,-26.2041,28.0473
2026-07-29 18:00:00,49.0,49.2,43.8,12.5,56,10.3,337,833.3,0.0,South Africa,Johannesburg,-26.2041,28.0473
2026-07-29 19:00:00,57.6,57.9,44.1,12.1,57,10.0,327,833.2,0.0,South Africa,Johannesburg,-26.2041,28.0473
2026-07-29 20:00:00,60.8,61.0,39.9,11.8,58,12.0,334,832.8,0.0,South Africa,Johannesburg,-26.2041,28.0473
2026-07-29 21:00:00,49.8,50.1,34.4,11.8,58,12.6,338,832.8,0.0,South Africa,Johannesburg,-26.2041,28.0473
2026-07-29 22:00:00,36.3,36.6,27.7,11.9,57,14.7,338,832.7,0.0,South Africa,Johannesburg,-26.2041,28.0473
2026-07-29 23:00:00,27.5,27.8,19.8,11.2,61,14.1,337,832.2,0.0,South Africa,Johannesburg,-26.2041,28.0473
2026-07-30 00:00:00,22.2,22.5,12.7,10.7,63,15.0,336,831.8,0.0,South Africa,Johannesburg,-26.2041,28.0473
2026-07-30 01:00:00,20.5,20.9,11.9,10.6,64,14.9,332,831.6,0.0,South Africa,Johannesburg,-26.2041,28.0473
2026-07-30 02:00:00,20.2,20.6,11.0,10.3,65,12.9,318,831.3,0.0,South Africa,Johannesburg,-26.2041,28.0473
2026-07-30 03:00:00,21.1,21.5,11.8,9.8,67,12.9,312,831.1,0.0,South Africa,Johannesburg,-26.2041,28.0473
2026-07-30 04:00:00,23.2,23.6,16.8,9.5,69,12.1,300,831.3,0.0,South Africa,Johannesburg,-26.2041,28.0473
2026-07-30 05:00:00,30.2,30.5,23.5,9.1,72,12.2,295,831.8,0.0,South Africa,Johannesburg,-26.2041,28.0473
2026-07-30 06:00:00,36.2,36.6,26.7,10.5,66,11.1,302,832.9,0.0,South Africa,Johannesburg,-26.2041,28.0473
2026-07-30 07:00:00,29.9,30.2,22.8,12.5,58,11.6,300,834.1,0.0,South Africa,Johannesburg,-26.2041,28.0473
2026-07-30 08:00:00,24.9,25.2,15.2,14.7,46,12.2,290,835.1,0.0,South Africa,Johannesburg,-26.2041,28.0473
2026-07-30 09:00:00,22.0,22.2,9.2,16.6,37,14.3,274,835.4,0.0,South Africa,Johannesburg,-26.2041,28.0473
2026-07-30 10:00:00,19.9,20.1,6.6,17.9,32,15.5,260,835.1,0.0,South Africa,Johannesburg,-26.2041,28.0473
2026-07-30 11:00:00,17.2,17.5,5.5,18.5,27,15.6,254,834.9,0.0,South Africa,Johannesburg,-26.2041,28.0473
2026-07-30 12:00:00,10.7,10.8,5.4,19.1,22,14.9,253,834.4,0.0,South Africa,Johannesburg,-26.2041,28.0473
2026-07-30 13:00:00,10.2,10.3,5.8,18.9,20,12.1,249,834.2,0.0,South Africa,Johannesburg,-26.2041,28.0473
2026-07-30 14:00:00,10.2,10.3,6.9,18.4,19,11.6,233,834.0,0.0,South Africa,Johannesburg,-26.2041,28.0473
2026-07-30 15:00:00,11.1,11.2,11.0,16.8,20,12.8,209,834.0,0.0,South Africa,Johannesburg,-26.2041,28.0473
2026-07-30 16:00:00,21.3,21.4,22.0,15.1,23,9.7,209,833.7,0.0,South Africa,Johannesburg,-26.2041,28.0473
2026-07-30 17:00:00,32.2,32.5,36.1,13.8,26,9.2,192,833.9,0.0,South Africa,Johannesburg,-26.2041,28.0473
2026-07-30 18:00:00,41.2,41.4,44.6,12.5,32,9.1,166,833.5,0.0,South Africa,Johannesburg,-26.2041,28.0473
2026-07-30 19:00:00,48.7,49.0,42.7,11.4,36,7.2,145,833.5,0.0,South Africa,Johannesburg,-26.2041,28.0473
2026-07-30 20:00:00,42.7,43.2,35.3,10.4,43,12.5,120,833.7,0.0,South Africa,Johannesburg,-26.2041,28.0473
2026-07-30 21:00:00,27.0,27.1,28.3,8.8,65,13.7,117,833.5,0.0,South Africa,Johannesburg,-26.2041,28.0473
2026-07-30 22:00:00,18.9,19.0,23.5,8.0,68,15.6,111,833.4,0.0,South Africa,Johannesburg,-26.2041,28.0473
2026-07-30 23:00:00,15.5,15.9,19.2,7.5,66,14.9,110,833.3,0.0,South Africa,Johannesburg,-26.2041,28.0473
2026-07-31 00:00:00,14.0,14.8,16.4,6.7,65,14.7,110,833.0,0.0,South Africa,Johannesburg,-26.2041,28.0473
2026-07-31 01:00:00,13.8,14.7,15.8,6.3,66,14.4,110,832.5,0.0,South Africa,Johannesburg,-26.2041,28.0473
2026-07-31 02:00:00,13.6,14.5,14.9,5.7,70,14.3,110,832.6,0.0,South Africa,Johannesburg,-26.2041,28.0473
2026-07-31 03:00:00,13.5,14.5,14.8,5.3,75,13.7,108,832.6,0.0,South Africa,Johannesburg,-26.2041,28.0473
2026-07-31 04:00:00,14.3,15.2,16.1,5.1,78,13.0,107,832.9,0.0,South Africa,Johannesburg,-26.2041,28.0473
2026-07-31 05:00:00,18.2,19.0,18.2,4.9,76,13.2,107,833.6,0.0,South Africa,Johannesburg,-26.2041,28.0473
2026-07-31 06:00:00,21.9,22.7,19.4,6.2,64,13.1,113,835.0,0.0,South Africa,Johannesburg,-26.2041,28.0473
2026-07-31 07:00:00,19.9,21.0,18.9,8.4,54,11.9,112,836.2,0.0,South Africa,Johannesburg,-26.2041,28.0473
2026-07-31 08:00:00,17.5,19.0,17.7,11.1,43,11.7,103,837.7,0.0,South Africa,Johannesburg,-26.2041,28.0473
2026-07-31 09:00:00,16.2,18.2,16.8,13.2,39,9.9,93,838.1,0.0,South Africa,Johannesburg,-26.2041,28.0473
2026-07-31 10:00:00,16.5,17.4,16.3,14.7,36,7.9,79,837.9,0.0,South Africa,Johannesburg,-26.2041,28.0473
2026-07-31 11:00:00,18.7,19.3,16.2,15.8,33,6.1,66,837.6,0.0,South Africa,Johannesburg,-26.2041,28.0473
2026-07-31 12:00:00,16.0,16.1,15.3,16.4,28,7.4,91,837.2,0.0,South Africa,Johannesburg,-26.2041,28.0473
2026-07-31 13:00:00,17.4,17.5,17.6,16.7,26,7.6,98,836.9,0.0,South Africa,Johannesburg,-26.2041,28.0473
2026-07-31 14:00:00,18.1,18.2,21.0,16.4,25,8.0,98,836.6,0.0,South Africa,Johannesburg,-26.2041,28.0473
2026-07-31 15:00:00,18.4,18.5,24.9,15.7,26,8.6,100,836.3,0.0,South Africa,Johannesburg,-26.2041,28.0473
2026-07-31 16:00:00,26.2,26.3,30.2,14.2,29,5.8,90,835.9,0.0,South Africa,Johannesburg,-26.2041,28.0473
2026-07-31 17:00:00,30.7,30.9,36.0,13.2,32,6.1,87,836.1,0.0,South Africa,Johannesburg,-26.2041,28.0473
2026-07-31 18:00:00,27.0,27.2,38.6,12.4,33,11.6,97,836.4,0.0,South Africa,Johannesburg,-26.2041,28.0473
2026-07-31 19:00:00,20.4,20.8,35.5,11.0,38,12.5,94,836.4,0.0,South Africa,Johannesburg,-26.2041,28.0473
2026-07-31 20:00:00,16.6,16.9,29.3,9.7,44,11.8,97,836.1,0.0,South Africa,Johannesburg,-26.2041,28.0473
2026-07-31 21:00:00,15.7,16.1,24.3,8.7,50,11.6,97,835.5,0.0,South Africa,Johannesburg,-26.2041,28.0473
2026-07-31 22:00:00,14.8,15.3,22.0,7.7,56,11.8,106,834.9,0.0,South Africa,Johannesburg,-26.2041,28.0473
2026-07-31 23:00:00,15.1,15.6,21.0,6.8,60,10.3,95,834.7,0.0,South Africa,Johannesburg,-26.2041,28.0473
2026-08-01 00:00:00,14.0,14.7,18.4,5.6,63,10.4,100,834.7,0.0,South Africa,Johannesburg,-26.2041,28.0473
2026-08-01 01:00:00,14.7,15.5,18.2,5.0,66,7.9,102,834.1,0.0,South Africa,Johannesburg,-26.2041,28.0473
2026-08-01 02:00:00,16.1,16.9,18.2,4.4,68,7.7,108,833.5,0.0,South Africa,Johannesburg,-26.2041,28.0473
2026-08-01 03:00:00,18.2,19.0,19.6,3.9,70,7.5,110,832.9,0.0,South Africa,Johannesburg,-26.2041,28.0473
2026-08-01 04:00:00,22.8,23.6,24.3,3.5,71,6.9,121,832.1,0.0,South Africa,Johannesburg,-26.2041,28.0473
2026-08-01 05:00:00,37.1,38.0,30.4,3.2,73,6.5,124,832.0,0.0,South Africa,Johannesburg,-26.2041,28.0473
2026-08-01 06:00:00,52.2,53.1,33.6,5.1,63,8.2,126,833.3,0.0,South Africa,Johannesburg,-26.2041,28.0473
2026-08-01 07:00:00,38.0,39.7,31.2,9.2,47,4.0,117,836.0,0.0,South Africa,Johannesburg,-26.2041,28.0473
2026-08-01 08:00:00,28.0,30.0,25.9,11.8,45,4.0,144,837.2,0.0,South Africa,Johannesburg,-26.2041,28.0473
2026-08-01 09:00:00,27.8,28.5,21.5,13.5,31,6.6,158,837.6,0.0,South Africa,Johannesburg,-26.2041,28.0473
2026-08-01 10:00:00,25.6,26.0,19.0,14.8,22,6.4,158,837.2,0.0,South Africa,Johannesburg,-26.2041,28.0473
2026-08-01 11:00:00,24.4,24.8,17.5,15.9,17,4.5,157,837.0,0.0,South Africa,Johannesburg,-26.2041,28.0473
2026-08-01 12:00:00,12.5,12.6,17.4,16.8,14,3.2,109,836.2,0.0,South Africa,Johannesburg,-26.2041,28.0473
2026-08-01 13:00:00,12.9,13.0,18.7,17.2,12,2.4,99,835.8,0.0,South Africa,Johannesburg,-26.2041,28.0473
2026-08-01 14:00:00,13.2,13.4,20.9,17.0,11,1.3,90,835.4,0.0,South Africa,Johannesburg,-26.2041,28.0473
2026-08-01 15:00:00,14.0,14.1,25.8,16.4,14,0.9,79,835.2,0.0,South Africa,Johannesburg,-26.2041,28.0473
2026-08-01 16:00:00,37.6,38.0,36.2,14.4,17,1.9,158,834.4,0.0,South Africa,Johannesburg,-26.2041,28.0473
2026-08-01 17:00:00,61.2,62.9,49.2,13.1,19,7.0,159,834.9,0.0,South Africa,Johannesburg,-26.2041,28.0473
2026-08-01 18:00:00,73.6,75.0,57.7,11.3,29,1.8,169,834.2,0.0,South Africa,Johannesburg,-26.2041,28.0473
2026-08-01 19:00:00,80.3,81.5,57.5,11.0,29,0.9,191,834.4,0.0,South Africa,Johannesburg,-26.2041,28.0473
2026-08-01 20:00:00,94.3,95.2,52.8,10.1,30,1.5,187,833.8,0.0,South Africa,Johannesburg,-26.2041,28.0473
2026-08-01 21:00:00,110.8,111.8,49.6,9.3,32,1.0,202,833.3,0.0,South Africa,Johannesburg,-26.2041,28.0473
2026-08-01 22:00:00,120.1,121.1,50.5,8.5,34,0.8,225,832.3,0.0,South Africa,Johannesburg,-26.2041,28.0473
2026-08-01 23:00:00,127.6,128.5,52.9,7.6,35,2.3,247,831.5,0.0,South Africa,Johannesburg,-26.2041,28.0473
