time,pm2_5,pm10,nitrogen_dioxide,temperature_2m,relative_humidity_2m,wind_speed_10m,wind_direction_10m,surface_pressure,precipitation,country,city,latitude,longitude
2026-05-01 00:00:00,17.4,17.9,23.3,18.9,91,9.6,133,934.3,0.0,Brazil,Sao Paulo,-23.5505,-46.6333
2026-05-01 01:00:00,17.9,18.2,22.0,18.9,91,8.5,132,934.4,0.0,Brazil,Sao Paulo,-23.5505,-46.6333
2026-05-01 02:00:00,17.8,18.2,20.1,18.8,92,7.8,128,934.7,0.0,Brazil,Sao Paulo,-23.5505,-46.6333
2026-05-01 03:00:00,17.6,17.9,18.5,18.8,92,7.7,127,934.4,0.0,Brazil,Sao Paulo,-23.5505,-46.6333
2026-05-01 04:00:00,18.2,18.5,17.5,18.7,92,6.8,125,933.8,0.0,Brazil,Sao Paulo,-23.5505,-46.6333
2026-05-01 05:00:00,18.6,18.9,16.9,18.7,92,6.8,122,933.4,0.0,Brazil,Sao Paulo,-23.5505,-46.6333
2026-05-01 06:00:00,19.2,19.4,16.5,18.5,93,6.0,129,933.1,0.0,Brazil,Sao Paulo,-23.5505,-46.6333
2026-05-01 07:00:00,19.2,19.6,16.2,18.4,94,6.7,117,933.0,0.0,Brazil,Sao Paulo,-23.5505,-46.6333
2026-05-01 08:00:00,19.5,19.8,16.2,18.3,94,6.4,108,933.1,0.0,Brazil,Sao Paulo,-23.5505,-46.6333
2026-05-01 09:00:00,19.8,20.1,17.0,18.2,94,6.0,100,933.7,0.0,Brazil,Sao Paulo,-23.5505,-46.6333
2026-05-01 10:00:00,22.2,22.5,19.9,18.2,94,6.6,99,934.1,0.0,Brazil,Sao Paulo,-23.5505,-46.6333
2026-05-01 11:00:00,23.2,23.5,23.7,18.9,91,8.6,91,934.9,0.0,Brazil,Sao Paulo,-23.5505,-46.6333
2026-05-01 12:00:00,22.3,22.5,26.0,19.9,89,8.6,79,936.0,0.0,Brazil,Sao Paulo,-23.5505,-46.6333
2026-05-01 13:00:00,20.0,20.3,23.0,21.3,83,10.2,64,936.5,0.0,Brazil,Sao Paulo,-23.5505,-46.6333
2026-05-01 14:00:00,17.7,17.9,18.7,22.6,76,8.4,62,936.1,0.1,Brazil,Sao Paulo,-23.5505,-46.6333
2026-05-01 15:00:00,18.0,18.1,15.1,23.6,72,6.5,76,935.4,0.1,Brazil,Sao Paulo,-23.5505,-46.6333
2026-05-01 16:00:00,17.8,17.9,11.2,24.8,67,3.5,75,934.6,0.2,Brazil,Sao Paulo,-23.5505,-46.6333
2026-05-01 17:00:00,16.8,16.9,7.9,25.8,62,3.4,18,933.9,0.1,Brazil,Sao Paulo,-23.5505,-46.6333
2026-05-01 18:00:00,17.1,17.2,9.8,26.5,58,3.2,360,933.5,0.1,Brazil,Sao Paulo,-23.5505,-46.6333
2026-05-01 19:00:00,18.4,18.6,20.9,26.2,59,5.4,360,933.3,0.0,Brazil,Sao Paulo,-23.5505,-46.6333
2026-05-01 20:00:00,20.1,20.6,37.3,25.7,62,5.8,20,933.2,0.0,Brazil,Sao Paulo,-23.5505,-46.6333
2026-05-01 21:00:00,28.2,28.8,51.5,24.5,69,5.2,59,933.1,0.0,Brazil,Sao Paulo,-23.5505,-46.6333
2026-05-01 22:00:00,31.9,32.5,60.8,23.4,76,6.3,66,932.8,0.0,Brazil,Sao Paulo,-23.5505,-46.6333
2026-05-01 23:00:00,34.5,34.9,67.9,22.4,82,5.8,74,933.0,0.0,Brazil,Sao Paulo,-23.5505,-46.6333
2026-05-02 00:00:00,56.5,56.8,99.8,21.8,87,3.8,98,933.8,0.0,Brazil,Sao Paulo,-23.5505,-46.6333
2026-05-02 01:00:00,57.6,57.7,98.4,21.3,90,3.8,87,933.7,0.0,Brazil,Sao Paulo,-23.5505,-46.6333
2026-05-02 02:00:00,55.2,55.3,95.9,21.0,91,5.0,55,933.2,0.0,Brazil,Sao Paulo,-23.5505,-46.6333
2026-05-02 03:00:00,52.0,52.2,90.0,20.5,92,4.3,57,932.7,0.0,Brazil,Sao Paulo,-23.5505,-46.6333
2026-05-02 04:00:00,46.7,46.8,77.8,19.9,93,4.0,60,931.8,0.0,Brazil,Sao Paulo,-23.5505,-46.6333
2026-05-02 05:00:00,39.9,40.0,62.3,19.4,95,3.7,14,931.2,0.0,Brazil,Sao Paulo,-23.5505,-46.6333
2026-05-02 06:00:00,33.8,33.9,49.3,19.3,90,4.7,356,931.0,0.0,Brazil,Sao Paulo,-23.5505,-46.6333
2026-05-02 07:00:00,28.3,28.4,41.6,19.5,84,3.8,343,931.3,0.0,Brazil,Sao Paulo,-23.5505,-46.6333
2026-05-02 08:00:00,23.3,23.5,36.5,19.3,83,4.8,331,931.1,0.0,Brazil,Sao Paulo,-23.5505,-46.6333
2026-05-02 09:00:00,20.0,20.2,32.2,19.1,83,5.6,310,932.0,0.0,Brazil,Sao Paulo,-23.5505,-46.6333
2026-05-02 10:00:00,21.6,21.9,28.6,19.1,82,6.7,314,932.8,0.0,Brazil,Sao Paulo,-23.5505,-46.6333
2026-05-02 11:00:00,24.3,24.6,25.7,20.7,77,7.2,325,933.5,0.0,Brazil,Sao Paulo,-23.5505,-46.6333
2026-05-02 12:00:00,8.6,8.6,21.6,23.1,66,7.0,328,934.8,0.0,Brazil,Sao Paulo,-23.5505,-46.6333
2026-05-02 13:00:00,7.3,7.7,16.5,24.9,56,12.6,323,935.1,0.0,Brazil,Sao Paulo,-23.5505,-46.6333
2026-05-02 14:00:00,6.2,6.3,9.5,25.9,51,13.7,304,935.1,0.0,Brazil,Sao Paulo,-23.5505,-46.6333
2026-05-02 15:00:00,6.4,6.4,4.4,26.8,46,14.3,285,934.6,0.0,Brazil,Sao Paulo,-23.5505,-46.6333
2026-05-02 16:00:00,5.8,5.9,1.6,27.4,45,15.5,275,934.1,0.0,Brazil,Sao Paulo,-23.5505,-46.6333
2026-05-02 17:00:00,5.0,5.1,0.8,27.5,44,15.1,272,933.3,0.0,Brazil,Sao Paulo,-23.5505,-46.6333
2026-05-02 18:00:00,4.6,4.6,4.8,26.3,48,15.2,251,933.3,0.0,Brazil,Sao Paulo,-23.5505,-46.6333
2026-05-02 19:00:00,4.8,4.8,18.2,24.1,60,12.1,227,933.9,0.2,Brazil,Sao Paulo,-23.5505,-46.6333
2026-05-02 20:00:00,7.9,8.0,36.4,23.0,67,8.5,226,934.4,0.0,Brazil,Sao Paulo,-23.5505,-46.6333
2026-05-02 21:00:00,14.9,15.0,48.8,22.8,69,6.4,286,934.2,0.0,Brazil,Sao Paulo,-23.5505,-46.6333
2026-05-02 22:00:00,18.1,18.3,49.3,22.7,70,7.5,260,934.1,0.0,Brazil,Sao Paulo,-23.5505,-46.6333
2026-05-02 23:00:00,16.8,17.1,43.9,22.4,71,8.0,252,934.5,0.0,Brazil,Sao Paulo,-23.5505,-46.6333
2026-05-03 00:00:00,22.2,22.2,49.1,20.3,77,5.4,266,934.3,0.0,Brazil,Sao Paulo,-23.5505,-46.6333
2026-05-03 01:00:00,23.5,23.6,48.9,20.2,75,6.3,265,934.5,0.0,Brazil,Sao Paulo,-23.5505,-46.6333
2026-05-03 02:00:00,24.8,24.8,48.1,20.2,72,4.5,254,934.3,0.0,Brazil,Sao Paulo,-23.5505,-46.6333
2026-05-03 03:00:00,23.5,23.5,44.2,19.9,72,3.1,204,933.8,0.0,Brazil,Sao Paulo,-23.5505,-46.6333
2026-05-03 04:00:00,17.6,18.7,34.3,19.2,71,8.9,194,933.8,0.0,Brazil,Sao Paulo,-23.5505,-46.6333
2026-05-03 05:00:00,13.0,14.6,21.3,18.3,72,8.4,190,933.6,0.0,Brazil,Sao Paulo,-23.5505,-46.6333
2026-05-03 06:00:00,8.6,9.9,11.5,17.9,84,9.0,180,933.2,0.0,Brazil,Sao Paulo,-23.5505,-46.6333
2026-05-03 07:00:00,5.4,6.3,7.5,17.8,90,9.0,170,933.2,0.0,Brazil,Sao Paulo,-23.5505,-46.6333
2026-05-03 08:00:00,5.0,6.0,6.6,17.7,93,7.8,157,933.5,0.0,Brazil,Sao Paulo,-23.5505,-46.6333
2026-05-03 09:00:00,5.4,6.5,7.2,17.8,94,7.2,141,933.9,0.0,Brazil,Sao Paulo,-23.5505,-46.6333
2026-05-03 10:00:00,6.8,8.1,9.8,18.0,93,8.4,145,934.4,0.1,Brazil,Sao Paulo,-23.5505,-46.6333
2026-05-03 11:00:00,9.1,10.8,13.9,18.1,90,9.0,143,935.0,0.3,Brazil,Sao Paulo,-23.5505,-46.6333
2026-05-03 12:00:00,8.1,9.6,14.0,17.4,91,12.8,146,936.3,0.9,Brazil,Sao Paulo,-23.5505,-46.6333
2026-05-03 13:00:00,10.2,12.2,12.9,18.0,84,14.4,149,937.0,0.1,Brazil,Sao Paulo,-23.5505,-46.6333
2026-05-03 14:00:00,12.2,14.6,11.5,18.0,79,14.2,147,937.0,0.1,Brazil,Sao Paulo,-23.5505,-46.6333
2026-05-03 15:00:00,11.7,14.1,10.8,18.1,79,14.0,142,936.5,0.1,Brazil,Sao Paulo,-23.5505,-46.6333
2026-05-03 16:00:00,11.3,13.7,11.0,17.7,77,14.1,146,935.6,0.1,Brazil,Sao Paulo,-23.5505,-46.6333
2026-05-03 17:00:00,11.2,13.4,11.8,17.9,74,15.2,147,935.1,0.0,Brazil,Sao Paulo,-23.5505,-46.6333
2026-05-03 18:00:00,10.8,13.0,13.6,17.8,75,14.6,147,935.0,0.0,Brazil,Sao Paulo,-23.5505,-46.6333
2026-05-03 19:00:00,10.4,12.4,17.5,17.1,78,13.4,143,934.8,0.0,Brazil,Sao Paulo,-23.5505,-46.6333
2026-05-03 20:00:00,10.0,12.0,22.3,16.6,81,12.6,136,935.0,0.0,Brazil,Sao Paulo,-23.5505,-46.6333
2026-05-03 21:00:00,10.6,12.6,25.2,16.0,85,12.2,128,935.1,0.0,Brazil,Sao Paulo,-23.5505,-46.6333
2026-05-03 22:00:00,10.0,11.8,24.3,15.8,86,12.7,123,935.0,0.0,Brazil,Sao Paulo,-23.5505,-46.6333
2026-05-03 23:00:00,9.1,10.9,21.4,15.6,87,12.4,123,935.2,0.0,Brazil,Sao Paulo,-23.5505,-46.6333
2026-05-04 00:00:00,9.2,11.3,18.9,15.5,87,12.1,117,935.7,0.0,Brazil,Sao Paulo,-23.5505,-46.6333
2026-05-04 01:00:00,9.1,11.0,18.0,15.5,88,10.3,113,935.6,0.0,Brazil,Sao Paulo,-23.5505,-46.6333
2026-05-04 02:00:00,9.1,11.1,16.9,15.3,89,9.6,113,935.5,0.0,Brazil,Sao Paulo,-23.5505,-46.6333
2026-05-04 03:00:00,9.3,11.5,16.0,15.1,90,9.9,106,935.1,0.0,Brazil,Sao Paulo,-23.5505,-46.6333
2026-05-04 04:00:00,9.2,11.5,15.6,14.8,91,9.3,105,934.3,0.0,Brazil,Sao Paulo,-23.5505,-46.6333
2026-05-04 05:00:00,9.4,11.7,15.5,14.5,93,8.9,99,933.7,0.0,Brazil,Sao Paulo,-23.5505,-46.6333
2026-05-04 06:00:00,9.9,12.2,15.8,14.3,95,8.4,105,934.1,0.0,Brazil,Sao Paulo,-23.5505,-46.6333
2026-05-04 07:00:00,9.5,11.6,16.9,14.4,95,9.0,90,933.6,0.0,Brazil,Sao Paulo,-23.5505,-46.6333
2026-05-04 08:00:00,9.2,11.2,18.4,14.5,94,10.7,82,933.1,0.0,Brazil,Sao Paulo,-23.5505,-46.6333
2026-05-04 09:00:00,9.4,11.0,19.4,14.4,93,10.3,85,933.4,0.0,Brazil,Sao Paulo,-23.5505,-46.6333
2026-05-04 10:00:00,12.2,13.9,19.9,14.7,93,10.4,82,934.1,0.0,Brazil,Sao Paulo,-23.5505,-46.6333
2026-05-04 11:00:00,12.5,14.3,19.8,15.7,87,13.9,71,934.8,0.0,Brazil,Sao Paulo,-23.5505,-46.6333
2026-05-04 12:00:00,11.8,12.9,20.4,17.6,81,8.1,69,935.5,0.0,Brazil,Sao Paulo,-23.5505,-46.6333
2026-05-04 13:00:00,12.2,12.6,17.1,19.4,75,4.6,77,936.1,0.1,Brazil,Sao Paulo,-23.5505,-46.6333
2026-05-04 14:00:00,13.2,13.4,12.4,21.2,70,4.7,83,935.8,0.0,Brazil,Sao Paulo,-23.5505,-46.6333
2026-05-04 15:00:00,14.5,14.6,9.0,22.9,65,4.7,72,935.3,0.0,Brazil,Sao Paulo,-23.5505,-46.6333
2026-05-04 16:00:00,15.9,16.1,6.3,24.5,58,7.2,342,934.4,0.2,Brazil,Sao Paulo,-23.5505,-46.6333
2026-05-04 17:00:00,16.7,16.9,4.7,24.8,59,7.9,321,933.9,0.6,Brazil,Sao Paulo,-23.5505,-46.6333
2026-05-04 18:00:00,16.7,16.9,8.1,25.0,57,6.4,299,933.6,1.2,Brazil,Sao Paulo,-23.5505,-46.6333
2026-05-04 19:00:00,17.1,17.5,20.3,24.9,58,5.3,294,933.5,0.1,Brazil,Sao Paulo,-23.5505,-46.6333
2026-05-04 20:00:00,19.1,20.1,37.4,23.8,64,3.6,63,933.5,0.0,Brazil,Sao Paulo,-23.5505,-46.6333
2026-05-04 21:00:00,27.8,28.8,52.2,22.3,75,5.2,106,933.5,0.0,Brazil,Sao Paulo,-23.5505,-46.6333
2026-05-04 22:00:00,31.7,33.2,62.0,20.9,82,5.5,139,934.0,0.0,Brazil,Sao Paulo,-23.5505,-46.6333
2026-05-04 23:00:00,33.5,35.0,69.5,20.0,86,4.4,117,934.4,0.0,Brazil,Sao Paulo,-23.5505,-46.6333
2026-05-05 00:00:00,48.8,49.9,93.9,19.1,92,4.5,124,935.0,0.0,Brazil,Sao Paulo,-23.5505,-46.6333
2026-05-05 01:00:00,52.2,53.0,94.2,19.1,92,6.8,78,935.1,0.0,Brazil,Sao Paulo,-23.5505,-46.6333
2026-05-05 02:00:00,55.1,55.8,94.6,19.2,92,7.4,56,935.1,0.0,Brazil,Sao Paulo,-23.5505,-46.6333
2026-05-05 03:00:00,57.0,57.6,93.9,19.0,90,5.4,56,935.3,0.0,Brazil,Sao Paulo,-23.5505,-46.6333
2026-05-05 04:00:00,57.4,58.0,91.7,18.4,91,4.1,61,934.7,0.0,Brazil,Sao Paulo,-23.5505,-46.6333
2026-05-05 05:00:00,55.9,56.5,88.5,17.8,92,4.0,58,934.4,0.0,Brazil,Sao Paulo,-23.5505,-46.6333
2026-05-05 06:00:00,51.6,51.9,84.8,17.1,94,3.0,52,934.2,0.0,Brazil,Sao Paulo,-23.5505,-46.6333
2026-05-05 07:00:00,48.0,48.2,80.7,16.9,95,3.9,68,933.9,0.0,Brazil,Sao Paulo,-23.5505,-46.6333
2026-05-05 08:00:00,44.9,45.1,76.1,16.5,96,4.2,70,933.7,0.0,Brazil,Sao Paulo,-23.5505,-46.6333
2026-05-05 09:00:00,43.4,43.4,71.0,16.2,97,4.3,75,933.9,0.0,Brazil,Sao Paulo,-23.5505,-46.6333
2026-05-05 10:00:00,46.2,46.3,66.4,16.1,96,5.0,77,934.5,0.0,Brazil,Sao Paulo,-23.5505,-46.6333
2026-05-05 11:00:00,49.0,49.1,61.3,17.6,90,2.1,75,935.5,0.0,Brazil,Sao Paulo,-23.5505,-46.6333
2026-05-05 12:00:00,35.4,35.4,47.6,20.3,81,3.3,77,937.0,0.0,Brazil,Sao Paulo,-23.5505,-46.6333
2026-05-05 13:00:00,19.1,19.2,35.6,23.0,71,3.6,93,937.7,0.0,Brazil,Sao Paulo,-23.5505,-46.6333
2026-05-05 14:00:00,13.2,13.3,19.2,25.3,63,3.5,75,937.5,0.0,Brazil,Sao Paulo,-23.5505,-46.6333
2026-05-05 15:00:00,11.3,11.4,7.2,26.8,54,2.7,58,937.1,0.0,Brazil,Sao Paulo,-23.5505,-46.6333
2026-05-05 16:00:00,10.4,10.4,2.1,27.2,52,3.0,14,936.3,0.0,Brazil,Sao Paulo,-23.5505,-46.6333
2026-05-05 17:00:00,11.1,11.1,1.5,27.0,53,1.7,13,936.0,0.0,Brazil,Sao Paulo,-23.5505,-46.6333
2026-05-05 18:00:00,12.4,12.5,7.4,27.3,48,2.0,63,936.0,0.0,Brazil,Sao Paulo,-23.5505,-46.6333
2026-05-05 19:00:00,15.5,15.5,24.3,26.8,48,4.1,146,936.1,0.0,Brazil,Sao Paulo,-23.5505,-46.6333
2026-05-05 20:00:00,20.9,21.0,47.8,26.1,49,3.5,99,936.3,0.0,Brazil,Sao Paulo,-23.5505,-46.6333
2026-05-05 21:00:00,37.8,38.0,66.4,25.2,55,4.4,78,936.0,0.0,Brazil,Sao Paulo,-23.5505,-46.6333
2026-05-05 22:00:00,49.2,49.2,75.0,24.5,60,4.6,54,936.2,0.0,Brazil,Sao Paulo,-23.5505,-46.6333
2026-05-05 23:00:00,54.5,54.6,78.7,23.6,65,4.6,59,936.2,0.0,Brazil,Sao Paulo,-23.5505,-46.6333
2026-05-06 00:00:00,66.4,66.6,126.7,22.6,73,6.9,65,936.5,0.0,Brazil,Sao Paulo,-23.5505,-46.6333
2026-05-06 01:00:00,56.0,56.1,111.6,21.9,75,6.9,53,936.3,0.0,Brazil,Sao Paulo,-23.5505,-46.6333
2026-05-06 02:00:00,49.6,49.7,90.6,21.4,76,5.6,59,936.3,0.0,Brazil,Sao Paulo,-23.5505,-46.6333
2026-05-06 03:00:00,45.6,45.8,74.0,20.8,78,4.6,64,935.9,0.0,Brazil,Sao Paulo,-23.5505,-46.6333
2026-05-06 04:00:00,43.4,43.5,66.3,20.1,81,5.3,62,935.2,0.0,Brazil,Sao Paulo,-23.5505,-46.6333
2026-05-06 05:00:00,41.6,41.7,63.0,19.7,82,5.1,72,934.9,0.0,Brazil,Sao Paulo,-23.5505,-46.6333
2026-05-06 06:00:00,39.3,39.3,61.2,18.7,87,4.8,75,934.5,0.0,Brazil,Sao Paulo,-23.5505,-46.6333
2026-05-06 07:00:00,36.0,36.1,60.8,18.4,89,5.8,76,934.4,0.0,Brazil,Sao Paulo,-23.5505,-46.6333
2026-05-06 08:00:00,32.7,32.7,62.0,17.9,90,6.2,75,934.1,0.0,Brazil,Sao Paulo,-23.5505,-46.6333
2026-05-06 09:00:00,31.2,31.3,62.3,17.6,90,6.6,77,934.5,0.0,Brazil,Sao Paulo,-23.5505,-46.6333
2026-05-06 10:00:00,36.7,36.8,62.4,17.5,89,6.9,81,935.1,0.0,Brazil,Sao Paulo,-23.5505,-46.6333
2026-05-06 11:00:00,46.7,46.8,61.6,19.1,83,4.5,90,936.1,0.0,Brazil,Sao Paulo,-23.5505,-46.6333
2026-05-06 12:00:00,26.4,26.5,49.8,21.8,73,4.7,97,937.3,0.0,Brazil,Sao Paulo,-23.5505,-46.6333
2026-05-06 13:00:00,15.6,15.7,37.4,24.2,61,6.1,85,938.0,0.0,Brazil,Sao Paulo,-23.5505,-46.6333
2026-05-06 14:00:00,12.8,12.9,20.5,26.0,50,8.2,81,937.6,0.0,Brazil,Sao Paulo,-23.5505,-46.6333
2026-05-06 15:00:00,12.5,12.6,8.0,27.2,43,8.2,82,937.1,0.0,Brazil,Sao Paulo,-23.5505,-46.6333
2026-05-06 16:00:00,12.7,12.8,2.7,27.8,40,7.7,79,936.1,0.0,Brazil,Sao Paulo,-23.5505,-46.6333
2026-05-06 17:00:00,12.7,12.9,2.0,28.3,37,7.6,86,935.4,0.0,Brazil,Sao Paulo,-23.5505,-46.6333
2026-05-06 18:00:00,12.7,12.9,7.1,28.7,34,8.1,72,934.7,0.0,Brazil,Sao Paulo,-23.5505,-46.6333
2026-05-06 19:00:00,13.6,13.8,21.7,28.4,34,9.5,65,934.4,0.0,Brazil,Sao Paulo,-23.5505,-46.6333
2026-05-06 20:00:00,19.5,19.7,42.1,27.3,37,10.4,64,934.4,0.0,Brazil,Sao Paulo,-23.5505,-46.6333
2026-05-06 21:00:00,26.6,26.8,58.9,26.0,43,9.0,77,934.3,0.0,Brazil,Sao Paulo,-23.5505,-46.6333
2026-05-06 22:00:00,34.5,34.7,68.8,24.6,51,7.4,83,934.1,0.0,Brazil,Sao Paulo,-23.5505,-46.6333
2026-05-06 23:00:00,45.1,45.5,75.0,23.4,66,7.3,83,934.2,0.0,Brazil,Sao Paulo,-23.5505,-46.6333
2026-05-07 00:00:00,48.8,49.5,79.5,22.2,81,4.5,83,934.6,0.0,Brazil,Sao Paulo,-23.5505,-46.6333
2026-05-07 01:00:00,48.3,49.0,75.2,21.7,83,6.2,69,934.4,0.0,Brazil,Sao Paulo,-23.5505,-46.6333
2026-05-07 02:00:00,43.2,43.9,68.9,21.2,83,6.6,73,934.1,0.0,Brazil,Sao Paulo,-23.5505,-46.6333
2026-05-07 03:00:00,32.7,33.2,62.1,20.7,82,8.0,65,933.6,0.0,Brazil,Sao Paulo,-23.5505,-46.6333
2026-05-07 04:00:00,24.9,25.3,54.6,20.3,79,8.6,64,933.0,0.0,Brazil,Sao Paulo,-23.5505,-46.6333
2026-05-07 05:00:00,19.7,20.1,46.5,19.9,75,8.3,66,932.4,0.0,Brazil,Sao Paulo,-23.5505,-46.6333
2026-05-07 06:00:00,16.1,16.5,40.0,19.1,79,6.4,52,932.0,0.0,Brazil,Sao Paulo,-23.5505,-46.6333
2026-05-07 07:00:00,13.3,13.6,36.1,18.6,80,5.0,49,931.5,0.0,Brazil,Sao Paulo,-23.5505,-46.6333
2026-05-07 08:00:00,11.1,11.4,33.7,18.1,81,4.4,38,931.2,0.0,Brazil,Sao Paulo,-23.5505,-46.6333
2026-05-07 09:00:00,10.1,10.5,31.3,18.0,78,5.1,45,931.4,0.0,Brazil,Sao Paulo,-23.5505,-46.6333
2026-05-07 10:00:00,12.1,12.5,28.6,18.1,73,5.8,34,931.5,0.0,Brazil,Sao Paulo,-23.5505,-46.6333
2026-05-07 11:00:00,14.9,15.4,25.7,20.1,63,4.9,39,932.3,0.0,Brazil,Sao Paulo,-23.5505,-46.6333
2026-05-07 12:00:00,11.4,11.8,22.7,23.0,58,7.8,22,933.3,0.0,Brazil,Sao Paulo,-23.5505,-46.6333
2026-05-07 13:00:00,8.6,9.0,17.3,25.0,52,10.0,9,933.3,0.0,Brazil,Sao Paulo,-23.5505,-46.6333
2026-05-07 14:00:00,7.6,7.8,9.9,26.6,43,13.0,2,932.6,0.0,Brazil,Sao Paulo,-23.5505,-46.6333
2026-05-07 15:00:00,6.5,6.7,4.5,27.4,42,13.5,351,931.7,0.0,Brazil,Sao Paulo,-23.5505,-46.6333
2026-05-07 16:00:00,5.8,6.0,1.4,28.4,36,13.0,342,930.6,0.0,Brazil,Sao Paulo,-23.5505,-46.6333
2026-05-07 17:00:00,5.6,5.8,0.2,28.6,34,16.4,339,929.9,0.0,Brazil,Sao Paulo,-23.5505,-46.6333
2026-05-07 18:00:00,5.6,5.8,4.4,28.8,33,16.5,342,929.3,0.0,Brazil,Sao Paulo,-23.5505,-46.6333
2026-05-07 19:00:00,6.0,6.2,18.8,27.5,39,16.5,340,928.9,0.0,Brazil,Sao Paulo,-23.5505,-46.6333
2026-05-07 20:00:00,9.6,9.8,38.4,27.0,41,11.5,343,929.0,0.0,Brazil,Sao Paulo,-23.5505,-46.6333
2026-05-07 21:00:00,18.0,18.2,52.2,25.8,46,9.8,346,928.9,0.0,Brazil,Sao Paulo,-23.5505,-46.6333
2026-05-07 22:00:00,22.3,22.5,55.2,24.8,49,9.0,358,928.7,0.0,Brazil,Sao Paulo,-23.5505,-46.6333
2026-05-07 23:00:00,21.5,21.6,52.3,23.9,53,10.2,17,928.8,0.0,Brazil,Sao Paulo,-23.5505,-46.6333
2026-05-08 00:00:00,18.8,18.9,49.6,23.3,54,12.1,3,929.7,0.0,Brazil,Sao Paulo,-23.5505,-46.6333
2026-05-08 01:00:00,15.7,15.8,40.8,22.9,54,11.9,3,929.7,0.0,Brazil,Sao Paulo,-23.5505,-46.6333
2026-05-08 02:00:00,12.2,12.3,28.5,22.2,56,11.9,4,929.4,0.0,Brazil,Sao Paulo,-23.5505,-46.6333
2026-05-08 03:00:00,9.5,9.8,18.5,21.6,60,10.7,351,929.4,0.0,Brazil,Sao Paulo,-23.5505,-46.6333
2026-05-08 04:00:00,8.0,8.3,13.2,21.1,63,11.4,349,929.1,0.0,Brazil,Sao Paulo,-23.5505,-46.6333
2026-05-08 05:00:00,7.1,7.3,10.2,20.8,65,13.0,355,928.4,0.0,Brazil,Sao Paulo,-23.5505,-46.6333
2026-05-08 06:00:00,6.5,6.7,8.4,21.0,66,14.2,352,928.4,0.0,Brazil,Sao Paulo,-23.5505,-46.6333
2026-05-08 07:00:00,5.8,6.0,7.8,21.5,64,15.3,347,928.9,0.0,Brazil,Sao Paulo,-23.5505,-46.6333
2026-05-08 08:00:00,5.3,5.4,8.4,21.6,63,16.6,345,929.1,0.0,Brazil,Sao Paulo,-23.5505,-46.6333
2026-05-08 09:00:00,4.8,4.9,9.6,21.6,62,17.6,349,929.0,0.0,Brazil,Sao Paulo,-23.5505,-46.6333
2026-05-08 10:00:00,5.1,5.2,11.9,21.7,60,17.5,345,929.4,0.0,Brazil,Sao Paulo,-23.5505,-46.6333
2026-05-08 11:00:00,5.7,5.8,14.8,22.1,60,14.8,347,929.9,0.0,Brazil,Sao Paulo,-23.5505,-46.6333
2026-05-08 12:00:00,5.7,5.8,15.8,23.9,57,14.1,355,930.7,0.0,Brazil,Sao Paulo,-23.5505,-46.6333
2026-05-08 13:00:00,5.6,5.8,12.3,25.0,54,16.3,355,930.7,0.0,Brazil,Sao Paulo,-23.5505,-46.6333
2026-05-08 14:00:00,4.0,4.0,7.6,25.9,49,21.2,350,930.2,0.0,Brazil,Sao Paulo,-23.5505,-46.6333
2026-05-08 15:00:00,2.5,2.5,4.3,26.6,47,21.6,343,929.3,0.0,Brazil,Sao Paulo,-23.5505,-46.6333
2026-05-08 16:00:00,2.2,2.2,3.3,27.6,41,22.3,337,928.8,0.0,Brazil,Sao Paulo,-23.5505,-46.6333
2026-05-08 17:00:00,2.5,2.5,3.6,28.2,37,21.4,348,927.8,0.0,Brazil,Sao Paulo,-23.5505,-46.6333
2026-05-08 18:00:00,3.0,3.0,5.6,28.0,38,19.0,341,927.9,0.0,Brazil,Sao Paulo,-23.5505,-46.6333
2026-05-08 19:00:00,3.6,3.7,10.1,27.9,38,18.0,336,928.2,0.0,Brazil,Sao Paulo,-23.5505,-46.6333
2026-05-08 20:00:00,4.8,4.9,16.1,27.1,41,11.3,343,928.3,0.0,Brazil,Sao Paulo,-23.5505,-46.6333
2026-05-08 21:00:00,6.5,6.7,21.0,25.9,45,7.3,344,928.6,0.0,Brazil,Sao Paulo,-23.5505,-46.6333
2026-05-08 22:00:00,8.0,8.2,23.8,24.8,50,5.2,4,928.5,0.1,Brazil,Sao Paulo,-23.5505,-46.6333
2026-05-08 23:00:00,8.8,9.1,25.3,24.2,53,8.1,21,928.1,0.0,Brazil,Sao Paulo,-23.5505,-46.6333
2026-05-09 00:00:00,15.4,15.9,37.5,24.0,56,10.3,23,928.6,0.0,Brazil,Sao Paulo,-23.5505,-46.6333
2026-05-09 01:00:00,12.9,13.4,32.3,23.2,58,12.4,8,928.9,0.0,Brazil,Sao Paulo,-23.5505,-46.6333
2026-05-09 02:00:00,10.4,11.0,25.0,22.8,60,14.4,359,928.8,0.0,Brazil,Sao Paulo,-23.5505,-46.6333
2026-05-09 03:00:00,8.6,9.2,18.9,22.7,60,15.0,3,929.0,0.0,Brazil,Sao Paulo,-23.5505,-46.6333
2026-05-09 04:00:00,7.2,7.7,15.1,22.2,63,15.3,3,928.5,0.0,Brazil,Sao Paulo,-23.5505,-46.6333
2026-05-09 05:00:00,6.0,6.3,12.4,21.9,64,15.8,358,928.4,0.0,Brazil,Sao Paulo,-23.5505,-46.6333
2026-05-09 06:00:00,4.8,5.0,10.7,22.2,64,16.4,351,928.5,0.0,Brazil,Sao Paulo,-23.5505,-46.6333
2026-05-09 07:00:00,3.8,4.0,9.9,22.2,64,17.2,350,928.3,0.0,Brazil,Sao Paulo,-23.5505,-46.6333
2026-05-09 08:00:00,3.3,3.4,10.1,22.0,65,18.0,344,928.3,0.0,Brazil,Sao Paulo,-23.5505,-46.6333
2026-05-09 09:00:00,3.3,3.4,11.5,22.0,64,16.7,343,928.7,0.0,Brazil,Sao Paulo,-23.5505,-46.6333
2026-05-09 10:00:00,4.6,4.7,15.7,22.0,63,16.4,343,929.6,0.0,Brazil,Sao Paulo,-23.5505,-46.6333
2026-05-09 11:00:00,6.4,6.6,21.2,22.1,62,11.8,341,930.2,0.0,Brazil,Sao Paulo,-23.5505,-46.6333
2026-05-09 12:00:00,8.6,9.0,24.7,22.8,63,10.2,312,931.6,0.0,Brazil,Sao Paulo,-23.5505,-46.6333
2026-05-09 13:00:00,9.0,9.3,19.4,23.6,61,9.5,316,932.3,0.0,Brazil,Sao Paulo,-23.5505,-46.6333
2026-05-09 14:00:00,7.5,7.8,12.1,25.5,54,13.2,321,932.2,0.0,Brazil,Sao Paulo,-23.5505,-46.6333
2026-05-09 15:00:00,5.5,5.7,6.7,26.8,46,18.8,328,931.6,0.0,Brazil,Sao Paulo,-23.5505,-46.6333
2026-05-09 16:00:00,4.4,4.6,3.7,28.0,40,18.9,326,930.9,0.0,Brazil,Sao Paulo,-23.5505,-46.6333
2026-05-09 17:00:00,4.5,4.7,2.6,28.2,37,16.3,319,930.4,0.0,Brazil,Sao Paulo,-23.5505,-46.6333
2026-05-09 18:00:00,4.7,4.8,5.5,27.9,35,16.1,324,930.6,0.0,Brazil,Sao Paulo,-23.5505,-46.6333
2026-05-09 19:00:00,5.1,5.2,14.8,27.6,36,16.1,333,930.6,0.0,Brazil,Sao Paulo,-23.5505,-46.6333
2026-05-09 20:00:00,7.8,8.0,28.1,27.0,39,10.9,333,930.7,0.0,Brazil,Sao Paulo,-23.5505,-46.6333
2026-05-09 21:00:00,13.7,14.1,40.0,26.0,44,6.2,280,931.0,0.0,Brazil,Sao Paulo,-23.5505,-46.6333
2026-05-09 22:00:00,20.5,21.1,49.4,24.7,51,5.9,192,931.3,0.0,Brazil,Sao Paulo,-23.5505,-46.6333
2026-05-09 23:00:00,26.6,27.2,57.6,22.9,69,7.0,113,931.3,0.0,Brazil,Sao Paulo,-23.5505,-46.6333
2026-05-10 00:00:00,11.1,11.5,40.6,20.6,90,7.9,120,932.1,0.0,Brazil,Sao Paulo,-23.5505,-46.6333
2026-05-10 01:00:00,9.2,9.4,39.6,20.1,89,8.0,117,932.3,0.0,Brazil,Sao Paulo,-23.5505,-46.6333
2026-05-10 02:00:00,9.5,9.6,38.0,19.7,90,5.4,178,932.3,0.0,Brazil,Sao Paulo,-23.5505,-46.6333
2026-05-10 03:00:00,8.8,9.0,35.7,18.9,92,9.7,191,932.4,0.0,Brazil,Sao Paulo,-23.5505,-46.6333
2026-05-10 04:00:00,8.6,8.6,32.1,18.3,90,8.9,173,931.9,0.0,Brazil,Sao Paulo,-23.5505,-46.6333
2026-05-10 05:00:00,7.7,7.8,27.7,17.7,88,9.4,182,931.4,0.1,Brazil,Sao Paulo,-23.5505,-46.6333
2026-05-10 06:00:00,6.0,6.1,23.7,16.9,86,10.8,176,931.7,0.1,Brazil,Sao Paulo,-23.5505,-46.6333
2026-05-10 07:00:00,4.9,5.1,20.0,16.6,86,8.2,157,931.4,0.0,Brazil,Sao Paulo,-23.5505,-46.6333
2026-05-10 08:00:00,4.0,4.1,16.8,16.2,88,7.0,151,931.5,0.0,Brazil,Sao Paulo,-23.5505,-46.6333
2026-05-10 09:00:00,3.6,3.8,15.1,15.8,91,6.8,140,931.7,0.3,Brazil,Sao Paulo,-23.5505,-46.6333
2026-05-10 10:00:00,4.9,5.1,16.2,15.7,91,6.4,126,932.1,0.4,Brazil,Sao Paulo,-23.5505,-46.6333
2026-05-10 11:00:00,5.3,5.5,18.9,16.0,88,6.3,143,932.8,0.4,Brazil,Sao Paulo,-23.5505,-46.6333
2026-05-10 12:00:00,5.2,5.3,21.0,15.2,86,6.3,173,933.6,0.6,Brazil,Sao Paulo,-23.5505,-46.6333
2026-05-10 13:00:00,5.2,5.3,21.5,15.6,83,6.4,162,933.9,0.1,Brazil,Sao Paulo,-23.5505,-46.6333
2026-05-10 14:00:00,6.0,6.1,21.3,16.3,80,6.5,150,933.7,0.0,Brazil,Sao Paulo,-23.5505,-46.6333
2026-05-10 15:00:00,6.6,6.7,21.4,16.2,81,6.5,150,933.1,0.1,Brazil,Sao Paulo,-23.5505,-46.6333
2026-05-10 16:00:00,6.8,6.9,21.5,16.5,80,7.8,165,932.6,0.2,Brazil,Sao Paulo,-23.5505,-46.6333
2026-05-10 17:00:00,5.4,5.5,21.8,16.0,81,8.0,171,931.9,0.5,Brazil,Sao Paulo,-23.5505,-46.6333
2026-05-10 18:00:00,5.7,5.7,23.7,15.0,85,7.1,153,931.3,0.3,Brazil,Sao Paulo,-23.5505,-46.6333
2026-05-10 19:00:00,6.8,6.9,28.4,14.6,87,7.0,168,931.6,1.6,Brazil,Sao Paulo,-23.5505,-46.6333
2026-05-10 20:00:00,7.7,7.7,34.6,13.6,95,7.8,195,932.2,3.1,Brazil,Sao Paulo,-23.5505,-46.6333
2026-05-10 21:00:00,7.7,7.8,40.1,13.1,95,6.9,225,932.9,1.6,Brazil,Sao Paulo,-23.5505,-46.6333
2026-05-10 22:00:00,8.2,8.2,44.3,12.9,96,2.0,275,932.6,1.9,Brazil,Sao Paulo,-23.5505,-46.6333
2026-05-10 23:00:00,9.8,9.9,47.9,13.4,94,2.4,333,932.3,0.5,Brazil,Sao Paulo,-23.5505,-46.6333
2026-05-11 00:00:00,10.4,10.7,28.2,13.6,92,6.3,301,933.1,0.3,Brazil,Sao Paulo,-23.5505,-46.6333
2026-05-11 01:00:00,11.1,11.2,26.6,13.7,93,6.0,307,933.4,0.4,Brazil,Sao Paulo,-23.5505,-46.6333
2026-05-11 02:00:00,11.1,11.4,24.4,13.3,95,7.6,278,933.5,0.1,Brazil,Sao Paulo,-23.5505,-46.6333
2026-05-11 03:00:00,13.0,13.3,22.5,12.7,92,9.1,277,933.4,0.0,Brazil,Sao Paulo,-23.5505,-46.6333
2026-05-11 04:00:00,14.4,14.7,21.1,12.0,92,7.8,275,932.9,0.0,Brazil,Sao Paulo,-23.5505,-46.6333
2026-05-11 05:00:00,15.5,15.9,20.0,11.3,93,7.0,274,932.6,0.0,Brazil,Sao Paulo,-23.5505,-46.6333
2026-05-11 06:00:00,16.5,16.8,19.8,10.3,94,7.4,276,932.8,0.0,Brazil,Sao Paulo,-23.5505,-46.6333
2026-05-11 07:00:00,17.5,17.9,21.1,9.8,93,6.5,284,932.6,0.0,Brazil,Sao Paulo,-23.5505,-46.6333
2026-05-11 08:00:00,18.6,19.0,23.2,9.4,93,4.5,310,932.0,0.0,Brazil,Sao Paulo,-23.5505,-46.6333
2026-05-11 09:00:00,20.5,21.0,24.7,9.1,93,4.3,285,932.5,0.0,Brazil,Sao Paulo,-23.5505,-46.6333
2026-05-11 10:00:00,25.9,26.3,25.5,9.0,93,4.8,299,933.2,0.0,Brazil,Sao Paulo,-23.5505,-46.6333
2026-05-11 11:00:00,31.8,32.1,25.7,9.8,87,3.1,298,933.9,0.0,Brazil,Sao Paulo,-23.5505,-46.6333
2026-05-11 12:00:00,27.2,27.5,21.6,11.5,77,2.8,230,934.7,0.0,Brazil,Sao Paulo,-23.5505,-46.6333
2026-05-11 13:00:00,25.4,25.6,17.6,13.1,70,1.7,229,935.1,0.0,Brazil,Sao Paulo,-23.5505,-46.6333
2026-05-11 14:00:00,26.6,26.7,12.2,14.7,63,1.0,202,934.6,0.0,Brazil,Sao Paulo,-23.5505,-46.6333
2026-05-11 15:00:00,27.0,27.0,8.1,16.1,56,2.1,211,934.2,0.0,Brazil,Sao Paulo,-23.5505,-46.6333
2026-05-11 16:00:00,24.3,24.3,5.1,17.2,52,3.3,216,933.2,0.0,Brazil,Sao Paulo,-23.5505,-46.6333
2026-05-11 17:00:00,21.6,21.7,3.4,18.0,49,4.6,222,932.7,0.0,Brazil,Sao Paulo,-23.5505,-46.6333
2026-05-11 18:00:00,20.3,20.3,6.9,18.2,46,4.8,225,932.6,0.0,Brazil,Sao Paulo,-23.5505,-46.6333
2026-05-11 19:00:00,19.4,19.5,19.3,18.1,47,4.0,210,932.5,0.0,Brazil,Sao Paulo,-23.5505,-46.6333
2026-05-11 20:00:00,20.8,20.8,36.9,17.3,53,4.3,204,932.7,0.0,Brazil,Sao Paulo,-23.5505,-46.6333
2026-05-11 21:00:00,29.7,29.8,51.6,16.7,60,3.1,183,933.1,0.0,Brazil,Sao Paulo,-23.5505,-46.6333
2026-05-11 22:00:00,33.9,34.0,60.4,15.2,70,3.8,161,933.2,0.0,Brazil,Sao Paulo,-23.5505,-46.6333
2026-05-11 23:00:00,35.5,35.6,66.4,14.0,80,2.6,129,933.8,0.0,Brazil,Sao Paulo,-23.5505,-46.6333
2026-05-12 00:00:00,30.7,30.7,60.2,12.3,91,4.0,87,934.3,0.0,Brazil,Sao Paulo,-23.5505,-46.6333
2026-05-12 01:00:00,36.9,37.0,65.6,11.8,94,4.5,85,934.4,0.0,Brazil,Sao Paulo,-23.5505,-46.6333
2026-05-12 02:00:00,45.4,45.4,72.9,11.5,96,3.5,125,934.2,0.0,Brazil,Sao Paulo,-23.5505,-46.6333
2026-05-12 03:00:00,50.8,50.8,76.9,10.7,99,4.0,129,934.0,0.0,Brazil,Sao Paulo,-23.5505,-46.6333
2026-05-12 04:00:00,55.1,55.1,74.3,10.5,98,3.9,114,933.7,0.0,Brazil,Sao Paulo,-23.5505,-46.6333
2026-05-12 05:00:00,58.0,58.0,68.4,10.2,97,4.1,103,933.6,0.0,Brazil,Sao Paulo,-23.5505,-46.6333
2026-05-12 06:00:00,59.3,59.4,63.6,9.9,94,3.3,112,933.5,0.0,Brazil,Sao Paulo,-23.5505,-46.6333
2026-05-12 07:00:00,59.1,59.1,62.6,9.7,91,3.4,90,933.3,0.0,Brazil,Sao Paulo,-23.5505,-46.6333
2026-05-12 08:00:00,58.6,58.7,62.8,9.1,91,4.3,85,933.0,0.0,Brazil,Sao Paulo,-23.5505,-46.6333
2026-05-12 09:00:00,58.7,58.7,60.6,8.6,91,4.7,81,933.3,0.0,Brazil,Sao Paulo,-23.5505,-46.6333
2026-05-12 10:00:00,61.0,61.0,54.1,8.4,93,5.3,72,933.9,0.0,Brazil,Sao Paulo,-23.5505,-46.6333
2026-05-12 11:00:00,57.6,57.6,45.3,9.3,88,6.2,80,934.9,0.0,Brazil,Sao Paulo,-23.5505,-46.6333
2026-05-12 12:00:00,43.4,43.5,36.4,11.0,89,8.1,85,935.7,0.0,Brazil,Sao Paulo,-23.5505,-46.6333
2026-05-12 13:00:00,35.0,35.0,27.4,12.9,78,9.0,90,935.5,0.0,Brazil,Sao Paulo,-23.5505,-46.6333
2026-05-12 14:00:00,30.6,30.6,18.3,14.9,70,8.1,86,935.0,0.0,Brazil,Sao Paulo,-23.5505,-46.6333
2026-05-12 15:00:00,27.0,27.0,11.6,16.6,61,7.6,90,934.0,0.0,Brazil,Sao Paulo,-23.5505,-46.6333
2026-05-12 16:00:00,25.7,25.7,6.5,18.0,56,6.5,92,933.1,0.0,Brazil,Sao Paulo,-23.5505,-46.6333
2026-05-12 17:00:00,25.2,25.3,3.9,18.9,52,4.7,99,932.6,0.0,Brazil,Sao Paulo,-23.5505,-46.6333
2026-05-12 18:00:00,25.6,25.7,8.9,19.7,44,4.0,111,932.2,0.0,Brazil,Sao Paulo,-23.5505,-46.6333
2026-05-12 19:00:00,26.3,26.3,27.1,19.7,43,2.9,94,932.0,0.0,Brazil,Sao Paulo,-23.5505,-46.6333
2026-05-12 20:00:00,31.3,31.4,52.9,18.9,53,2.7,37,931.9,0.0,Brazil,Sao Paulo,-23.5505,-46.6333
2026-05-12 21:00:00,45.6,45.9,74.8,17.5,61,2.7,53,931.4,0.0,Brazil,Sao Paulo,-23.5505,-46.6333
2026-05-12 22:00:00,54.5,54.9,89.1,16.0,70,3.7,76,931.6,0.0,Brazil,Sao Paulo,-23.5505,-46.6333
2026-05-12 23:00:00,60.3,60.8,99.5,14.9,74,5.1,80,931.7,0.0,Brazil,Sao Paulo,-23.5505,-46.6333
2026-05-13 00:00:00,61.0,61.2,126.3,14.1,84,3.8,85,932.3,0.0,Brazil,Sao Paulo,-23.5505,-46.6333
2026-05-13 01:00:00,64.0,65.4,125.2,13.3,88,5.1,63,931.9,0.0,Brazil,Sao Paulo,-23.5505,-46.6333
2026-05-13 02:00:00,68.5,69.6,123.3,12.9,89,3.9,47,931.7,0.0,Brazil,Sao Paulo,-23.5505,-46.6333
2026-05-13 03:00:00,70.8,71.9,119.9,12.5,90,2.8,45,931.5,0.0,Brazil,Sao Paulo,-23.5505,-46.6333
2026-05-13 04:00:00,69.6,70.5,114.1,12.0,90,3.0,25,930.7,0.0,Brazil,Sao Paulo,-23.5505,-46.6333
2026-05-13 05:00:00,66.6,67.1,106.6,10.1,99,4.5,23,929.7,0.0,Brazil,Sao Paulo,-23.5505,-46.6333
2026-05-13 06:00:00,60.5,61.0,99.0,9.5,99,3.2,344,929.7,0.0,Brazil,Sao Paulo,-23.5505,-46.6333
2026-05-13 07:00:00,55.3,55.6,90.3,9.3,99,1.9,304,929.4,0.0,Brazil,Sao Paulo,-23.5505,-46.6333
2026-05-13 08:00:00,52.5,52.9,81.5,8.8,99,1.1,270,929.3,0.0,Brazil,Sao Paulo,-23.5505,-46.6333
2026-05-13 09:00:00,51.7,52.2,76.7,9.2,98,1.0,248,930.1,0.0,Brazil,Sao Paulo,-23.5505,-46.6333
2026-05-13 10:00:00,56.1,56.7,82.2,9.3,97,1.2,243,930.9,0.0,Brazil,Sao Paulo,-23.5505,-46.6333
2026-05-13 11:00:00,65.7,66.4,91.7,10.5,92,0.7,256,931.6,0.0,Brazil,Sao Paulo,-23.5505,-46.6333
2026-05-13 12:00:00,16.9,16.9,64.7,12.8,86,0.5,225,933.0,0.0,Brazil,Sao Paulo,-23.5505,-46.6333
2026-05-13 13:00:00,16.6,16.6,48.7,16.6,73,1.1,198,933.9,0.0,Brazil,Sao Paulo,-23.5505,-46.6333
2026-05-13 14:00:00,13.9,13.9,26.8,19.9,61,2.5,240,933.9,0.0,Brazil,Sao Paulo,-23.5505,-46.6333
2026-05-13 15:00:00,11.6,11.6,11.1,22.2,48,4.3,265,933.2,0.0,Brazil,Sao Paulo,-23.5505,-46.6333
2026-05-13 16:00:00,10.4,10.4,4.4,23.6,39,5.2,264,932.6,0.0,Brazil,Sao Paulo,-23.5505,-46.6333
2026-05-13 17:00:00,10.3,10.3,3.8,24.1,36,5.4,255,931.9,0.0,Brazil,Sao Paulo,-23.5505,-46.6333
2026-05-13 18:00:00,11.1,11.2,13.3,24.0,34,6.2,218,931.8,0.0,Brazil,Sao Paulo,-23.5505,-46.6333
2026-05-13 19:00:00,14.2,14.3,39.9,23.3,33,6.3,235,931.6,0.0,Brazil,Sao Paulo,-23.5505,-46.6333
2026-05-13 20:00:00,25.0,25.1,76.6,22.2,41,4.8,250,931.5,0.0,Brazil,Sao Paulo,-23.5505,-46.6333
2026-05-13 21:00:00,39.8,39.8,105.9,20.2,51,3.0,197,931.6,0.0,Brazil,Sao Paulo,-23.5505,-46.6333
2026-05-13 22:00:00,54.6,54.6,120.9,18.6,64,4.6,162,931.9,0.0,Brazil,Sao Paulo,-23.5505,-46.6333
2026-05-13 23:00:00,61.7,61.7,128.5,17.4,75,3.1,100,932.3,0.0,Brazil,Sao Paulo,-23.5505,-46.6333
2026-05-14 00:00:00,71.5,71.5,138.8,16.6,82,4.5,88,932.9,0.0,Brazil,Sao Paulo,-23.5505,-46.6333
2026-05-14 01:00:00,80.1,80.1,136.4,15.9,87,3.7,79,932.3,0.0,Brazil,Sao Paulo,-23.5505,-46.6333
2026-05-14 02:00:00,86.1,86.1,132.9,15.5,89,4.0,95,932.0,0.0,Brazil,Sao Paulo,-23.5505,-46.6333
2026-05-14 03:00:00,90.3,90.6,129.5,14.8,92,2.6,106,931.3,0.0,Brazil,Sao Paulo,-23.5505,-46.6333
2026-05-14 04:00:00,92.9,92.9,126.6,14.3,94,2.3,51,930.6,0.0,Brazil,Sao Paulo,-23.5505,-46.6333
2026-05-14 05:00:00,93.8,93.8,123.7,13.8,97,2.2,48,930.0,0.0,Brazil,Sao Paulo,-23.5505,-46.6333
2026-05-14 06:00:00,94.5,94.8,121.1,13.5,97,3.6,57,929.9,0.0,Brazil,Sao Paulo,-23.5505,-46.6333
2026-05-14 07:00:00,95.5,95.5,120.2,13.5,95,6.3,63,929.7,0.0,Brazil,Sao Paulo,-23.5505,-46.6333
2026-05-14 08:00:00,97.3,97.3,119.5,13.3,94,4.5,90,929.8,0.0,Brazil,Sao Paulo,-23.5505,-46.6333
2026-05-14 09:00:00,101.3,101.3,114.6,13.0,95,4.1,124,930.3,0.0,Brazil,Sao Paulo,-23.5505,-46.6333
2026-05-14 10:00:00,112.9,112.9,103.0,12.8,96,4.4,120,930.9,0.0,Brazil,Sao Paulo,-23.5505,-46.6333
2026-05-14 11:00:00,129.5,129.5,87.3,14.3,91,3.0,104,931.8,0.0,Brazil,Sao Paulo,-23.5505,-46.6333
2026-05-14 12:00:00,84.8,85.0,65.0,15.0,92,3.7,76,933.2,0.0,Brazil,Sao Paulo,-23.5505,-46.6333
2026-05-14 13:00:00,70.5,70.8,51.7,18.0,78,1.7,103,934.1,0.0,Brazil,Sao Paulo,-23.5505,-46.6333
2026-05-14 14:00:00,57.5,57.6,33.4,21.1,63,1.3,172,933.9,0.0,Brazil,Sao Paulo,-23.5505,-46.6333
2026-05-14 15:00:00,45.6,45.8,19.3,23.6,49,2.3,225,933.3,0.0,Brazil,Sao Paulo,-23.5505,-46.6333
2026-05-14 16:00:00,34.7,34.8,10.6,25.1,39,4.7,272,932.6,0.0,Brazil,Sao Paulo,-23.5505,-46.6333
2026-05-14 17:00:00,26.6,26.7,6.1,25.6,36,6.3,290,931.8,0.0,Brazil,Sao Paulo,-23.5505,-46.6333
2026-05-14 18:00:00,22.5,22.6,11.7,25.6,35,6.9,279,931.6,0.0,Brazil,Sao Paulo,-23.5505,-46.6333
2026-05-14 19:00:00,20.5,20.8,35.3,25.1,35,9.9,292,931.5,0.0,Brazil,Sao Paulo,-23.5505,-46.6333
2026-05-14 20:00:00,28.6,28.9,68.9,24.0,39,10.0,285,931.8,0.0,Brazil,Sao Paulo,-23.5505,-46.6333
2026-05-14 21:00:00,38.9,39.1,94.7,21.9,49,6.6,248,932.0,0.0,Brazil,Sao Paulo,-23.5505,-46.6333
2026-05-14 22:00:00,49.2,49.5,104.8,20.3,60,4.4,173,932.5,0.0,Brazil,Sao Paulo,-23.5505,-46.6333
2026-05-14 23:00:00,54.9,55.8,107.1,18.7,77,5.4,143,932.8,0.0,Brazil,Sao Paulo,-23.5505,-46.6333
2026-05-15 00:00:00,56.2,58.0,116.8,17.8,92,4.9,94,933.5,0.0,Brazil,Sao Paulo,-23.5505,-46.6333
2026-05-15 01:00:00,65.2,65.9,113.5,17.4,93,4.5,83,933.3,0.0,Brazil,Sao Paulo,-23.5505,-46.6333
2026-05-15 02:00:00,70.5,71.0,108.8,17.0,94,3.6,90,933.1,0.0,Brazil,Sao Paulo,-23.5505,-46.6333
2026-05-15 03:00:00,70.8,71.2,104.5,16.6,97,1.7,77,932.7,0.0,Brazil,Sao Paulo,-23.5505,-46.6333
2026-05-15 04:00:00,69.8,70.1,101.7,16.5,96,1.9,56,932.2,0.0,Brazil,Sao Paulo,-23.5505,-46.6333
2026-05-15 05:00:00,69.6,69.8,99.4,16.5,95,0.0,270,932.1,0.0,Brazil,Sao Paulo,-23.5505,-46.6333
2026-05-15 06:00:00,69.6,69.8,95.7,16.3,96,1.9,17,932.4,0.0,Brazil,Sao Paulo,-23.5505,-46.6333
2026-05-15 07:00:00,67.1,67.1,88.5,16.2,95,1.6,333,932.1,0.0,Brazil,Sao Paulo,-23.5505,-46.6333
2026-05-15 08:00:00,58.0,58.1,80.0,16.2,94,0.5,270,931.8,0.0,Brazil,Sao Paulo,-23.5505,-46.6333
2026-05-15 09:00:00,49.7,49.8,75.4,16.1,95,1.0,202,932.0,0.0,Brazil,Sao Paulo,-23.5505,-46.6333
2026-05-15 10:00:00,47.8,48.0,79.7,16.0,95,1.3,262,932.6,0.0,Brazil,Sao Paulo,-23.5505,-46.6333
2026-05-15 11:00:00,52.4,52.5,88.0,17.0,84,1.3,352,933.2,0.0,Brazil,Sao Paulo,-23.5505,-46.6333
2026-05-15 12:00:00,70.1,70.3,94.0,17.0,88,1.8,96,934.6,0.0,Brazil,Sao Paulo,-23.5505,-46.6333
2026-05-15 13:00:00,56.0,56.2,86.6,17.6,78,5.9,72,934.8,0.7,Brazil,Sao Paulo,-23.5505,-46.6333
2026-05-15 14:00:00,61.0,61.0,76.5,17.9,78,3.1,357,934.7,0.6,Brazil,Sao Paulo,-23.5505,-46.6333
2026-05-15 15:00:00,59.5,59.8,70.3,17.2,89,3.9,28,933.4,1.9,Brazil,Sao Paulo,-23.5505,-46.6333
2026-05-15 16:00:00,57.9,58.2,70.9,18.2,85,5.0,30,932.6,0.5,Brazil,Sao Paulo,-23.5505,-46.6333
2026-05-15 17:00:00,57.4,57.6,75.4,18.7,85,6.9,25,931.8,0.4,Brazil,Sao Paulo,-23.5505,-46.6333
2026-05-15 18:00:00,55.3,55.6,81.3,18.8,84,6.2,306,932.6,0.1,Brazil,Sao Paulo,-23.5505,-46.6333
2026-05-15 19:00:00,55.9,56.2,89.5,18.1,90,7.2,297,932.4,1.3,Brazil,Sao Paulo,-23.5505,-46.6333
2026-05-15 20:00:00,38.1,38.4,99.0,17.5,94,5.6,320,932.4,1.1,Brazil,Sao Paulo,-23.5505,-46.6333
2026-05-15 21:00:00,30.7,31.2,104.9,17.2,95,5.2,338,932.3,0.5,Brazil,Sao Paulo,-23.5505,-46.6333
2026-05-15 22:00:00,26.0,26.4,104.3,16.9,94,3.2,357,931.6,0.0,Brazil,Sao Paulo,-23.5505,-46.6333
2026-05-15 23:00:00,11.8,12.0,100.0,16.9,94,1.3,278,931.8,0.1,Brazil,Sao Paulo,-23.5505,-46.6333
2026-05-16 00:00:00,19.7,20.1,77.2,17.2,97,3.0,76,933.1,0.1,Brazil,Sao Paulo,-23.5505,-46.6333
2026-05-16 01:00:00,25.7,26.4,74.1,16.8,97,5.6,33,932.5,0.2,Brazil,Sao Paulo,-23.5505,-46.6333
2026-05-16 02:00:00,27.1,27.8,69.6,16.1,97,4.4,32,932.0,0.0,Brazil,Sao Paulo,-23.5505,-46.6333
2026-05-16 03:00:00,20.1,20.6,65.1,15.5,97,3.8,25,931.2,0.0,Brazil,Sao Paulo,-23.5505,-46.6333
2026-05-16 04:00:00,15.7,16.1,60.8,15.2,96,4.2,36,930.4,0.0,Brazil,Sao Paulo,-23.5505,-46.6333
2026-05-16 05:00:00,14.6,15.0,56.4,15.0,95,3.4,25,930.0,0.0,Brazil,Sao Paulo,-23.5505,-46.6333
2026-05-16 06:00:00,14.5,14.8,52.2,14.2,100,4.0,27,929.7,0.0,Brazil,Sao Paulo,-23.5505,-46.6333
2026-05-16 07:00:00,14.0,14.3,47.8,13.8,100,2.3,58,929.3,0.0,Brazil,Sao Paulo,-23.5505,-46.6333
2026-05-16 08:00:00,13.9,14.2,43.4,14.0,99,1.7,58,929.4,0.0,Brazil,Sao Paulo,-23.5505,-46.6333
2026-05-16 09:00:00,14.8,15.0,40.4,14.0,100,1.3,8,930.0,0.0,Brazil,Sao Paulo,-23.5505,-46.6333
2026-05-16 10:00:00,19.3,19.6,40.7,14.1,99,1.1,351,930.7,0.0,Brazil,Sao Paulo,-23.5505,-46.6333
2026-05-16 11:00:00,24.7,25.1,42.2,14.8,96,1.7,13,931.4,0.0,Brazil,Sao Paulo,-23.5505,-46.6333
2026-05-16 12:00:00,13.8,13.9,32.1,16.4,93,2.3,72,932.8,0.0,Brazil,Sao Paulo,-23.5505,-46.6333
2026-05-16 13:00:00,13.3,13.6,25.2,19.1,82,1.7,103,933.3,0.0,Brazil,Sao Paulo,-23.5505,-46.6333
2026-05-16 14:00:00,11.1,11.4,15.6,21.3,75,1.3,315,933.1,0.1,Brazil,Sao Paulo,-23.5505,-46.6333
2026-05-16 15:00:00,9.7,10.0,8.4,23.1,66,4.7,279,932.7,0.0,Brazil,Sao Paulo,-23.5505,-46.6333
2026-05-16 16:00:00,8.4,8.7,4.1,24.5,60,7.2,289,932.2,0.0,Brazil,Sao Paulo,-23.5505,-46.6333
2026-05-16 17:00:00,7.1,7.4,2.2,24.9,58,8.5,291,931.1,0.0,Brazil,Sao Paulo,-23.5505,-46.6333
2026-05-16 18:00:00,7.3,7.7,6.1,24.9,53,6.3,297,930.8,0.0,Brazil,Sao Paulo,-23.5505,-46.6333
2026-05-16 19:00:00,8.3,8.6,20.0,24.9,52,8.1,299,930.5,0.0,Brazil,Sao Paulo,-23.5505,-46.6333
2026-05-16 20:00:00,11.5,11.8,39.7,23.2,62,7.4,256,930.9,0.1,Brazil,Sao Paulo,-23.5505,-46.6333
2026-05-16 21:00:00,21.8,22.1,55.9,21.5,74,3.7,191,931.0,0.0,Brazil,Sao Paulo,-23.5505,-46.6333
2026-05-16 22:00:00,33.5,33.9,65.6,20.4,78,4.3,287,931.2,0.0,Brazil,Sao Paulo,-23.5505,-46.6333
2026-05-16 23:00:00,42.0,42.4,71.8,18.2,89,1.3,326,931.5,1.8,Brazil,Sao Paulo,-23.5505,-46.6333
2026-05-17 00:00:00,43.7,44.0,73.5,18.1,94,10.6,249,932.3,0.0,Brazil,Sao Paulo,-23.5505,-46.6333
2026-05-17 01:00:00,38.5,38.9,67.8,17.7,95,4.9,51,931.8,5.2,Brazil,Sao Paulo,-23.5505,-46.6333
2026-05-17 02:00:00,33.6,34.0,59.8,17.7,96,2.7,212,932.6,0.4,Brazil,Sao Paulo,-23.5505,-46.6333
2026-05-17 03:00:00,31.7,32.1,53.5,17.5,97,1.5,60,932.8,1.0,Brazil,Sao Paulo,-23.5505,-46.6333
2026-05-17 04:00:00,30.3,30.6,50.7,16.9,99,6.9,30,931.3,0.2,Brazil,Sao Paulo,-23.5505,-46.6333
2026-05-17 05:00:00,33.1,33.4,49.6,16.7,97,5.1,4,930.4,0.0,Brazil,Sao Paulo,-23.5505,-46.6333
2026-05-17 06:00:00,33.8,34.0,48.4,17.6,98,2.6,34,930.6,0.0,Brazil,Sao Paulo,-23.5505,-46.6333
2026-05-17 07:00:00,34.1,34.3,46.5,17.1,100,2.7,28,930.2,0.0,Brazil,Sao Paulo,-23.5505,-46.6333
2026-05-17 08:00:00,34.7,34.9,44.6,17.2,99,1.4,67,930.0,0.0,Brazil,Sao Paulo,-23.5505,-46.6333
2026-05-17 09:00:00,35.6,35.9,43.0,17.3,99,3.1,350,930.5,0.3,Brazil,Sao Paulo,-23.5505,-46.6333
2026-05-17 10:00:00,38.8,39.2,42.5,17.3,99,4.1,2,931.0,0.3,Brazil,Sao Paulo,-23.5505,-46.6333
2026-05-17 11:00:00,41.2,41.8,42.3,18.0,98,5.2,34,931.1,0.1,Brazil,Sao Paulo,-23.5505,-46.6333
2026-05-17 12:00:00,24.9,25.4,32.3,18.9,88,4.4,12,932.3,0.0,Brazil,Sao Paulo,-23.5505,-46.6333
2026-05-17 13:00:00,21.0,21.3,26.2,19.8,83,4.6,26,932.7,0.0,Brazil,Sao Paulo,-23.5505,-46.6333
2026-05-17 14:00:00,13.2,13.5,17.8,21.0,77,3.1,36,932.1,0.0,Brazil,Sao Paulo,-23.5505,-46.6333
2026-05-17 15:00:00,11.0,11.4,12.0,22.0,74,2.5,352,931.5,0.0,Brazil,Sao Paulo,-23.5505,-46.6333
2026-05-17 16:00:00,8.9,9.3,10.6,22.7,72,3.6,290,931.2,0.0,Brazil,Sao Paulo,-23.5505,-46.6333
2026-05-17 17:00:00,8.0,8.4,11.8,21.9,76,5.8,266,930.7,0.2,Brazil,Sao Paulo,-23.5505,-46.6333
2026-05-17 18:00:00,9.1,9.5,14.5,21.5,74,5.9,235,930.1,0.2,Brazil,Sao Paulo,-23.5505,-46.6333
2026-05-17 19:00:00,10.4,10.7,19.6,19.6,85,11.4,299,930.8,1.2,Brazil,Sao Paulo,-23.5505,-46.6333
2026-05-17 20:00:00,12.0,12.3,26.2,17.6,96,10.7,293,931.0,2.4,Brazil,Sao Paulo,-23.5505,-46.6333
2026-05-17 21:00:00,15.3,15.6,31.0,17.5,94,7.9,303,930.9,1.1,Brazil,Sao Paulo,-23.5505,-46.6333
2026-05-17 22:00:00,17.2,17.5,32.1,17.2,94,9.4,322,931.2,3.1,Brazil,Sao Paulo,-23.5505,-46.6333
2026-05-17 23:00:00,17.1,17.4,31.3,17.4,95,7.0,339,931.0,0.8,Brazil,Sao Paulo,-23.5505,-46.6333
2026-05-18 00:00:00,16.0,16.5,25.0,17.5,96,8.3,284,932.2,0.2,Brazil,Sao Paulo,-23.5505,-46.6333
2026-05-18 01:00:00,15.7,16.0,25.7,17.2,96,4.0,297,931.7,0.1,Brazil,Sao Paulo,-23.5505,-46.6333
2026-05-18 02:00:00,15.0,15.3,26.5,16.8,98,1.1,108,931.7,0.1,Brazil,Sao Paulo,-23.5505,-46.6333
2026-05-18 03:00:00,14.6,14.8,26.2,16.4,98,3.0,346,931.6,0.0,Brazil,Sao Paulo,-23.5505,-46.6333
2026-05-18 04:00:00,14.4,14.6,23.8,16.2,97,4.4,7,930.9,0.0,Brazil,Sao Paulo,-23.5505,-46.6333
2026-05-18 05:00:00,13.3,13.4,20.3,16.2,95,3.6,311,930.4,0.0,Brazil,Sao Paulo,-23.5505,-46.6333
2026-05-18 06:00:00,12.2,12.3,17.8,16.6,95,4.3,312,930.7,0.0,Brazil,Sao Paulo,-23.5505,-46.6333
2026-05-18 07:00:00,11.8,11.9,17.4,16.4,94,5.7,316,930.3,0.0,Brazil,Sao Paulo,-23.5505,-46.6333
2026-05-18 08:00:00,10.0,10.1,17.9,16.1,95,4.4,300,930.2,0.0,Brazil,Sao Paulo,-23.5505,-46.6333
2026-05-18 09:00:00,12.0,12.1,18.6,16.1,95,4.6,283,930.8,0.0,Brazil,Sao Paulo,-23.5505,-46.6333
2026-05-18 10:00:00,13.6,13.8,19.5,16.1,96,4.9,294,931.4,0.0,Brazil,Sao Paulo,-23.5505,-46.6333
2026-05-18 11:00:00,12.3,12.6,20.5,16.5,94,7.1,294,932.2,0.1,Brazil,Sao Paulo,-23.5505,-46.6333
2026-05-18 12:00:00,10.7,10.9,20.6,18.5,87,8.6,303,933.5,0.0,Brazil,Sao Paulo,-23.5505,-46.6333
2026-05-18 13:00:00,9.7,10.1,17.8,18.9,83,10.1,274,934.0,0.0,Brazil,Sao Paulo,-23.5505,-46.6333
2026-05-18 14:00:00,7.9,8.1,14.0,19.4,80,9.4,271,934.0,0.0,Brazil,Sao Paulo,-23.5505,-46.6333
2026-05-18 15:00:00,6.4,6.6,11.5,20.2,77,9.7,266,933.8,0.1,Brazil,Sao Paulo,-23.5505,-46.6333
2026-05-18 16:00:00,6.0,6.2,10.6,19.9,78,8.0,260,933.2,0.1,Brazil,Sao Paulo,-23.5505,-46.6333
2026-05-18 17:00:00,6.2,6.6,11.0,19.9,79,7.8,244,932.8,0.4,Brazil,Sao Paulo,-23.5505,-46.6333
2026-05-18 18:00:00,6.4,6.7,13.8,19.4,82,6.5,204,932.6,0.6,Brazil,Sao Paulo,-23.5505,-46.6333
2026-05-18 19:00:00,6.6,7.0,21.6,18.7,86,7.0,212,932.7,0.0,Brazil,Sao Paulo,-23.5505,-46.6333
2026-05-18 20:00:00,7.9,8.3,31.8,18.4,88,6.4,205,932.7,0.0,Brazil,Sao Paulo,-23.5505,-46.6333
2026-05-18 21:00:00,7.8,8.0,38.0,18.0,90,7.0,198,933.2,0.0,Brazil,Sao Paulo,-23.5505,-46.6333
2026-05-18 22:00:00,7.2,7.3,36.5,17.7,92,6.3,193,933.2,0.0,Brazil,Sao Paulo,-23.5505,-46.6333
2026-05-18 23:00:00,6.6,6.9,31.0,17.5,92,6.0,175,933.6,0.0,Brazil,Sao Paulo,-23.5505,-46.6333
2026-05-19 00:00:00,5.4,5.7,23.6,17.0,93,6.0,171,934.3,0.0,Brazil,Sao Paulo,-23.5505,-46.6333
2026-05-19 01:00:00,5.6,5.8,23.4,16.9,91,7.1,170,934.3,0.1,Brazil,Sao Paulo,-23.5505,-46.6333
2026-05-19 02:00:00,5.3,5.6,23.1,16.5,94,6.1,166,934.2,0.8,Brazil,Sao Paulo,-23.5505,-46.6333
2026-05-19 03:00:00,5.1,5.3,22.0,16.3,96,4.9,170,933.9,0.1,Brazil,Sao Paulo,-23.5505,-46.6333
2026-05-19 04:00:00,3.7,3.9,19.6,16.3,95,4.9,170,933.3,0.1,Brazil,Sao Paulo,-23.5505,-46.6333
2026-05-19 05:00:00,3.4,3.6,16.4,16.2,95,5.5,167,932.9,0.1,Brazil,Sao Paulo,-23.5505,-46.6333
2026-05-19 06:00:00,3.3,3.4,14.1,15.8,96,5.2,200,933.3,0.0,Brazil,Sao Paulo,-23.5505,-46.6333
2026-05-19 07:00:00,3.2,3.4,12.9,15.7,96,5.2,214,933.0,0.1,Brazil,Sao Paulo,-23.5505,-46.6333
2026-05-19 08:00:00,2.7,2.8,12.5,15.6,96,4.7,220,932.8,0.1,Brazil,Sao Paulo,-23.5505,-46.6333
2026-05-19 09:00:00,2.8,2.8,13.4,15.7,96,4.0,212,933.0,0.0,Brazil,Sao Paulo,-23.5505,-46.6333
2026-05-19 10:00:00,3.9,3.9,16.6,15.7,96,4.2,205,933.4,0.0,Brazil,Sao Paulo,-23.5505,-46.6333
2026-05-19 11:00:00,5.3,5.4,21.1,15.8,94,4.6,198,934.0,0.0,Brazil,Sao Paulo,-23.5505,-46.6333
2026-05-19 12:00:00,4.7,4.8,18.9,16.4,93,3.4,137,935.3,0.0,Brazil,Sao Paulo,-23.5505,-46.6333
2026-05-19 13:00:00,6.4,6.5,17.7,17.4,87,5.1,198,935.6,2.0,Brazil,Sao Paulo,-23.5505,-46.6333
2026-05-19 14:00:00,6.4,6.6,16.1,17.6,86,2.3,184,935.2,1.0,Brazil,Sao Paulo,-23.5505,-46.6333
2026-05-19 15:00:00,5.9,6.2,15.6,18.0,83,1.8,204,934.5,0.4,Brazil,Sao Paulo,-23.5505,-46.6333
2026-05-19 16:00:00,6.9,7.2,16.5,18.1,83,2.4,243,933.7,0.2,Brazil,Sao Paulo,-23.5505,-46.6333
2026-05-19 17:00:00,7.9,8.3,18.6,18.5,81,3.1,216,933.2,0.0,Brazil,Sao Paulo,-23.5505,-46.6333
2026-05-19 18:00:00,8.2,8.7,21.9,18.3,80,7.1,216,933.8,0.0,Brazil,Sao Paulo,-23.5505,-46.6333
2026-05-19 19:00:00,8.0,8.4,28.0,17.8,83,7.6,214,933.5,0.1,Brazil,Sao Paulo,-23.5505,-46.6333
2026-05-19 20:00:00,8.5,9.0,35.4,17.2,86,7.2,215,933.8,0.0,Brazil,Sao Paulo,-23.5505,-46.6333
2026-05-19 21:00:00,11.2,11.7,40.2,16.6,88,7.0,215,934.3,0.0,Brazil,Sao Paulo,-23.5505,-46.6333
2026-05-19 22:00:00,11.4,11.9,40.2,16.3,89,6.7,207,934.5,0.0,Brazil,Sao Paulo,-23.5505,-46.6333
2026-05-19 23:00:00,11.1,11.6,37.6,16.2,89,6.5,194,934.8,0.0,Brazil,Sao Paulo,-23.5505,-46.6333
2026-05-20 00:00:00,8.8,9.3,28.2,16.6,90,6.0,190,935.2,0.0,Brazil,Sao Paulo,-23.5505,-46.6333
2026-05-20 01:00:00,8.5,9.0,28.3,16.5,91,6.1,199,935.5,0.0,Brazil,Sao Paulo,-23.5505,-46.6333
2026-05-20 02:00:00,8.8,9.3,28.4,16.2,93,6.0,177,934.8,0.0,Brazil,Sao Paulo,-23.5505,-46.6333
2026-05-20 03:00:00,9.1,9.6,28.2,15.9,95,4.0,175,934.6,0.0,Brazil,Sao Paulo,-23.5505,-46.6333
2026-05-20 04:00:00,9.1,9.6,27.2,15.9,94,2.8,140,934.0,0.0,Brazil,Sao Paulo,-23.5505,-46.6333
2026-05-20 05:00:00,9.1,9.7,25.9,16.0,93,4.2,140,933.8,0.0,Brazil,Sao Paulo,-23.5505,-46.6333
2026-05-20 06:00:00,8.5,9.1,25.6,15.9,96,5.8,202,934.3,0.0,Brazil,Sao Paulo,-23.5505,-46.6333
2026-05-20 07:00:00,8.2,8.8,27.0,15.6,98,2.2,42,933.3,0.4,Brazil,Sao Paulo,-23.5505,-46.6333
2026-05-20 08:00:00,8.0,8.6,29.3,15.0,99,3.1,208,932.9,0.1,Brazil,Sao Paulo,-23.5505,-46.6333
2026-05-20 09:00:00,8.3,8.7,31.6,15.1,100,1.6,84,932.8,0.3,Brazil,Sao Paulo,-23.5505,-46.6333
2026-05-20 10:00:00,9.3,9.6,34.2,14.9,99,2.9,120,933.2,0.3,Brazil,Sao Paulo,-23.5505,-46.6333
2026-05-20 11:00:00,12.3,13.0,36.8,15.3,98,4.0,141,933.9,1.8,Brazil,Sao Paulo,-23.5505,-46.6333
2026-05-20 12:00:00,14.1,14.6,34.1,17.3,88,2.9,176,934.9,0.1,Brazil,Sao Paulo,-23.5505,-46.6333
2026-05-20 13:00:00,15.8,16.5,28.3,18.2,81,3.2,207,935.6,0.1,Brazil,Sao Paulo,-23.5505,-46.6333
2026-05-20 14:00:00,14.0,14.5,20.2,18.8,78,3.7,227,935.8,0.1,Brazil,Sao Paulo,-23.5505,-46.6333
2026-05-20 15:00:00,11.6,11.9,13.9,19.8,72,4.7,254,935.0,0.1,Brazil,Sao Paulo,-23.5505,-46.6333
2026-05-20 16:00:00,10.6,10.8,9.8,20.7,69,7.6,258,934.4,0.1,Brazil,Sao Paulo,-23.5505,-46.6333
2026-05-20 17:00:00,9.0,9.1,7.5,20.9,67,8.7,248,933.7,0.0,Brazil,Sao Paulo,-23.5505,-46.6333
2026-05-20 18:00:00,7.7,7.8,9.5,20.4,71,6.0,219,933.9,0.0,Brazil,Sao Paulo,-23.5505,-46.6333
2026-05-20 19:00:00,7.0,7.2,19.4,19.9,73,5.4,188,933.7,0.1,Brazil,Sao Paulo,-23.5505,-46.6333
2026-05-20 20:00:00,8.2,8.6,33.6,18.8,79,7.7,156,933.8,0.1,Brazil,Sao Paulo,-23.5505,-46.6333
2026-05-20 21:00:00,12.3,12.8,44.6,17.5,88,8.2,144,934.2,0.1,Brazil,Sao Paulo,-23.5505,-46.6333
2026-05-20 22:00:00,16.1,16.6,48.9,16.8,92,6.1,135,934.4,0.0,Brazil,Sao Paulo,-23.5505,-46.6333
2026-05-20 23:00:00,19.2,19.7,50.0,16.5,92,4.7,137,934.9,0.0,Brazil,Sao Paulo,-23.5505,-46.6333
2026-05-21 00:00:00,20.7,21.1,55.4,16.3,91,4.7,122,935.2,0.0,Brazil,Sao Paulo,-23.5505,-46.6333
2026-05-21 01:00:00,22.4,22.8,55.0,16.2,92,4.8,132,935.2,0.0,Brazil,Sao Paulo,-23.5505,-46.6333
2026-05-21 02:00:00,22.2,22.6,54.5,16.0,93,4.8,151,935.2,0.0,Brazil,Sao Paulo,-23.5505,-46.6333
2026-05-21 03:00:00,22.1,22.6,53.6,16.0,93,4.1,151,935.2,0.0,Brazil,Sao Paulo,-23.5505,-46.6333
2026-05-21 04:00:00,21.8,22.3,52.4,15.8,94,4.2,140,934.7,0.0,Brazil,Sao Paulo,-23.5505,-46.6333
2026-05-21 05:00:00,20.7,21.1,50.8,15.7,94,4.4,142,934.2,0.0,Brazil,Sao Paulo,-23.5505,-46.6333
2026-05-21 06:00:00,17.8,18.4,48.7,15.5,91,5.1,157,934.5,0.0,Brazil,Sao Paulo,-23.5505,-46.6333
2026-05-21 07:00:00,15.9,16.5,46.0,15.4,91,5.8,158,934.3,0.0,Brazil,Sao Paulo,-23.5505,-46.6333
2026-05-21 08:00:00,13.3,13.7,42.8,14.9,93,6.0,155,934.3,0.0,Brazil,Sao Paulo,-23.5505,-46.6333
2026-05-21 09:00:00,11.0,11.3,38.9,14.6,94,6.7,149,934.7,0.0,Brazil,Sao Paulo,-23.5505,-46.6333
2026-05-21 10:00:00,10.8,11.1,33.9,14.6,93,7.1,142,935.4,0.0,Brazil,Sao Paulo,-23.5505,-46.6333
2026-05-21 11:00:00,8.4,8.7,28.2,15.1,92,7.4,139,935.9,0.0,Brazil,Sao Paulo,-23.5505,-46.6333
2026-05-21 12:00:00,6.5,6.9,19.8,15.6,90,9.5,143,937.0,0.2,Brazil,Sao Paulo,-23.5505,-46.6333
2026-05-21 13:00:00,8.7,9.4,21.0,16.0,85,10.3,144,937.4,0.3,Brazil,Sao Paulo,-23.5505,-46.6333
2026-05-21 14:00:00,9.1,10.0,22.6,16.5,81,10.9,144,937.2,0.0,Brazil,Sao Paulo,-23.5505,-46.6333
2026-05-21 15:00:00,13.4,14.8,23.3,16.9,79,10.8,142,936.8,0.0,Brazil,Sao Paulo,-23.5505,-46.6333
2026-05-21 16:00:00,11.7,13.9,21.4,17.1,76,10.3,139,936.4,0.1,Brazil,Sao Paulo,-23.5505,-46.6333
2026-05-21 17:00:00,12.2,14.7,18.5,17.4,75,10.6,146,936.2,0.1,Brazil,Sao Paulo,-23.5505,-46.6333
2026-05-21 18:00:00,12.0,14.5,18.1,16.2,80,11.5,150,936.4,0.0,Brazil,Sao Paulo,-23.5505,-46.6333
2026-05-21 19:00:00,11.1,13.5,23.1,15.0,85,11.8,152,936.3,0.1,Brazil,Sao Paulo,-23.5505,-46.6333
2026-05-21 20:00:00,10.3,12.3,30.4,14.5,86,11.1,150,936.5,0.0,Brazil,Sao Paulo,-23.5505,-46.6333
2026-05-21 21:00:00,9.8,11.1,34.8,14.0,89,9.1,148,936.9,0.0,Brazil,Sao Paulo,-23.5505,-46.6333
2026-05-21 22:00:00,8.4,9.5,33.1,13.7,90,9.3,140,937.1,0.0,Brazil,Sao Paulo,-23.5505,-46.6333
2026-05-21 23:00:00,7.7,8.7,28.4,13.7,90,9.7,133,937.4,0.0,Brazil,Sao Paulo,-23.5505,-46.6333
2026-05-22 00:00:00,6.7,8.0,24.2,13.8,92,9.0,137,938.0,0.0,Brazil,Sao Paulo,-23.5505,-46.6333
2026-05-22 01:00:00,6.6,7.7,23.5,13.7,91,10.3,139,938.2,0.0,Brazil,Sao Paulo,-23.5505,-46.6333
2026-05-22 02:00:00,7.2,8.4,22.4,13.8,90,11.1,130,937.9,0.0,Brazil,Sao Paulo,-23.5505,-46.6333
2026-05-22 03:00:00,7.1,8.1,20.7,13.6,92,10.5,129,937.5,0.0,Brazil,Sao Paulo,-23.5505,-46.6333
2026-05-22 04:00:00,6.1,7.2,17.9,13.6,92,10.1,131,936.9,0.0,Brazil,Sao Paulo,-23.5505,-46.6333
2026-05-22 05:00:00,5.6,6.8,14.7,13.6,92,9.9,134,936.5,0.0,Brazil,Sao Paulo,-23.5505,-46.6333
2026-05-22 06:00:00,5.4,6.5,12.4,13.6,92,9.7,133,936.6,0.0,Brazil,Sao Paulo,-23.5505,-46.6333
2026-05-22 07:00:00,5.4,6.6,11.6,13.5,92,8.5,132,936.6,0.0,Brazil,Sao Paulo,-23.5505,-46.6333
2026-05-22 08:00:00,5.4,6.7,11.8,13.3,93,7.4,135,936.5,0.0,Brazil,Sao Paulo,-23.5505,-46.6333
2026-05-22 09:00:00,6.0,7.4,13.4,13.4,93,7.0,140,937.0,0.0,Brazil,Sao Paulo,-23.5505,-46.6333
2026-05-22 10:00:00,7.3,8.7,17.6,13.3,94,6.4,140,937.6,0.0,Brazil,Sao Paulo,-23.5505,-46.6333
2026-05-22 11:00:00,9.6,11.2,23.1,13.4,93,9.0,133,937.9,0.0,Brazil,Sao Paulo,-23.5505,-46.6333
2026-05-22 12:00:00,8.2,9.3,24.0,14.5,89,11.0,114,938.5,0.0,Brazil,Sao Paulo,-23.5505,-46.6333
2026-05-22 13:00:00,9.3,10.7,23.8,15.1,86,9.8,120,939.2,0.0,Brazil,Sao Paulo,-23.5505,-46.6333
2026-05-22 14:00:00,10.4,11.8,23.6,15.4,84,9.4,125,939.0,0.2,Brazil,Sao Paulo,-23.5505,-46.6333
2026-05-22 15:00:00,11.9,13.8,23.4,15.3,86,9.7,133,938.5,0.2,Brazil,Sao Paulo,-23.5505,-46.6333
2026-05-22 16:00:00,11.0,13.1,22.4,15.6,84,9.7,130,937.8,0.1,Brazil,Sao Paulo,-23.5505,-46.6333
2026-05-22 17:00:00,11.6,14.0,21.4,15.7,83,10.6,125,936.9,0.1,Brazil,Sao Paulo,-23.5505,-46.6333
2026-05-22 18:00:00,11.8,14.4,22.9,16.2,81,10.8,116,937.2,0.0,Brazil,Sao Paulo,-23.5505,-46.6333
2026-05-22 19:00:00,13.2,16.1,29.5,16.2,81,9.9,112,937.0,0.0,Brazil,Sao Paulo,-23.5505,-46.6333
2026-05-22 20:00:00,13.5,16.2,38.6,15.7,84,8.6,123,936.9,0.0,Brazil,Sao Paulo,-23.5505,-46.6333
2026-05-22 21:00:00,15.4,17.9,45.1,14.8,90,9.1,131,937.2,0.0,Brazil,Sao Paulo,-23.5505,-46.6333
2026-05-22 22:00:00,16.2,19.1,46.8,14.4,93,7.6,137,937.4,0.0,Brazil,Sao Paulo,-23.5505,-46.6333
2026-05-22 23:00:00,17.9,20.8,45.8,14.2,94,8.2,131,937.8,0.0,Brazil,Sao Paulo,-23.5505,-46.6333
2026-05-23 00:00:00,15.6,18.1,41.3,14.2,94,7.2,122,938.1,0.0,Brazil,Sao Paulo,-23.5505,-46.6333
2026-05-23 01:00:00,14.5,16.9,38.0,14.0,96,8.4,101,937.6,0.1,Brazil,Sao Paulo,-23.5505,-46.6333
2026-05-23 02:00:00,9.3,10.5,33.5,14.1,98,8.2,104,937.3,0.0,Brazil,Sao Paulo,-23.5505,-46.6333
2026-05-23 03:00:00,8.4,9.5,30.0,14.4,97,8.3,103,936.9,0.0,Brazil,Sao Paulo,-23.5505,-46.6333
2026-05-23 04:00:00,8.9,10.1,28.3,14.6,97,7.8,99,936.6,0.0,Brazil,Sao Paulo,-23.5505,-46.6333
2026-05-23 05:00:00,10.4,11.8,27.7,14.8,97,7.2,90,936.1,0.0,Brazil,Sao Paulo,-23.5505,-46.6333
2026-05-23 06:00:00,11.7,13.2,27.7,14.7,97,9.0,75,935.9,0.0,Brazil,Sao Paulo,-23.5505,-46.6333
2026-05-23 07:00:00,12.9,14.5,28.6,14.5,98,8.6,70,935.1,0.0,Brazil,Sao Paulo,-23.5505,-46.6333
2026-05-23 08:00:00,13.6,15.0,30.2,14.5,98,7.6,71,935.0,0.0,Brazil,Sao Paulo,-23.5505,-46.6333
2026-05-23 09:00:00,14.8,16.2,31.8,14.7,97,7.6,71,935.3,0.0,Brazil,Sao Paulo,-23.5505,-46.6333
2026-05-23 10:00:00,19.2,20.7,33.8,14.7,97,6.9,65,935.6,0.0,Brazil,Sao Paulo,-23.5505,-46.6333
2026-05-23 11:00:00,18.3,19.7,35.8,15.2,95,6.3,66,936.1,0.4,Brazil,Sao Paulo,-23.5505,-46.6333
2026-05-23 12:00:00,16.1,17.6,33.1,15.5,96,8.0,174,937.8,0.5,Brazil,Sao Paulo,-23.5505,-46.6333
2026-05-23 13:00:00,16.7,16.9,29.4,15.6,96,2.3,72,937.7,7.0,Brazil,Sao Paulo,-23.5505,-46.6333
2026-05-23 14:00:00,13.5,13.6,24.3,18.6,78,2.8,342,937.7,0.1,Brazil,Sao Paulo,-23.5505,-46.6333
2026-05-23 15:00:00,12.9,13.0,20.5,19.8,75,6.0,309,937.0,0.0,Brazil,Sao Paulo,-23.5505,-46.6333
2026-05-23 16:00:00,15.8,15.8,18.7,20.4,74,7.7,311,936.1,0.0,Brazil,Sao Paulo,-23.5505,-46.6333
2026-05-23 17:00:00,17.2,17.3,18.2,21.0,72,8.2,306,935.2,0.2,Brazil,Sao Paulo,-23.5505,-46.6333
2026-05-23 18:00:00,18.7,18.9,20.0,19.8,79,4.5,223,935.5,0.5,Brazil,Sao Paulo,-23.5505,-46.6333
2026-05-23 19:00:00,16.4,16.5,25.8,19.1,87,4.9,184,935.1,2.1,Brazil,Sao Paulo,-23.5505,-46.6333
2026-05-23 20:00:00,13.7,13.8,33.9,18.5,91,4.6,116,935.1,0.8,Brazil,Sao Paulo,-23.5505,-46.6333
2026-05-23 21:00:00,16.6,16.7,40.5,17.1,97,6.1,161,935.2,3.3,Brazil,Sao Paulo,-23.5505,-46.6333
2026-05-23 22:00:00,17.3,17.4,44.5,16.7,98,5.1,129,934.6,0.9,Brazil,Sao Paulo,-23.5505,-46.6333
2026-05-23 23:00:00,15.2,15.3,47.0,16.1,98,7.5,132,935.3,1.5,Brazil,Sao Paulo,-23.5505,-46.6333
2026-05-24 00:00:00,28.5,28.6,57.5,16.6,98,6.7,82,935.5,4.2,Brazil,Sao Paulo,-23.5505,-46.6333
2026-05-24 01:00:00,36.8,36.9,53.9,16.1,98,7.5,53,935.3,1.5,Brazil,Sao Paulo,-23.5505,-46.6333
2026-05-24 02:00:00,30.0,30.0,48.8,15.8,98,7.0,55,934.9,3.9,Brazil,Sao Paulo,-23.5505,-46.6333
2026-05-24 03:00:00,16.4,16.4,44.0,15.9,98,5.3,33,934.7,0.6,Brazil,Sao Paulo,-23.5505,-46.6333
2026-05-24 04:00:00,12.1,12.1,39.9,15.7,98,3.5,24,934.0,0.5,Brazil,Sao Paulo,-23.5505,-46.6333
2026-05-24 05:00:00,12.2,12.3,36.1,15.3,100,1.0,135,933.4,0.1,Brazil,Sao Paulo,-23.5505,-46.6333
2026-05-24 06:00:00,11.9,11.9,33.4,15.7,99,3.1,10,933.7,0.7,Brazil,Sao Paulo,-23.5505,-46.6333
2026-05-24 07:00:00,12.2,12.3,32.2,15.5,100,0.6,198,933.3,0.1,Brazil,Sao Paulo,-23.5505,-46.6333
2026-05-24 08:00:00,12.2,12.3,32.1,15.3,100,1.4,67,933.0,0.0,Brazil,Sao Paulo,-23.5505,-46.6333
2026-05-24 09:00:00,12.5,12.5,32.5,15.5,98,3.2,71,933.6,0.1,Brazil,Sao Paulo,-23.5505,-46.6333
2026-05-24 10:00:00,8.2,8.3,34.1,16.0,98,4.5,47,934.0,0.2,Brazil,Sao Paulo,-23.5505,-46.6333
2026-05-24 11:00:00,11.7,11.8,36.1,16.8,96,2.7,58,934.6,0.1,Brazil,Sao Paulo,-23.5505,-46.6333
2026-05-24 12:00:00,13.1,13.1,25.0,18.1,93,2.3,29,935.0,0.2,Brazil,Sao Paulo,-23.5505,-46.6333
2026-05-24 13:00:00,14.2,14.5,20.3,20.6,82,2.0,27,935.7,0.0,Brazil,Sao Paulo,-23.5505,-46.6333
2026-05-24 14:00:00,13.9,14.0,13.8,22.1,75,5.1,324,935.5,0.1,Brazil,Sao Paulo,-23.5505,-46.6333
2026-05-24 15:00:00,12.6,12.6,8.9,23.2,69,7.5,314,934.7,0.1,Brazil,Sao Paulo,-23.5505,-46.6333
2026-05-24 16:00:00,9.9,9.9,6.6,23.8,65,10.3,306,933.9,0.1,Brazil,Sao Paulo,-23.5505,-46.6333
2026-05-24 17:00:00,9.3,9.3,6.1,19.1,86,13.9,294,933.7,1.9,Brazil,Sao Paulo,-23.5505,-46.6333
2026-05-24 18:00:00,9.6,9.7,7.7,19.5,86,4.5,151,933.7,0.7,Brazil,Sao Paulo,-23.5505,-46.6333
2026-05-24 19:00:00,11.2,11.3,13.1,20.1,80,2.3,113,933.6,0.0,Brazil,Sao Paulo,-23.5505,-46.6333
2026-05-24 20:00:00,13.8,13.9,20.6,19.8,85,4.7,298,933.7,0.5,Brazil,Sao Paulo,-23.5505,-46.6333
2026-05-24 21:00:00,12.2,12.3,26.7,19.0,91,4.5,236,933.7,0.9,Brazil,Sao Paulo,-23.5505,-46.6333
2026-05-24 22:00:00,12.7,12.7,29.5,18.4,94,2.6,236,934.5,0.0,Brazil,Sao Paulo,-23.5505,-46.6333
2026-05-24 23:00:00,14.7,14.7,30.8,18.1,96,3.0,218,934.8,0.0,Brazil,Sao Paulo,-23.5505,-46.6333
2026-05-25 00:00:00,19.9,20.1,34.1,16.8,97,3.9,317,936.0,0.3,Brazil,Sao Paulo,-23.5505,-46.6333
2026-05-25 01:00:00,22.0,22.1,35.0,17.3,97,6.2,197,934.9,3.7,Brazil,Sao Paulo,-23.5505,-46.6333
2026-05-25 02:00:00,16.8,16.9,36.1,16.9,96,8.7,148,934.8,0.0,Brazil,Sao Paulo,-23.5505,-46.6333
2026-05-25 03:00:00,15.1,15.3,36.4,15.9,97,8.2,144,934.9,0.0,Brazil,Sao Paulo,-23.5505,-46.6333
2026-05-25 04:00:00,14.6,14.7,35.1,15.2,97,8.9,148,934.9,0.0,Brazil,Sao Paulo,-23.5505,-46.6333
2026-05-25 05:00:00,12.8,13.0,33.0,14.8,97,7.8,151,934.4,0.2,Brazil,Sao Paulo,-23.5505,-46.6333
2026-05-25 06:00:00,11.3,11.6,31.4,15.2,96,6.6,147,934.9,0.1,Brazil,Sao Paulo,-23.5505,-46.6333
2026-05-25 07:00:00,10.0,10.3,30.6,15.1,96,5.6,132,934.8,0.0,Brazil,Sao Paulo,-23.5505,-46.6333
2026-05-25 08:00:00,9.3,9.5,30.3,15.1,95,4.8,124,934.6,0.0,Brazil,Sao Paulo,-23.5505,-46.6333
2026-05-25 09:00:00,9.3,9.6,30.5,15.0,95,4.3,123,934.9,0.0,Brazil,Sao Paulo,-23.5505,-46.6333
2026-05-25 10:00:00,11.9,12.2,32.1,14.9,95,3.4,108,935.3,0.0,Brazil,Sao Paulo,-23.5505,-46.6333
2026-05-25 11:00:00,12.3,12.7,34.2,15.4,92,4.7,97,935.6,0.0,Brazil,Sao Paulo,-23.5505,-46.6333
2026-05-25 12:00:00,12.5,13.0,27.1,16.7,89,4.8,138,937.3,0.0,Brazil,Sao Paulo,-23.5505,-46.6333
2026-05-25 13:00:00,18.2,18.6,23.7,18.3,82,5.6,94,937.6,0.0,Brazil,Sao Paulo,-23.5505,-46.6333
2026-05-25 14:00:00,20.0,20.4,19.1,19.6,77,5.6,83,937.1,0.0,Brazil,Sao Paulo,-23.5505,-46.6333
2026-05-25 15:00:00,21.4,21.6,15.6,21.2,71,5.8,70,936.7,0.0,Brazil,Sao Paulo,-23.5505,-46.6333
2026-05-25 16:00:00,20.8,21.1,13.4,22.5,66,4.5,85,935.9,0.0,Brazil,Sao Paulo,-23.5505,-46.6333
2026-05-25 17:00:00,21.2,21.5,12.3,22.6,67,3.4,84,935.4,0.0,Brazil,Sao Paulo,-23.5505,-46.6333
2026-05-25 18:00:00,23.1,23.3,14.8,22.5,67,4.4,78,935.5,0.2,Brazil,Sao Paulo,-23.5505,-46.6333
2026-05-25 19:00:00,23.6,23.9,23.7,22.1,70,5.0,103,935.1,0.5,Brazil,Sao Paulo,-23.5505,-46.6333
2026-05-25 20:00:00,24.1,24.7,36.2,20.7,77,6.3,145,935.3,0.0,Brazil,Sao Paulo,-23.5505,-46.6333
2026-05-25 21:00:00,25.2,25.8,45.4,18.2,90,8.9,152,935.5,0.0,Brazil,Sao Paulo,-23.5505,-46.6333
2026-05-25 22:00:00,27.5,28.1,48.1,16.9,96,6.6,135,935.9,0.0,Brazil,Sao Paulo,-23.5505,-46.6333
2026-05-25 23:00:00,27.6,28.2,47.7,16.5,97,6.3,127,936.2,0.0,Brazil,Sao Paulo,-23.5505,-46.6333
2026-05-26 00:00:00,26.8,28.0,61.9,16.8,95,5.4,105,936.4,0.0,Brazil,Sao Paulo,-23.5505,-46.6333
2026-05-26 01:00:00,33.5,34.2,58.8,16.9,94,6.0,93,936.6,0.0,Brazil,Sao Paulo,-23.5505,-46.6333
2026-05-26 02:00:00,30.2,30.9,54.4,16.7,95,6.0,85,936.2,0.0,Brazil,Sao Paulo,-23.5505,-46.6333
2026-05-26 03:00:00,29.2,29.7,50.8,16.5,97,6.0,83,935.7,0.0,Brazil,Sao Paulo,-23.5505,-46.6333
2026-05-26 04:00:00,27.7,28.3,48.8,16.3,97,6.4,80,935.1,0.0,Brazil,Sao Paulo,-23.5505,-46.6333
2026-05-26 05:00:00,27.0,27.5,47.5,16.3,97,4.7,106,935.2,0.0,Brazil,Sao Paulo,-23.5505,-46.6333
2026-05-26 06:00:00,26.1,26.7,46.4,16.4,98,4.6,108,935.3,0.0,Brazil,Sao Paulo,-23.5505,-46.6333
2026-05-26 07:00:00,25.7,26.2,45.2,16.2,100,4.5,97,934.9,0.0,Brazil,Sao Paulo,-23.5505,-46.6333
2026-05-26 08:00:00,25.7,26.1,44.3,16.2,99,6.8,87,934.8,0.0,Brazil,Sao Paulo,-23.5505,-46.6333
2026-05-26 09:00:00,26.3,26.8,43.8,16.3,98,7.7,69,935.0,0.0,Brazil,Sao Paulo,-23.5505,-46.6333
2026-05-26 10:00:00,29.7,30.2,45.1,16.3,98,8.0,65,935.3,0.0,Brazil,Sao Paulo,-23.5505,-46.6333
2026-05-26 11:00:00,33.2,33.5,46.9,16.7,96,8.2,64,935.5,0.0,Brazil,Sao Paulo,-23.5505,-46.6333
2026-05-26 12:00:00,28.1,28.2,37.9,17.8,94,8.1,58,936.7,0.0,Brazil,Sao Paulo,-23.5505,-46.6333
2026-05-26 13:00:00,35.5,35.6,31.1,19.7,83,5.7,44,937.0,0.2,Brazil,Sao Paulo,-23.5505,-46.6333
2026-05-26 14:00:00,27.8,28.0,21.8,21.6,76,5.1,27,936.6,0.0,Brazil,Sao Paulo,-23.5505,-46.6333
2026-05-26 15:00:00,19.2,19.6,14.4,23.7,68,6.9,346,935.9,0.0,Brazil,Sao Paulo,-23.5505,-46.6333
2026-05-26 16:00:00,15.1,15.7,8.7,24.8,58,10.3,314,935.1,0.2,Brazil,Sao Paulo,-23.5505,-46.6333
2026-05-26 17:00:00,11.8,12.2,5.0,23.5,64,11.3,290,934.4,0.5,Brazil,Sao Paulo,-23.5505,-46.6333
2026-05-26 18:00:00,10.1,10.5,9.0,25.8,51,10.0,309,934.4,1.0,Brazil,Sao Paulo,-23.5505,-46.6333
2026-05-26 19:00:00,10.5,10.9,27.1,24.9,57,7.6,317,933.8,0.0,Brazil,Sao Paulo,-23.5505,-46.6333
2026-05-26 20:00:00,15.3,15.7,52.9,23.7,65,6.2,314,933.5,0.0,Brazil,Sao Paulo,-23.5505,-46.6333
2026-05-26 21:00:00,24.6,25.3,73.0,22.5,73,5.9,313,933.7,0.0,Brazil,Sao Paulo,-23.5505,-46.6333
2026-05-26 22:00:00,34.5,35.0,81.7,21.6,79,3.5,279,933.8,0.0,Brazil,Sao Paulo,-23.5505,-46.6333
2026-05-26 23:00:00,44.7,45.2,84.7,20.8,85,2.6,282,933.9,0.0,Brazil,Sao Paulo,-23.5505,-46.6333
2026-05-27 00:00:00,28.9,29.6,58.2,20.3,85,4.4,341,934.3,0.0,Brazil,Sao Paulo,-23.5505,-46.6333
2026-05-27 01:00:00,30.3,30.9,56.0,19.6,87,3.7,321,934.0,0.0,Brazil,Sao Paulo,-23.5505,-46.6333
2026-05-27 02:00:00,29.9,30.4,52.8,19.0,89,3.0,308,933.8,0.0,Brazil,Sao Paulo,-23.5505,-46.6333
2026-05-27 03:00:00,26.4,26.6,48.9,18.4,91,3.5,279,933.3,0.0,Brazil,Sao Paulo,-23.5505,-46.6333
2026-05-27 04:00:00,24.7,24.8,43.5,17.5,94,3.7,281,932.8,0.0,Brazil,Sao Paulo,-23.5505,-46.6333
2026-05-27 05:00:00,22.5,22.6,37.5,17.0,96,4.6,301,932.2,0.0,Brazil,Sao Paulo,-23.5505,-46.6333
2026-05-27 06:00:00,21.5,21.5,33.6,17.5,93,3.3,9,932.2,0.0,Brazil,Sao Paulo,-23.5505,-46.6333
2026-05-27 07:00:00,21.3,21.4,33.1,16.9,96,3.2,153,932.1,0.0,Brazil,Sao Paulo,-23.5505,-46.6333
2026-05-27 08:00:00,23.3,23.3,34.8,16.6,97,0.4,333,931.9,0.0,Brazil,Sao Paulo,-23.5505,-46.6333
2026-05-27 09:00:00,25.4,25.4,37.3,15.9,99,4.0,324,931.6,0.0,Brazil,Sao Paulo,-23.5505,-46.6333
2026-05-27 10:00:00,31.5,31.5,42.6,15.7,99,4.5,307,932.0,0.0,Brazil,Sao Paulo,-23.5505,-46.6333
2026-05-27 11:00:00,36.8,36.8,48.8,16.9,98,3.5,242,933.1,0.0,Brazil,Sao Paulo,-23.5505,-46.6333
2026-05-27 12:00:00,31.7,32.4,36.6,18.3,93,4.2,220,934.7,0.0,Brazil,Sao Paulo,-23.5505,-46.6333
2026-05-27 13:00:00,20.8,21.4,28.4,20.4,84,3.6,217,935.4,0.1,Brazil,Sao Paulo,-23.5505,-46.6333
2026-05-27 14:00:00,18.1,18.7,17.2,21.7,77,5.5,216,935.2,0.0,Brazil,Sao Paulo,-23.5505,-46.6333
2026-05-27 15:00:00,17.1,17.9,9.2,22.8,70,6.6,223,934.7,0.1,Brazil,Sao Paulo,-23.5505,-46.6333
2026-05-27 16:00:00,16.5,17.5,7.0,21.6,73,8.9,193,933.8,0.1,Brazil,Sao Paulo,-23.5505,-46.6333
2026-05-27 17:00:00,15.5,16.5,8.0,20.3,81,10.4,170,933.3,0.9,Brazil,Sao Paulo,-23.5505,-46.6333
2026-05-27 18:00:00,14.1,15.0,11.3,20.0,79,9.1,166,933.7,0.2,Brazil,Sao Paulo,-23.5505,-46.6333
2026-05-27 19:00:00,13.6,15.0,18.5,18.8,83,10.5,161,933.6,0.1,Brazil,Sao Paulo,-23.5505,-46.6333
2026-05-27 20:00:00,13.8,15.3,27.9,17.5,86,8.8,157,933.9,0.0,Brazil,Sao Paulo,-23.5505,-46.6333
2026-05-27 21:00:00,13.8,15.3,33.8,16.7,88,8.0,157,934.4,0.0,Brazil,Sao Paulo,-23.5505,-46.6333
2026-05-27 22:00:00,11.7,13.4,32.8,16.2,89,8.1,162,934.5,0.0,Brazil,Sao Paulo,-23.5505,-46.6333
2026-05-27 23:00:00,10.3,12.0,28.3,15.9,89,6.0,164,934.8,0.0,Brazil,Sao Paulo,-23.5505,-46.6333
2026-05-28 00:00:00,13.4,15.0,32.4,15.8,89,5.7,156,935.5,0.0,Brazil,Sao Paulo,-23.5505,-46.6333
2026-05-28 01:00:00,11.1,12.6,29.7,15.0,92,7.8,158,935.9,0.0,Brazil,Sao Paulo,-23.5505,-46.6333
2026-05-28 02:00:00,9.7,11.2,25.9,14.4,93,6.7,156,935.6,0.0,Brazil,Sao Paulo,-23.5505,-46.6333
2026-05-28 03:00:00,9.5,10.8,22.6,14.2,93,5.4,160,935.3,0.0,Brazil,Sao Paulo,-23.5505,-46.6333
2026-05-28 04:00:00,9.4,10.7,20.3,14.5,90,6.8,169,935.0,0.0,Brazil,Sao Paulo,-23.5505,-46.6333
2026-05-28 05:00:00,9.5,10.8,18.5,13.9,94,5.2,166,934.4,0.0,Brazil,Sao Paulo,-23.5505,-46.6333
2026-05-28 06:00:00,9.1,10.6,17.4,13.1,97,3.8,180,934.5,0.0,Brazil,Sao Paulo,-23.5505,-46.6333
2026-05-28 07:00:00,8.4,10.3,17.2,12.4,99,3.1,190,934.1,0.0,Brazil,Sao Paulo,-23.5505,-46.6333
2026-05-28 08:00:00,8.4,10.1,17.6,12.0,99,3.1,190,934.0,0.0,Brazil,Sao Paulo,-23.5505,-46.6333
2026-05-28 09:00:00,9.3,11.0,18.1,11.6,100,2.3,129,934.0,0.0,Brazil,Sao Paulo,-23.5505,-46.6333
2026-05-28 10:00:00,11.2,13.1,18.7,11.5,100,2.4,132,934.6,0.0,Brazil,Sao Paulo,-23.5505,-46.6333
2026-05-28 11:00:00,11.5,13.5,19.4,11.8,99,2.8,130,935.0,0.0,Brazil,Sao Paulo,-23.5505,-46.6333
2026-05-28 12:00:00,11.6,13.6,18.6,13.6,92,3.8,115,936.1,0.0,Brazil,Sao Paulo,-23.5505,-46.6333
2026-05-28 13:00:00,13.0,15.4,16.2,15.0,83,4.8,121,936.6,0.0,Brazil,Sao Paulo,-23.5505,-46.6333
2026-05-28 14:00:00,13.4,16.2,12.8,16.3,75,6.7,121,936.3,0.0,Brazil,Sao Paulo,-23.5505,-46.6333
2026-05-28 15:00:00,14.3,17.5,10.5,18.1,63,5.6,121,935.9,0.0,Brazil,Sao Paulo,-23.5505,-46.6333
2026-05-28 16:00:00,15.5,19.0,8.9,19.1,59,4.3,135,935.3,0.0,Brazil,Sao Paulo,-23.5505,-46.6333
2026-05-28 17:00:00,16.2,19.7,8.3,19.7,56,4.4,148,934.5,0.0,Brazil,Sao Paulo,-23.5505,-46.6333
2026-05-28 18:00:00,16.4,19.7,11.6,20.3,55,6.3,153,934.2,0.0,Brazil,Sao Paulo,-23.5505,-46.6333
2026-05-28 19:00:00,16.1,19.3,22.1,19.5,60,9.2,160,933.9,0.0,Brazil,Sao Paulo,-23.5505,-46.6333
2026-05-28 20:00:00,16.3,19.3,36.5,17.5,74,11.0,159,933.9,0.0,Brazil,Sao Paulo,-23.5505,-46.6333
2026-05-28 21:00:00,19.4,21.6,47.7,15.9,85,9.3,152,934.3,0.0,Brazil,Sao Paulo,-23.5505,-46.6333
2026-05-28 22:00:00,21.0,22.7,53.1,15.0,92,8.4,152,934.4,0.0,Brazil,Sao Paulo,-23.5505,-46.6333
2026-05-28 23:00:00,20.6,22.1,55.3,14.5,94,7.3,149,934.8,0.0,Brazil,Sao Paulo,-23.5505,-46.6333
2026-05-29 00:00:00,16.1,16.9,49.2,14.9,89,7.3,140,935.6,0.0,Brazil,Sao Paulo,-23.5505,-46.6333
2026-05-29 01:00:00,13.0,14.0,43.8,14.1,93,6.2,142,935.5,0.0,Brazil,Sao Paulo,-23.5505,-46.6333
2026-05-29 02:00:00,10.2,11.3,36.2,13.6,96,5.4,132,935.5,0.0,Brazil,Sao Paulo,-23.5505,-46.6333
2026-05-29 03:00:00,10.8,11.7,29.5,13.8,97,4.8,135,935.2,0.0,Brazil,Sao Paulo,-23.5505,-46.6333
2026-05-29 04:00:00,9.8,10.5,24.5,13.9,96,6.6,131,934.9,0.0,Brazil,Sao Paulo,-23.5505,-46.6333
2026-05-29 05:00:00,8.7,9.6,20.4,14.2,92,6.5,113,934.6,0.0,Brazil,Sao Paulo,-23.5505,-46.6333
2026-05-29 06:00:00,8.2,9.1,18.0,13.8,92,6.2,111,934.6,0.0,Brazil,Sao Paulo,-23.5505,-46.6333
2026-05-29 07:00:00,8.0,8.8,18.4,13.7,92,7.3,106,934.1,0.0,Brazil,Sao Paulo,-23.5505,-46.6333
2026-05-29 08:00:00,7.9,8.7,20.6,13.4,93,6.5,96,934.0,0.0,Brazil,Sao Paulo,-23.5505,-46.6333
2026-05-29 09:00:00,8.6,9.5,22.4,13.1,95,6.9,99,934.2,0.0,Brazil,Sao Paulo,-23.5505,-46.6333
2026-05-29 10:00:00,10.5,11.5,23.5,13.0,94,7.4,97,934.8,0.0,Brazil,Sao Paulo,-23.5505,-46.6333
2026-05-29 11:00:00,11.8,12.8,24.2,13.5,91,8.3,101,935.6,0.0,Brazil,Sao Paulo,-23.5505,-46.6333
2026-05-29 12:00:00,10.2,11.4,23.6,14.6,89,8.7,97,936.5,0.0,Brazil,Sao Paulo,-23.5505,-46.6333
2026-05-29 13:00:00,10.7,11.8,20.8,16.2,80,10.5,87,937.2,0.0,Brazil,Sao Paulo,-23.5505,-46.6333
2026-05-29 14:00:00,10.9,12.4,16.9,17.7,70,10.3,92,936.9,0.0,Brazil,Sao Paulo,-23.5505,-46.6333
2026-05-29 15:00:00,11.0,12.7,14.1,18.7,65,8.5,88,936.1,0.0,Brazil,Sao Paulo,-23.5505,-46.6333
2026-05-29 16:00:00,11.4,13.2,12.5,19.6,60,6.7,90,935.4,0.0,Brazil,Sao Paulo,-23.5505,-46.6333
2026-05-29 17:00:00,12.3,14.3,12.0,20.6,55,6.3,108,934.7,0.0,Brazil,Sao Paulo,-23.5505,-46.6333
2026-05-29 18:00:00,12.9,15.1,14.6,20.3,58,9.8,133,934.5,0.0,Brazil,Sao Paulo,-23.5505,-46.6333
2026-05-29 19:00:00,13.0,15.4,23.2,19.2,66,11.3,136,934.1,0.0,Brazil,Sao Paulo,-23.5505,-46.6333
2026-05-29 20:00:00,13.4,15.8,34.8,17.1,81,11.6,141,934.2,0.0,Brazil,Sao Paulo,-23.5505,-46.6333
2026-05-29 21:00:00,16.1,18.2,42.5,15.8,88,9.5,136,934.2,0.0,Brazil,Sao Paulo,-23.5505,-46.6333
2026-05-29 22:00:00,14.0,15.9,42.9,15.3,91,9.2,129,934.3,0.0,Brazil,Sao Paulo,-23.5505,-46.6333
2026-05-29 23:00:00,12.5,14.3,39.3,14.9,92,8.0,126,934.9,0.0,Brazil,Sao Paulo,-23.5505,-46.6333
2026-05-30 00:00:00,12.0,13.8,35.2,15.4,89,9.5,119,935.4,0.0,Brazil,Sao Paulo,-23.5505,-46.6333
2026-05-30 01:00:00,11.0,12.6,32.2,15.4,89,8.7,114,935.4,0.0,Brazil,Sao Paulo,-23.5505,-46.6333
2026-05-30 02:00:00,10.9,12.5,28.1,15.4,89,8.5,108,935.0,0.0,Brazil,Sao Paulo,-23.5505,-46.6333
2026-05-30 03:00:00,10.1,11.6,24.5,14.9,93,7.2,117,934.8,0.0,Brazil,Sao Paulo,-23.5505,-46.6333
2026-05-30 04:00:00,10.3,12.0,21.9,14.7,94,6.4,106,934.5,0.0,Brazil,Sao Paulo,-23.5505,-46.6333
2026-05-30 05:00:00,9.8,11.5,19.9,14.8,93,6.3,103,934.0,0.0,Brazil,Sao Paulo,-23.5505,-46.6333
2026-05-30 06:00:00,10.1,11.8,19.1,15.0,92,6.6,101,934.0,0.0,Brazil,Sao Paulo,-23.5505,-46.6333
2026-05-30 07:00:00,10.8,12.5,20.3,15.0,93,6.0,107,933.9,0.0,Brazil,Sao Paulo,-23.5505,-46.6333
2026-05-30 08:00:00,11.5,13.3,22.8,14.9,93,6.3,103,933.6,0.0,Brazil,Sao Paulo,-23.5505,-46.6333
2026-05-30 09:00:00,12.7,14.7,25.0,14.8,92,6.5,96,934.0,0.0,Brazil,Sao Paulo,-23.5505,-46.6333
2026-05-30 10:00:00,16.1,18.0,27.0,14.9,92,6.8,88,934.6,0.0,Brazil,Sao Paulo,-23.5505,-46.6333
2026-05-30 11:00:00,17.6,19.8,28.7,15.2,91,9.4,77,934.7,0.0,Brazil,Sao Paulo,-23.5505,-46.6333
2026-05-30 12:00:00,16.7,18.3,27.0,15.8,89,5.8,85,936.0,0.0,Brazil,Sao Paulo,-23.5505,-46.6333
2026-05-30 13:00:00,22.4,22.9,23.6,16.5,86,3.2,93,936.3,0.0,Brazil,Sao Paulo,-23.5505,-46.6333
2026-05-30 14:00:00,25.2,25.5,18.9,18.3,79,2.3,51,936.1,0.0,Brazil,Sao Paulo,-23.5505,-46.6333
2026-05-30 15:00:00,25.5,25.8,15.0,19.4,76,2.6,231,935.5,0.0,Brazil,Sao Paulo,-23.5505,-46.6333
2026-05-30 16:00:00,24.0,24.2,11.5,20.8,69,5.6,228,934.7,0.1,Brazil,Sao Paulo,-23.5505,-46.6333
2026-05-30 17:00:00,21.5,21.8,8.8,20.9,68,5.0,221,933.9,0.0,Brazil,Sao Paulo,-23.5505,-46.6333
2026-05-30 18:00:00,18.6,18.9,9.8,21.7,65,3.1,242,933.5,0.0,Brazil,Sao Paulo,-23.5505,-46.6333
2026-05-30 19:00:00,16.5,16.8,18.0,21.8,63,3.8,253,933.3,0.0,Brazil,Sao Paulo,-23.5505,-46.6333
2026-05-30 20:00:00,16.8,17.1,29.9,21.1,67,5.4,268,933.4,0.0,Brazil,Sao Paulo,-23.5505,-46.6333
2026-05-30 21:00:00,20.6,21.0,38.6,20.0,72,6.2,240,933.8,0.0,Brazil,Sao Paulo,-23.5505,-46.6333
2026-05-30 22:00:00,22.1,22.8,41.4,18.2,83,9.2,184,934.2,0.1,Brazil,Sao Paulo,-23.5505,-46.6333
2026-05-30 23:00:00,20.9,21.8,41.0,16.7,94,7.0,180,934.6,0.0,Brazil,Sao Paulo,-23.5505,-46.6333
2026-05-31 00:00:00,15.4,16.4,30.1,16.7,93,6.1,183,935.3,0.0,Brazil,Sao Paulo,-23.5505,-46.6333
2026-05-31 01:00:00,13.8,14.6,26.8,16.7,91,5.8,187,935.2,0.1,Brazil,Sao Paulo,-23.5505,-46.6333
2026-05-31 02:00:00,12.5,13.5,22.2,16.6,90,4.7,176,935.1,0.0,Brazil,Sao Paulo,-23.5505,-46.6333
2026-05-31 03:00:00,10.9,11.8,18.3,16.5,90,5.4,180,934.8,0.0,Brazil,Sao Paulo,-23.5505,-46.6333
2026-05-31 04:00:00,10.0,10.9,15.9,16.3,90,5.4,184,934.3,0.1,Brazil,Sao Paulo,-23.5505,-46.6333
2026-05-31 05:00:00,9.4,10.4,14.2,16.1,90,5.2,186,934.2,0.0,Brazil,Sao Paulo,-23.5505,-46.6333
2026-05-31 06:00:00,8.6,9.7,13.4,15.2,95,5.3,190,933.8,0.0,Brazil,Sao Paulo,-23.5505,-46.6333
2026-05-31 07:00:00,8.4,9.6,14.0,14.6,97,4.7,189,933.4,0.0,Brazil,Sao Paulo,-23.5505,-46.6333
2026-05-31 08:00:00,8.4,9.8,15.4,14.7,96,3.3,171,933.2,0.0,Brazil,Sao Paulo,-23.5505,-46.6333
2026-05-31 09:00:00,8.9,10.3,16.3,15.0,93,2.8,145,933.5,0.0,Brazil,Sao Paulo,-23.5505,-46.6333
2026-05-31 10:00:00,10.8,12.3,16.2,15.1,91,3.5,125,934.0,0.0,Brazil,Sao Paulo,-23.5505,-46.6333
2026-05-31 11:00:00,11.6,13.2,15.6,15.4,88,4.4,125,934.7,0.0,Brazil,Sao Paulo,-23.5505,-46.6333
2026-05-31 12:00:00,9.5,10.2,15.2,16.5,83,5.2,134,935.7,0.0,Brazil,Sao Paulo,-23.5505,-46.6333
2026-05-31 13:00:00,11.3,12.0,13.3,17.1,79,4.0,129,936.1,0.0,Brazil,Sao Paulo,-23.5505,-46.6333
2026-05-31 14:00:00,11.5,12.4,10.7,18.2,72,2.3,135,936.1,0.0,Brazil,Sao Paulo,-23.5505,-46.6333
2026-05-31 15:00:00,11.6,12.7,8.5,19.1,67,1.7,198,935.5,0.0,Brazil,Sao Paulo,-23.5505,-46.6333
2026-05-31 16:00:00,11.6,12.7,6.4,19.8,63,3.4,223,934.7,0.0,Brazil,Sao Paulo,-23.5505,-46.6333
2026-05-31 17:00:00,11.3,12.5,4.6,20.3,60,4.1,229,934.1,0.0,Brazil,Sao Paulo,-23.5505,-46.6333
2026-05-31 18:00:00,10.7,11.8,5.6,20.5,59,5.1,234,933.9,0.0,Brazil,Sao Paulo,-23.5505,-46.6333
2026-05-31 19:00:00,10.6,11.7,11.2,20.4,57,3.6,221,933.3,0.0,Brazil,Sao Paulo,-23.5505,-46.6333
2026-05-31 20:00:00,12.1,13.1,19.5,19.2,65,6.2,165,933.0,0.0,Brazil,Sao Paulo,-23.5505,-46.6333
2026-05-31 21:00:00,15.9,16.8,26.7,16.9,85,9.3,156,933.0,0.0,Brazil,Sao Paulo,-23.5505,-46.6333
2026-05-31 22:00:00,18.0,18.8,31.2,15.8,93,6.0,141,933.1,0.0,Brazil,Sao Paulo,-23.5505,-46.6333
2026-05-31 23:00:00,20.1,20.8,34.7,15.3,94,5.5,134,933.7,0.0,Brazil,Sao Paulo,-23.5505,-46.6333
2026-06-01 00:00:00,29.9,32.1,38.4,15.2,93,3.9,118,934.0,0.0,Brazil,Sao Paulo,-23.5505,-46.6333
2026-06-01 01:00:00,36.2,38.5,42.5,14.6,95,4.2,121,933.9,0.0,Brazil,Sao Paulo,-23.5505,-46.6333
2026-06-01 02:00:00,40.4,42.7,48.1,14.4,96,3.3,99,934.0,0.0,Brazil,Sao Paulo,-23.5505,-46.6333
2026-06-01 03:00:00,43.0,45.3,51.8,14.1,97,3.4,96,934.0,0.0,Brazil,Sao Paulo,-23.5505,-46.6333
2026-06-01 04:00:00,43.3,45.6,51.7,14.0,97,3.1,114,933.8,0.0,Brazil,Sao Paulo,-23.5505,-46.6333
2026-06-01 05:00:00,41.6,43.8,49.7,13.6,99,2.8,140,933.4,0.0,Brazil,Sao Paulo,-23.5505,-46.6333
2026-06-01 06:00:00,39.9,41.4,47.8,13.5,98,2.7,113,933.3,0.0,Brazil,Sao Paulo,-23.5505,-46.6333
2026-06-01 07:00:00,39.6,40.5,46.7,13.3,98,3.0,104,932.6,0.0,Brazil,Sao Paulo,-23.5505,-46.6333
2026-06-01 08:00:00,39.5,40.3,45.8,13.2,96,3.5,78,932.3,0.0,Brazil,Sao Paulo,-23.5505,-46.6333
2026-06-01 09:00:00,41.7,42.6,45.4,13.2,96,3.2,71,932.5,0.0,Brazil,Sao Paulo,-23.5505,-46.6333
2026-06-01 10:00:00,46.4,47.1,47.1,13.1,95,3.2,90,933.0,0.0,Brazil,Sao Paulo,-23.5505,-46.6333
2026-06-01 11:00:00,51.1,51.8,49.3,13.3,94,2.8,105,933.7,0.0,Brazil,Sao Paulo,-23.5505,-46.6333
2026-06-01 12:00:00,31.5,31.8,44.1,13.9,93,4.5,124,934.7,0.0,Brazil,Sao Paulo,-23.5505,-46.6333
2026-06-01 13:00:00,42.1,42.5,36.7,14.9,88,4.8,121,935.6,0.0,Brazil,Sao Paulo,-23.5505,-46.6333
2026-06-01 14:00:00,39.9,40.2,26.4,15.8,82,4.2,115,935.6,0.0,Brazil,Sao Paulo,-23.5505,-46.6333
2026-06-01 15:00:00,32.5,32.7,18.4,17.2,73,2.8,117,935.3,0.0,Brazil,Sao Paulo,-23.5505,-46.6333
2026-06-01 16:00:00,27.6,27.9,13.8,18.6,64,1.6,180,934.7,0.0,Brazil,Sao Paulo,-23.5505,-46.6333
2026-06-01 17:00:00,25.3,25.6,11.4,19.6,59,3.2,214,934.2,0.0,Brazil,Sao Paulo,-23.5505,-46.6333
2026-06-01 18:00:00,24.1,24.4,12.9,20.2,55,4.8,193,934.0,0.0,Brazil,Sao Paulo,-23.5505,-46.6333
2026-06-01 19:00:00,21.9,22.4,21.0,19.5,57,9.1,170,933.7,0.0,Brazil,Sao Paulo,-23.5505,-46.6333
2026-06-01 20:00:00,21.6,22.1,32.9,17.3,73,11.3,160,933.9,0.0,Brazil,Sao Paulo,-23.5505,-46.6333
2026-06-01 21:00:00,23.2,23.9,41.8,15.7,83,10.5,153,934.1,0.0,Brazil,Sao Paulo,-23.5505,-46.6333
2026-06-01 22:00:00,22.9,23.6,44.7,14.7,88,8.2,148,934.2,0.0,Brazil,Sao Paulo,-23.5505,-46.6333
2026-06-01 23:00:00,22.1,22.6,44.6,13.9,89,7.7,147,934.7,0.0,Brazil,Sao Paulo,-23.5505,-46.6333
2026-06-02 00:00:00,17.0,18.3,42.6,13.7,90,7.9,159,935.5,0.0,Brazil,Sao Paulo,-23.5505,-46.6333
2026-06-02 01:00:00,19.0,20.1,40.8,13.7,92,7.6,153,935.8,0.0,Brazil,Sao Paulo,-23.5505,-46.6333
2026-06-02 02:00:00,17.6,18.9,38.2,13.5,93,7.0,151,936.0,0.0,Brazil,Sao Paulo,-23.5505,-46.6333
2026-06-02 03:00:00,16.5,17.8,35.4,13.3,93,6.1,150,935.7,0.0,Brazil,Sao Paulo,-23.5505,-46.6333
2026-06-02 04:00:00,15.9,17.6,32.4,12.8,94,4.6,141,935.6,0.0,Brazil,Sao Paulo,-23.5505,-46.6333
2026-06-02 05:00:00,15.6,17.6,29.2,12.1,97,3.1,149,935.3,0.0,Brazil,Sao Paulo,-23.5505,-46.6333
2026-06-02 06:00:00,15.9,18.3,26.9,11.5,100,2.5,172,935.0,0.0,Brazil,Sao Paulo,-23.5505,-46.6333
2026-06-02 07:00:00,15.3,17.8,26.0,11.5,99,4.8,158,934.8,0.0,Brazil,Sao Paulo,-23.5505,-46.6333
2026-06-02 08:00:00,14.8,17.2,26.0,11.3,99,4.0,159,934.7,0.0,Brazil,Sao Paulo,-23.5505,-46.6333
2026-06-02 09:00:00,15.1,17.5,25.8,11.3,99,3.9,143,934.9,0.0,Brazil,Sao Paulo,-23.5505,-46.6333
2026-06-02 10:00:00,16.6,18.9,25.6,11.7,99,5.2,134,935.6,0.0,Brazil,Sao Paulo,-23.5505,-46.6333
2026-06-02 11:00:00,15.7,17.6,25.2,12.6,96,6.5,138,936.4,0.0,Brazil,Sao Paulo,-23.5505,-46.6333
2026-06-02 12:00:00,9.8,11.0,21.0,14.4,86,9.4,137,937.5,0.0,Brazil,Sao Paulo,-23.5505,-46.6333
2026-06-02 13:00:00,10.0,11.5,17.6,16.2,72,8.8,133,938.2,0.0,Brazil,Sao Paulo,-23.5505,-46.6333
2026-06-02 14:00:00,10.2,11.9,12.9,18.4,59,8.6,120,938.3,0.0,Brazil,Sao Paulo,-23.5505,-46.6333
2026-06-02 15:00:00,11.1,12.9,9.6,19.5,54,8.2,112,937.8,0.0,Brazil,Sao Paulo,-23.5505,-46.6333
2026-06-02 16:00:00,11.3,13.1,7.8,19.8,51,7.3,118,937.1,0.0,Brazil,Sao Paulo,-23.5505,-46.6333
2026-06-02 17:00:00,10.9,12.6,7.4,20.1,50,7.4,131,936.8,0.0,Brazil,Sao Paulo,-23.5505,-46.6333
2026-06-02 18:00:00,10.8,12.5,10.3,20.1,52,10.5,149,937.0,0.0,Brazil,Sao Paulo,-23.5505,-46.6333
2026-06-02 19:00:00,10.4,12.1,20.0,18.1,67,12.0,152,936.7,0.0,Brazil,Sao Paulo,-23.5505,-46.6333
2026-06-02 20:00:00,11.6,13.3,33.2,16.6,77,11.7,155,936.6,0.0,Brazil,Sao Paulo,-23.5505,-46.6333
2026-06-02 21:00:00,14.7,16.2,41.4,15.4,86,10.1,145,936.9,0.0,Brazil,Sao Paulo,-23.5505,-46.6333
2026-06-02 22:00:00,16.4,17.7,40.0,14.8,89,9.7,138,937.1,0.0,Brazil,Sao Paulo,-23.5505,-46.6333
2026-06-02 23:00:00,14.4,15.9,33.7,14.6,90,10.0,142,937.5,0.0,Brazil,Sao Paulo,-23.5505,-46.6333
2026-06-03 00:00:00,7.7,9.1,22.4,15.3,88,9.7,140,938.1,0.0,Brazil,Sao Paulo,-23.5505,-46.6333
2026-06-03 01:00:00,7.2,8.1,23.2,15.1,88,9.4,138,938.3,0.0,Brazil,Sao Paulo,-23.5505,-46.6333
2026-06-03 02:00:00,7.3,8.1,24.2,14.8,90,8.8,136,938.5,0.0,Brazil,Sao Paulo,-23.5505,-46.6333
2026-06-03 03:00:00,7.2,7.8,24.3,14.9,90,8.8,134,938.1,0.0,Brazil,Sao Paulo,-23.5505,-46.6333
2026-06-03 04:00:00,7.3,8.0,22.5,15.0,89,8.1,133,938.2,0.0,Brazil,Sao Paulo,-23.5505,-46.6333
2026-06-03 05:00:00,7.5,8.3,19.9,14.9,89,7.4,137,938.1,0.0,Brazil,Sao Paulo,-23.5505,-46.6333
2026-06-03 06:00:00,7.1,7.9,18.5,14.2,94,6.4,140,937.8,0.0,Brazil,Sao Paulo,-23.5505,-46.6333
2026-06-03 07:00:00,7.2,8.1,19.3,14.2,93,6.9,127,937.3,0.0,Brazil,Sao Paulo,-23.5505,-46.6333
2026-06-03 08:00:00,8.3,9.2,21.3,14.1,92,6.3,125,937.2,0.0,Brazil,Sao Paulo,-23.5505,-46.6333
2026-06-03 09:00:00,9.7,10.7,23.4,14.2,90,7.0,122,937.4,0.0,Brazil,Sao Paulo,-23.5505,-46.6333
2026-06-03 10:00:00,13.5,14.7,26.0,14.2,89,7.8,122,938.0,0.0,Brazil,Sao Paulo,-23.5505,-46.6333
2026-06-03 11:00:00,13.5,15.0,28.6,14.7,86,8.4,115,938.8,0.0,Brazil,Sao Paulo,-23.5505,-46.6333
2026-06-03 12:00:00,9.2,10.1,24.2,16.2,82,8.6,100,940.0,0.0,Brazil,Sao Paulo,-23.5505,-46.6333
2026-06-03 13:00:00,10.4,11.5,20.8,17.7,72,8.4,99,940.4,0.0,Brazil,Sao Paulo,-23.5505,-46.6333
2026-06-03 14:00:00,10.0,11.3,16.2,19.0,64,9.0,87,940.3,0.0,Brazil,Sao Paulo,-23.5505,-46.6333
2026-06-03 15:00:00,10.4,11.8,12.8,20.0,58,9.0,75,939.9,0.0,Brazil,Sao Paulo,-23.5505,-46.6333
2026-06-03 16:00:00,12.1,13.3,10.3,20.9,54,8.0,67,939.2,0.0,Brazil,Sao Paulo,-23.5505,-46.6333
2026-06-03 17:00:00,10.9,11.8,9.0,21.6,50,6.6,77,938.6,0.0,Brazil,Sao Paulo,-23.5505,-46.6333
2026-06-03 18:00:00,11.4,12.3,12.2,22.0,48,8.0,138,938.8,0.0,Brazil,Sao Paulo,-23.5505,-46.6333
2026-06-03 19:00:00,12.3,13.4,24.3,20.0,64,12.2,153,938.5,0.0,Brazil,Sao Paulo,-23.5505,-46.6333
2026-06-03 20:00:00,14.4,15.4,41.0,17.8,79,12.4,147,938.7,0.0,Brazil,Sao Paulo,-23.5505,-46.6333
2026-06-03 21:00:00,17.0,17.8,52.7,16.6,86,10.2,139,939.1,0.0,Brazil,Sao Paulo,-23.5505,-46.6333
2026-06-03 22:00:00,16.7,17.3,54.6,16.1,88,9.0,136,939.0,0.0,Brazil,Sao Paulo,-23.5505,-46.6333
2026-06-03 23:00:00,16.0,16.5,51.5,16.1,88,9.3,126,939.3,0.0,Brazil,Sao Paulo,-23.5505,-46.6333
2026-06-04 00:00:00,12.3,13.1,36.1,15.8,87,7.7,118,939.9,0.0,Brazil,Sao Paulo,-23.5505,-46.6333
2026-06-04 01:00:00,15.0,15.5,36.1,15.6,89,8.1,129,940.1,0.0,Brazil,Sao Paulo,-23.5505,-46.6333
2026-06-04 02:00:00,14.6,15.1,36.1,15.4,90,7.8,119,940.2,0.0,Brazil,Sao Paulo,-23.5505,-46.6333
2026-06-04 03:00:00,13.4,14.0,35.6,15.0,91,7.6,112,940.1,0.0,Brazil,Sao Paulo,-23.5505,-46.6333
2026-06-04 04:00:00,12.7,13.4,34.1,15.0,91,7.4,108,939.8,0.0,Brazil,Sao Paulo,-23.5505,-46.6333
2026-06-04 05:00:00,12.7,13.3,32.0,14.8,91,7.1,106,939.6,0.0,Brazil,Sao Paulo,-23.5505,-46.6333
2026-06-04 06:00:00,12.0,12.6,30.3,14.6,92,7.0,108,939.8,0.0,Brazil,Sao Paulo,-23.5505,-46.6333
2026-06-04 07:00:00,10.6,11.3,29.2,14.4,93,7.0,102,939.5,0.0,Brazil,Sao Paulo,-23.5505,-46.6333
2026-06-04 08:00:00,11.3,11.8,28.6,14.3,92,8.1,93,939.2,0.0,Brazil,Sao Paulo,-23.5505,-46.6333
2026-06-04 09:00:00,12.3,13.1,28.2,14.3,92,7.7,91,939.4,0.0,Brazil,Sao Paulo,-23.5505,-46.6333
2026-06-04 10:00:00,15.3,16.1,28.9,14.0,93,7.0,93,939.9,0.0,Brazil,Sao Paulo,-23.5505,-46.6333
2026-06-04 11:00:00,13.5,14.5,30.0,14.2,91,8.8,86,940.4,0.0,Brazil,Sao Paulo,-23.5505,-46.6333
2026-06-04 12:00:00,14.1,14.2,27.7,15.6,84,10.2,81,941.6,0.0,Brazil,Sao Paulo,-23.5505,-46.6333
2026-06-04 13:00:00,15.7,15.7,23.7,17.6,71,9.9,86,942.2,0.0,Brazil,Sao Paulo,-23.5505,-46.6333
2026-06-04 14:00:00,12.8,12.9,18.2,19.1,61,10.4,90,942.0,0.0,Brazil,Sao Paulo,-23.5505,-46.6333
2026-06-04 15:00:00,11.1,11.2,14.0,20.5,53,10.3,88,941.7,0.0,Brazil,Sao Paulo,-23.5505,-46.6333
2026-06-04 16:00:00,9.7,9.8,11.2,21.3,50,9.0,84,940.8,0.0,Brazil,Sao Paulo,-23.5505,-46.6333
2026-06-04 17:00:00,13.1,13.3,9.7,22.4,45,7.8,83,940.1,0.0,Brazil,Sao Paulo,-23.5505,-46.6333
2026-06-04 18:00:00,9.3,9.8,12.1,22.3,48,10.3,117,940.1,0.0,Brazil,Sao Paulo,-23.5505,-46.6333
2026-06-04 19:00:00,10.8,11.9,21.5,19.9,66,12.7,133,939.6,0.0,Brazil,Sao Paulo,-23.5505,-46.6333
2026-06-04 20:00:00,11.1,12.2,34.8,18.4,75,11.2,127,939.5,0.0,Brazil,Sao Paulo,-23.5505,-46.6333
2026-06-04 21:00:00,14.8,15.9,44.7,17.3,81,11.1,126,939.6,0.0,Brazil,Sao Paulo,-23.5505,-46.6333
2026-06-04 22:00:00,15.8,17.3,48.2,16.3,87,10.1,123,939.5,0.0,Brazil,Sao Paulo,-23.5505,-46.6333
2026-06-04 23:00:00,17.3,18.3,48.3,15.6,90,9.3,117,939.7,0.0,Brazil,Sao Paulo,-23.5505,-46.6333
2026-06-05 00:00:00,13.2,14.3,42.8,15.2,91,9.7,114,940.1,0.0,Brazil,Sao Paulo,-23.5505,-46.6333
2026-06-05 01:00:00,10.8,12.1,38.3,14.8,92,9.3,106,940.1,0.0,Brazil,Sao Paulo,-23.5505,-46.6333
2026-06-05 02:00:00,10.9,12.2,32.1,14.4,92,9.4,102,939.9,0.0,Brazil,Sao Paulo,-23.5505,-46.6333
2026-06-05 03:00:00,10.4,11.8,26.7,14.0,94,9.4,102,939.6,0.0,Brazil,Sao Paulo,-23.5505,-46.6333
2026-06-05 04:00:00,9.5,10.7,23.0,13.9,93,9.2,102,939.2,0.0,Brazil,Sao Paulo,-23.5505,-46.6333
2026-06-05 05:00:00,8.9,10.1,20.2,13.7,93,9.0,103,938.8,0.0,Brazil,Sao Paulo,-23.5505,-46.6333
2026-06-05 06:00:00,8.3,9.3,18.7,13.1,96,8.1,103,938.6,0.0,Brazil,Sao Paulo,-23.5505,-46.6333
2026-06-05 07:00:00,7.8,8.7,19.4,12.4,98,8.4,97,938.0,0.0,Brazil,Sao Paulo,-23.5505,-46.6333
2026-06-05 08:00:00,7.9,8.8,21.5,12.0,97,8.1,93,937.6,0.0,Brazil,Sao Paulo,-23.5505,-46.6333
2026-06-05 09:00:00,8.6,9.4,22.9,11.7,97,6.3,87,937.8,0.0,Brazil,Sao Paulo,-23.5505,-46.6333
2026-06-05 10:00:00,11.6,12.4,23.0,11.5,97,6.5,85,938.1,0.0,Brazil,Sao Paulo,-23.5505,-46.6333
2026-06-05 11:00:00,10.0,11.1,22.5,12.4,91,6.0,85,938.5,0.0,Brazil,Sao Paulo,-23.5505,-46.6333
2026-06-05 12:00:00,8.5,9.2,17.1,14.8,78,10.1,89,940.0,0.0,Brazil,Sao Paulo,-23.5505,-46.6333
2026-06-05 13:00:00,9.2,10.3,14.6,16.7,66,10.6,90,940.6,0.0,Brazil,Sao Paulo,-23.5505,-46.6333
2026-06-05 14:00:00,9.5,10.9,11.2,17.7,62,9.9,90,940.2,0.0,Brazil,Sao Paulo,-23.5505,-46.6333
2026-06-05 15:00:00,9.8,11.6,8.7,18.7,55,8.5,88,939.5,0.0,Brazil,Sao Paulo,-23.5505,-46.6333
2026-06-05 16:00:00,10.4,12.5,6.6,19.8,49,7.0,80,938.4,0.0,Brazil,Sao Paulo,-23.5505,-46.6333
2026-06-05 17:00:00,11.5,13.9,5.5,20.6,46,4.6,72,937.6,0.0,Brazil,Sao Paulo,-23.5505,-46.6333
2026-06-05 18:00:00,12.2,14.8,9.0,21.0,45,4.0,82,937.6,0.0,Brazil,Sao Paulo,-23.5505,-46.6333
2026-06-05 19:00:00,13.1,15.9,21.0,21.1,44,4.3,118,937.1,0.0,Brazil,Sao Paulo,-23.5505,-46.6333
2026-06-05 20:00:00,15.0,18.0,37.5,18.9,56,10.5,151,936.9,0.0,Brazil,Sao Paulo,-23.5505,-46.6333
2026-06-05 21:00:00,19.3,21.8,50.2,15.9,80,11.4,152,936.7,0.0,Brazil,Sao Paulo,-23.5505,-46.6333
2026-06-05 22:00:00,21.5,23.6,55.4,15.1,86,6.9,147,936.5,0.0,Brazil,Sao Paulo,-23.5505,-46.6333
2026-06-05 23:00:00,22.9,25.1,56.8,14.7,89,6.6,135,936.4,0.0,Brazil,Sao Paulo,-23.5505,-46.6333
2026-06-06 00:00:00,23.0,25.6,53.9,14.8,88,8.0,136,937.1,0.0,Brazil,Sao Paulo,-23.5505,-46.6333
2026-06-06 01:00:00,21.8,24.4,53.2,14.9,86,5.3,135,937.1,0.0,Brazil,Sao Paulo,-23.5505,-46.6333
2026-06-06 02:00:00,22.1,24.4,52.2,14.6,86,3.9,103,937.0,0.0,Brazil,Sao Paulo,-23.5505,-46.6333
2026-06-06 03:00:00,22.6,24.9,51.1,14.0,89,5.8,68,936.0,0.0,Brazil,Sao Paulo,-23.5505,-46.6333
2026-06-06 04:00:00,23.4,25.7,49.9,13.4,92,4.3,88,935.3,0.0,Brazil,Sao Paulo,-23.5505,-46.6333
2026-06-06 05:00:00,23.3,25.7,48.6,12.9,92,4.3,135,934.9,0.0,Brazil,Sao Paulo,-23.5505,-46.6333
2026-06-06 06:00:00,22.8,25.0,47.5,12.6,91,3.3,84,934.8,0.0,Brazil,Sao Paulo,-23.5505,-46.6333
2026-06-06 07:00:00,22.4,24.7,47.1,12.1,92,3.1,59,934.2,0.0,Brazil,Sao Paulo,-23.5505,-46.6333
2026-06-06 08:00:00,23.2,26.0,47.0,11.9,90,3.8,49,933.7,0.0,Brazil,Sao Paulo,-23.5505,-46.6333
2026-06-06 09:00:00,25.1,28.1,45.7,11.6,91,4.8,48,933.4,0.0,Brazil,Sao Paulo,-23.5505,-46.6333
2026-06-06 10:00:00,28.1,31.2,42.8,11.5,92,5.1,39,933.6,0.0,Brazil,Sao Paulo,-23.5505,-46.6333
2026-06-06 11:00:00,29.0,32.5,38.8,12.1,86,3.8,25,933.9,0.0,Brazil,Sao Paulo,-23.5505,-46.6333
2026-06-06 12:00:00,21.9,23.9,29.3,13.9,80,3.9,344,935.0,0.0,Brazil,Sao Paulo,-23.5505,-46.6333
2026-06-06 13:00:00,26.0,27.0,23.6,16.5,68,4.0,306,935.4,0.0,Brazil,Sao Paulo,-23.5505,-46.6333
2026-06-06 14:00:00,22.5,22.9,15.8,18.8,56,5.3,305,934.9,0.0,Brazil,Sao Paulo,-23.5505,-46.6333
2026-06-06 15:00:00,17.7,17.9,9.7,20.6,46,6.8,288,934.4,0.0,Brazil,Sao Paulo,-23.5505,-46.6333
2026-06-06 16:00:00,14.6,14.8,5.6,21.6,40,7.6,278,933.7,0.0,Brazil,Sao Paulo,-23.5505,-46.6333
2026-06-06 17:00:00,13.3,13.4,3.2,22.2,39,8.3,274,932.9,0.0,Brazil,Sao Paulo,-23.5505,-46.6333
2026-06-06 18:00:00,12.7,12.9,6.3,22.5,37,8.6,268,932.8,0.0,Brazil,Sao Paulo,-23.5505,-46.6333
2026-06-06 19:00:00,13.6,13.7,19.3,21.7,38,10.1,275,932.4,0.0,Brazil,Sao Paulo,-23.5505,-46.6333
2026-06-06 20:00:00,17.8,18.0,37.7,20.2,41,10.6,285,932.0,0.0,Brazil,Sao Paulo,-23.5505,-46.6333
2026-06-06 21:00:00,27.8,28.1,51.4,18.4,48,9.9,295,931.9,0.0,Brazil,Sao Paulo,-23.5505,-46.6333
2026-06-06 22:00:00,32.6,32.8,56.1,17.3,56,8.5,295,931.9,0.0,Brazil,Sao Paulo,-23.5505,-46.6333
2026-06-06 23:00:00,36.4,36.6,56.1,16.5,61,8.0,288,932.2,0.0,Brazil,Sao Paulo,-23.5505,-46.6333
2026-06-07 00:00:00,31.0,31.1,58.3,16.0,68,6.5,293,932.8,0.0,Brazil,Sao Paulo,-23.5505,-46.6333
2026-06-07 01:00:00,29.1,29.2,53.2,14.8,74,6.0,307,932.5,0.0,Brazil,Sao Paulo,-23.5505,-46.6333
2026-06-07 02:00:00,27.8,27.9,46.1,14.1,77,5.7,302,932.4,0.0,Brazil,Sao Paulo,-23.5505,-46.6333
2026-06-07 03:00:00,27.1,27.1,40.0,13.5,79,5.9,308,932.1,0.0,Brazil,Sao Paulo,-23.5505,-46.6333
2026-06-07 04:00:00,26.3,26.4,35.9,13.1,80,5.9,305,931.7,0.0,Brazil,Sao Paulo,-23.5505,-46.6333
2026-06-07 05:00:00,25.6,25.7,32.6,12.6,82,6.0,307,931.1,0.0,Brazil,Sao Paulo,-23.5505,-46.6333
2026-06-07 06:00:00,24.9,25.0,30.2,11.8,84,5.4,312,931.1,0.0,Brazil,Sao Paulo,-23.5505,-46.6333
2026-06-07 07:00:00,24.2,24.3,28.8,11.2,86,6.6,315,930.6,0.0,Brazil,Sao Paulo,-23.5505,-46.6333
2026-06-07 08:00:00,23.9,23.9,28.2,11.0,85,6.1,315,930.3,0.0,Brazil,Sao Paulo,-23.5505,-46.6333
2026-06-07 09:00:00,24.4,24.5,27.2,10.6,85,5.2,314,930.2,0.0,Brazil,Sao Paulo,-23.5505,-46.6333
2026-06-07 10:00:00,28.1,28.2,25.8,10.3,86,5.0,314,930.5,0.0,Brazil,Sao Paulo,-23.5505,-46.6333
2026-06-07 11:00:00,32.4,32.6,24.1,12.4,75,4.1,308,931.4,0.0,Brazil,Sao Paulo,-23.5505,-46.6333
2026-06-07 12:00:00,12.3,12.4,20.6,15.6,65,1.6,333,933.2,0.0,Brazil,Sao Paulo,-23.5505,-46.6333
2026-06-07 13:00:00,11.0,11.2,16.3,18.1,52,1.5,291,933.8,0.0,Brazil,Sao Paulo,-23.5505,-46.6333
2026-06-07 14:00:00,10.2,10.2,10.4,19.8,44,0.9,281,933.6,0.0,Brazil,Sao Paulo,-23.5505,-46.6333
2026-06-07 15:00:00,11.1,11.1,6.0,21.2,38,1.1,252,933.1,0.0,Brazil,Sao Paulo,-23.5505,-46.6333
2026-06-07 16:00:00,11.6,11.6,3.4,22.1,34,2.3,238,932.4,0.0,Brazil,Sao Paulo,-23.5505,-46.6333
2026-06-07 17:00:00,11.8,11.8,2.3,22.5,34,4.0,238,931.7,0.0,Brazil,Sao Paulo,-23.5505,-46.6333
2026-06-07 18:00:00,12.0,12.0,5.0,22.8,32,4.3,228,931.9,0.0,Brazil,Sao Paulo,-23.5505,-46.6333
2026-06-07 19:00:00,12.7,12.7,14.0,22.5,33,4.9,246,931.8,0.0,Brazil,Sao Paulo,-23.5505,-46.6333
2026-06-07 20:00:00,17.3,17.3,26.9,21.7,35,5.8,254,932.1,0.0,Brazil,Sao Paulo,-23.5505,-46.6333
2026-06-07 21:00:00,27.1,27.1,38.7,20.0,41,2.6,146,932.2,0.0,Brazil,Sao Paulo,-23.5505,-46.6333
2026-06-07 22:00:00,36.0,36.0,47.4,18.7,47,5.4,105,932.3,0.0,Brazil,Sao Paulo,-23.5505,-46.6333
2026-06-07 23:00:00,43.9,43.9,55.1,17.4,62,5.0,90,932.7,0.0,Brazil,Sao Paulo,-23.5505,-46.6333
2026-06-08 00:00:00,44.7,44.7,61.3,16.3,76,3.8,79,933.6,0.0,Brazil,Sao Paulo,-23.5505,-46.6333
2026-06-08 01:00:00,58.1,58.3,67.0,15.3,82,3.4,87,933.6,0.0,Brazil,Sao Paulo,-23.5505,-46.6333
2026-06-08 02:00:00,65.7,65.7,74.8,14.7,85,4.4,99,933.5,0.0,Brazil,Sao Paulo,-23.5505,-46.6333
2026-06-08 03:00:00,68.9,69.2,79.7,14.1,88,5.2,84,933.1,0.0,Brazil,Sao Paulo,-23.5505,-46.6333
2026-06-08 04:00:00,69.6,69.6,79.0,13.5,89,5.8,76,932.6,0.0,Brazil,Sao Paulo,-23.5505,-46.6333
2026-06-08 05:00:00,68.5,68.5,75.3,12.9,89,6.2,64,932.3,0.0,Brazil,Sao Paulo,-23.5505,-46.6333
2026-06-08 06:00:00,67.8,67.8,71.8,12.4,89,6.3,55,932.3,0.0,Brazil,Sao Paulo,-23.5505,-46.6333
2026-06-08 07:00:00,65.2,65.2,69.1,11.8,89,7.0,48,931.9,0.0,Brazil,Sao Paulo,-23.5505,-46.6333
2026-06-08 08:00:00,64.0,64.0,66.5,11.3,89,5.5,52,931.9,0.0,Brazil,Sao Paulo,-23.5505,-46.6333
2026-06-08 09:00:00,64.3,64.3,65.5,10.5,92,5.6,57,932.0,0.0,Brazil,Sao Paulo,-23.5505,-46.6333
2026-06-08 10:00:00,70.3,70.3,69.5,9.2,99,5.6,50,932.2,0.0,Brazil,Sao Paulo,-23.5505,-46.6333
2026-06-08 11:00:00,76.1,76.1,75.0,10.4,94,3.3,61,933.1,0.0,Brazil,Sao Paulo,-23.5505,-46.6333
2026-06-08 12:00:00,25.5,25.5,63.4,13.0,80,2.1,75,934.6,0.0,Brazil,Sao Paulo,-23.5505,-46.6333
2026-06-08 13:00:00,20.3,20.4,48.8,17.0,61,2.2,95,935.5,0.0,Brazil,Sao Paulo,-23.5505,-46.6333
2026-06-08 14:00:00,15.8,15.8,28.6,20.4,46,2.4,17,935.5,0.0,Brazil,Sao Paulo,-23.5505,-46.6333
2026-06-08 15:00:00,11.7,11.7,13.2,22.3,34,6.6,323,934.7,0.0,Brazil,Sao Paulo,-23.5505,-46.6333
2026-06-08 16:00:00,8.1,8.1,5.1,23.1,31,10.4,314,933.8,0.0,Brazil,Sao Paulo,-23.5505,-46.6333
2026-06-08 17:00:00,6.8,6.8,1.8,23.1,33,10.5,321,933.3,0.0,Brazil,Sao Paulo,-23.5505,-46.6333
2026-06-08 18:00:00,6.1,6.1,6.6,23.7,31,9.6,323,932.7,0.0,Brazil,Sao Paulo,-23.5505,-46.6333
2026-06-08 19:00:00,6.4,6.4,25.6,23.2,32,9.7,318,932.6,0.0,Brazil,Sao Paulo,-23.5505,-46.6333
2026-06-08 20:00:00,12.3,12.3,52.6,22.0,36,8.6,303,932.7,0.0,Brazil,Sao Paulo,-23.5505,-46.6333
2026-06-08 21:00:00,22.1,22.2,72.1,20.3,44,7.3,277,932.9,0.0,Brazil,Sao Paulo,-23.5505,-46.6333
2026-06-08 22:00:00,27.9,28.0,76.4,19.3,51,6.1,267,932.8,0.0,Brazil,Sao Paulo,-23.5505,-46.6333
2026-06-08 23:00:00,30.4,30.6,73.2,18.6,56,5.8,256,933.1,0.0,Brazil,Sao Paulo,-23.5505,-46.6333
2026-06-09 00:00:00,43.9,44.2,84.8,18.1,59,3.7,259,933.3,0.0,Brazil,Sao Paulo,-23.5505,-46.6333
2026-06-09 01:00:00,42.3,42.7,84.7,17.1,64,4.7,279,933.3,0.0,Brazil,Sao Paulo,-23.5505,-46.6333
2026-06-09 02:00:00,39.1,39.6,84.1,16.4,68,2.8,281,932.8,0.0,Brazil,Sao Paulo,-23.5505,-46.6333
2026-06-09 03:00:00,35.0,35.5,80.7,15.5,72,2.1,329,932.3,0.0,Brazil,Sao Paulo,-23.5505,-46.6333
2026-06-09 04:00:00,31.9,32.4,71.9,14.3,77,5.2,4,931.9,0.0,Brazil,Sao Paulo,-23.5505,-46.6333
2026-06-09 05:00:00,30.3,30.7,60.2,13.5,81,2.7,332,931.2,0.0,Brazil,Sao Paulo,-23.5505,-46.6333
2026-06-09 06:00:00,29.3,29.7,51.5,12.9,83,2.5,330,931.1,0.0,Brazil,Sao Paulo,-23.5505,-46.6333
2026-06-09 07:00:00,28.9,29.3,48.0,12.1,85,3.4,335,930.6,0.0,Brazil,Sao Paulo,-23.5505,-46.6333
2026-06-09 08:00:00,29.2,29.6,47.4,11.8,86,3.1,320,930.5,0.0,Brazil,Sao Paulo,-23.5505,-46.6333
2026-06-09 09:00:00,30.3,30.7,48.4,11.4,88,3.5,305,930.6,0.0,Brazil,Sao Paulo,-23.5505,-46.6333
2026-06-09 10:00:00,35.3,35.9,53.6,11.4,86,3.9,313,931.0,0.0,Brazil,Sao Paulo,-23.5505,-46.6333
2026-06-09 11:00:00,41.6,42.4,60.4,13.2,76,4.6,347,931.7,0.0,Brazil,Sao Paulo,-23.5505,-46.6333
2026-06-09 12:00:00,30.3,30.6,46.2,17.2,59,2.9,349,933.4,0.0,Brazil,Sao Paulo,-23.5505,-46.6333
2026-06-09 13:00:00,21.9,21.9,36.2,20.1,49,6.1,317,934.2,0.0,Brazil,Sao Paulo,-23.5505,-46.6333
2026-06-09 14:00:00,17.7,17.7,22.3,21.6,43,9.9,308,934.1,0.0,Brazil,Sao Paulo,-23.5505,-46.6333
2026-06-09 15:00:00,15.0,15.0,11.9,22.4,41,10.7,305,933.3,0.0,Brazil,Sao Paulo,-23.5505,-46.6333
2026-06-09 16:00:00,13.4,13.4,6.1,23.0,36,12.7,297,932.3,0.0,Brazil,Sao Paulo,-23.5505,-46.6333
2026-06-09 17:00:00,12.8,12.8,3.7,23.3,33,12.8,292,931.7,0.0,Brazil,Sao Paulo,-23.5505,-46.6333
2026-06-09 18:00:00,12.7,12.7,8.7,23.6,31,11.8,279,931.5,0.0,Brazil,Sao Paulo,-23.5505,-46.6333
2026-06-09 19:00:00,13.2,13.2,27.1,22.9,34,10.5,282,931.1,0.0,Brazil,Sao Paulo,-23.5505,-46.6333
2026-06-09 20:00:00,18.0,18.0,53.0,21.8,39,8.8,289,931.2,0.0,Brazil,Sao Paulo,-23.5505,-46.6333
2026-06-09 21:00:00,27.8,27.9,71.9,20.3,48,6.0,286,931.2,0.0,Brazil,Sao Paulo,-23.5505,-46.6333
2026-06-09 22:00:00,37.0,37.0,77.4,19.2,56,4.7,302,930.7,0.0,Brazil,Sao Paulo,-23.5505,-46.6333
2026-06-09 23:00:00,40.5,40.6,75.9,18.6,59,5.3,278,931.2,0.0,Brazil,Sao Paulo,-23.5505,-46.6333
2026-06-10 00:00:00,46.6,46.9,93.3,18.1,62,5.8,304,931.8,0.0,Brazil,Sao Paulo,-23.5505,-46.6333
2026-06-10 01:00:00,42.3,42.6,84.9,17.1,65,7.1,315,931.7,0.0,Brazil,Sao Paulo,-23.5505,-46.6333
2026-06-10 02:00:00,38.8,39.1,73.1,16.2,70,4.8,315,931.4,0.0,Brazil,Sao Paulo,-23.5505,-46.6333
2026-06-10 03:00:00,36.0,36.3,62.2,15.6,71,4.9,321,930.9,0.0,Brazil,Sao Paulo,-23.5505,-46.6333
2026-06-10 04:00:00,33.5,33.8,52.9,15.1,72,4.8,318,930.6,0.0,Brazil,Sao Paulo,-23.5505,-46.6333
2026-06-10 05:00:00,31.5,31.8,44.4,14.5,74,5.0,325,930.3,0.0,Brazil,Sao Paulo,-23.5505,-46.6333
2026-06-10 06:00:00,30.4,30.6,39.0,13.4,80,3.5,336,930.0,0.0,Brazil,Sao Paulo,-23.5505,-46.6333
2026-06-10 07:00:00,29.9,30.3,37.7,12.7,83,2.7,337,929.4,0.0,Brazil,Sao Paulo,-23.5505,-46.6333
2026-06-10 08:00:00,31.1,31.5,39.4,12.3,87,0.3,315,929.2,0.0,Brazil,Sao Paulo,-23.5505,-46.6333
2026-06-10 09:00:00,34.7,35.3,42.9,12.1,88,0.6,342,929.4,0.0,Brazil,Sao Paulo,-23.5505,-46.6333
2026-06-10 10:00:00,44.6,45.3,50.4,12.0,87,0.8,333,930.1,0.0,Brazil,Sao Paulo,-23.5505,-46.6333
2026-06-10 11:00:00,59.3,60.3,59.7,13.6,80,1.3,45,931.0,0.0,Brazil,Sao Paulo,-23.5505,-46.6333
2026-06-10 12:00:00,37.8,39.6,66.8,16.5,66,3.0,57,932.6,0.0,Brazil,Sao Paulo,-23.5505,-46.6333
2026-06-10 13:00:00,41.4,43.1,56.1,18.8,56,3.1,80,933.4,0.0,Brazil,Sao Paulo,-23.5505,-46.6333
2026-06-10 14:00:00,42.4,43.4,41.2,20.9,47,3.1,69,933.1,0.0,Brazil,Sao Paulo,-23.5505,-46.6333
2026-06-10 15:00:00,38.3,38.6,29.5,22.5,42,1.5,54,932.3,0.0,Brazil,Sao Paulo,-23.5505,-46.6333
2026-06-10 16:00:00,33.2,33.4,23.0,23.6,39,0.7,360,931.6,0.0,Brazil,Sao Paulo,-23.5505,-46.6333
2026-06-10 17:00:00,29.0,29.3,19.7,24.3,37,1.2,321,930.7,0.0,Brazil,Sao Paulo,-23.5505,-46.6333
2026-06-10 18:00:00,27.4,27.6,20.6,24.5,35,3.6,290,930.4,0.0,Brazil,Sao Paulo,-23.5505,-46.6333
2026-06-10 19:00:00,26.0,26.8,28.5,24.1,35,4.5,256,930.4,0.0,Brazil,Sao Paulo,-23.5505,-46.6333
2026-06-10 20:00:00,28.7,29.6,40.5,21.7,48,7.1,170,930.4,0.0,Brazil,Sao Paulo,-23.5505,-46.6333
2026-06-10 21:00:00,22.4,23.2,49.4,18.2,80,10.2,156,930.8,0.1,Brazil,Sao Paulo,-23.5505,-46.6333
2026-06-10 22:00:00,12.3,12.5,51.3,17.3,83,4.7,157,931.1,0.1,Brazil,Sao Paulo,-23.5505,-46.6333
2026-06-10 23:00:00,11.3,11.6,50.0,17.5,83,3.4,133,931.0,0.2,Brazil,Sao Paulo,-23.5505,-46.6333
2026-06-11 00:00:00,16.9,17.2,50.8,17.0,89,1.9,202,932.6,0.4,Brazil,Sao Paulo,-23.5505,-46.6333
2026-06-11 01:00:00,19.0,19.1,55.9,16.8,93,2.3,94,932.3,1.9,Brazil,Sao Paulo,-23.5505,-46.6333
2026-06-11 02:00:00,18.2,18.3,62.6,16.7,95,2.2,90,931.9,1.1,Brazil,Sao Paulo,-23.5505,-46.6333
2026-06-11 03:00:00,19.0,19.0,65.8,16.6,96,2.8,45,931.7,0.3,Brazil,Sao Paulo,-23.5505,-46.6333
2026-06-11 04:00:00,20.2,20.3,62.3,16.6,97,3.8,25,931.5,0.5,Brazil,Sao Paulo,-23.5505,-46.6333
2026-06-11 05:00:00,20.4,20.5,55.2,16.4,93,4.6,349,931.4,1.2,Brazil,Sao Paulo,-23.5505,-46.6333
2026-06-11 06:00:00,21.5,21.5,48.9,15.9,91,5.1,328,931.5,1.0,Brazil,Sao Paulo,-23.5505,-46.6333
2026-06-11 07:00:00,19.9,20.0,43.9,15.6,91,5.5,316,931.4,1.7,Brazil,Sao Paulo,-23.5505,-46.6333
2026-06-11 08:00:00,21.3,21.4,39.6,15.3,92,6.4,333,930.8,1.0,Brazil,Sao Paulo,-23.5505,-46.6333
2026-06-11 09:00:00,13.8,13.9,38.5,15.1,93,8.1,339,930.8,0.5,Brazil,Sao Paulo,-23.5505,-46.6333
2026-06-11 10:00:00,17.9,18.0,44.5,15.1,93,6.0,323,931.5,0.3,Brazil,Sao Paulo,-23.5505,-46.6333
2026-06-11 11:00:00,22.4,22.5,53.7,15.3,92,5.4,334,931.9,0.2,Brazil,Sao Paulo,-23.5505,-46.6333
2026-06-11 12:00:00,23.1,23.2,49.0,16.2,93,4.6,324,932.7,0.1,Brazil,Sao Paulo,-23.5505,-46.6333
2026-06-11 13:00:00,21.2,21.5,43.3,16.4,92,6.6,334,933.2,0.2,Brazil,Sao Paulo,-23.5505,-46.6333
2026-06-11 14:00:00,17.6,17.8,35.3,17.0,89,7.6,332,933.0,0.2,Brazil,Sao Paulo,-23.5505,-46.6333
2026-06-11 15:00:00,15.5,15.7,28.6,18.2,78,11.9,297,932.7,0.1,Brazil,Sao Paulo,-23.5505,-46.6333
2026-06-11 16:00:00,14.4,14.6,22.7,18.7,75,10.6,298,932.0,0.0,Brazil,Sao Paulo,-23.5505,-46.6333
2026-06-11 17:00:00,11.6,11.7,18.1,19.0,72,9.3,299,931.1,0.0,Brazil,Sao Paulo,-23.5505,-46.6333
2026-06-11 18:00:00,11.2,11.3,19.5,18.6,76,7.1,308,930.9,0.0,Brazil,Sao Paulo,-23.5505,-46.6333
2026-06-11 19:00:00,11.6,11.7,31.8,18.7,76,4.8,307,930.6,0.1,Brazil,Sao Paulo,-23.5505,-46.6333
2026-06-11 20:00:00,15.5,15.6,50.1,18.4,79,4.3,315,930.7,0.0,Brazil,Sao Paulo,-23.5505,-46.6333
2026-06-11 21:00:00,26.0,26.3,64.0,17.3,84,3.1,347,930.7,0.0,Brazil,Sao Paulo,-23.5505,-46.6333
2026-06-11 22:00:00,32.0,32.5,68.8,16.7,86,6.2,8,931.0,0.0,Brazil,Sao Paulo,-23.5505,-46.6333
2026-06-11 23:00:00,35.3,35.7,69.3,16.2,88,6.5,3,931.3,0.0,Brazil,Sao Paulo,-23.5505,-46.6333
2026-06-12 00:00:00,46.6,47.1,67.9,16.2,91,4.5,37,931.5,0.0,Brazil,Sao Paulo,-23.5505,-46.6333
2026-06-12 01:00:00,47.4,47.7,65.9,15.5,93,5.6,15,931.6,0.0,Brazil,Sao Paulo,-23.5505,-46.6333
2026-06-12 02:00:00,44.9,45.3,62.8,15.1,93,5.7,18,931.1,0.0,Brazil,Sao Paulo,-23.5505,-46.6333
2026-06-12 03:00:00,41.8,42.0,58.3,14.9,91,6.2,17,930.5,0.0,Brazil,Sao Paulo,-23.5505,-46.6333
2026-06-12 04:00:00,38.9,39.2,51.3,14.9,88,5.9,27,929.7,0.0,Brazil,Sao Paulo,-23.5505,-46.6333
2026-06-12 05:00:00,36.2,36.4,42.9,14.6,87,3.3,9,929.2,0.0,Brazil,Sao Paulo,-23.5505,-46.6333
2026-06-12 06:00:00,32.4,32.6,35.9,14.3,88,3.9,13,929.4,0.0,Brazil,Sao Paulo,-23.5505,-46.6333
2026-06-12 07:00:00,27.6,27.8,31.0,14.5,84,7.0,13,929.0,0.0,Brazil,Sao Paulo,-23.5505,-46.6333
2026-06-12 08:00:00,21.7,21.8,27.4,14.4,82,7.7,24,928.1,0.0,Brazil,Sao Paulo,-23.5505,-46.6333
2026-06-12 09:00:00,16.2,16.4,25.6,14.7,80,7.3,17,927.7,0.0,Brazil,Sao Paulo,-23.5505,-46.6333
2026-06-12 10:00:00,13.9,14.3,27.0,14.9,80,7.9,13,928.2,0.0,Brazil,Sao Paulo,-23.5505,-46.6333
2026-06-12 11:00:00,14.4,14.8,30.3,16.8,74,9.4,358,928.9,0.0,Brazil,Sao Paulo,-23.5505,-46.6333
2026-06-12 12:00:00,8.2,8.4,33.5,15.7,88,9.5,314,930.7,0.0,Brazil,Sao Paulo,-23.5505,-46.6333
2026-06-12 13:00:00,6.2,6.4,26.9,15.7,90,13.6,345,930.5,1.7,Brazil,Sao Paulo,-23.5505,-46.6333
2026-06-12 14:00:00,7.6,7.8,17.8,17.9,85,14.0,336,930.6,0.3,Brazil,Sao Paulo,-23.5505,-46.6333
2026-06-12 15:00:00,8.6,8.8,11.1,18.4,81,20.7,330,930.0,0.1,Brazil,Sao Paulo,-23.5505,-46.6333
2026-06-12 16:00:00,7.9,8.1,9.0,19.0,79,18.9,336,928.6,0.2,Brazil,Sao Paulo,-23.5505,-46.6333
2026-06-12 17:00:00,6.7,6.8,9.4,19.9,74,23.0,334,927.6,0.3,Brazil,Sao Paulo,-23.5505,-46.6333
2026-06-12 18:00:00,7.0,7.1,10.9,19.7,76,21.0,328,927.8,0.0,Brazil,Sao Paulo,-23.5505,-46.6333
2026-06-12 19:00:00,6.9,6.9,14.0,19.8,78,17.5,331,927.3,0.1,Brazil,Sao Paulo,-23.5505,-46.6333
2026-06-12 20:00:00,6.3,6.4,18.3,19.2,81,21.9,330,926.9,0.0,Brazil,Sao Paulo,-23.5505,-46.6333
2026-06-12 21:00:00,6.9,7.0,21.2,18.0,86,19.6,326,927.3,0.0,Brazil,Sao Paulo,-23.5505,-46.6333
2026-06-12 22:00:00,7.2,7.3,21.4,17.6,89,20.0,330,927.1,0.0,Brazil,Sao Paulo,-23.5505,-46.6333
2026-06-12 23:00:00,7.2,7.3,20.2,17.8,90,22.4,328,927.7,0.0,Brazil,Sao Paulo,-23.5505,-46.6333
2026-06-13 00:00:00,6.2,6.4,15.2,19.2,83,16.5,310,928.5,0.0,Brazil,Sao Paulo,-23.5505,-46.6333
2026-06-13 01:00:00,6.8,6.9,14.5,19.0,85,16.4,312,928.8,0.0,Brazil,Sao Paulo,-23.5505,-46.6333
2026-06-13 02:00:00,6.9,7.1,13.4,17.8,88,18.9,328,928.9,0.0,Brazil,Sao Paulo,-23.5505,-46.6333
2026-06-13 03:00:00,7.4,7.6,12.4,16.9,90,19.9,327,928.1,0.0,Brazil,Sao Paulo,-23.5505,-46.6333
2026-06-13 04:00:00,8.1,8.3,11.5,17.0,91,19.5,326,928.4,0.0,Brazil,Sao Paulo,-23.5505,-46.6333
2026-06-13 05:00:00,6.5,6.7,10.7,17.1,92,16.5,323,928.5,0.0,Brazil,Sao Paulo,-23.5505,-46.6333
2026-06-13 06:00:00,4.9,5.0,10.1,16.8,91,14.0,319,929.1,0.0,Brazil,Sao Paulo,-23.5505,-46.6333
2026-06-13 07:00:00,3.7,3.8,9.7,16.2,90,16.5,329,928.9,0.0,Brazil,Sao Paulo,-23.5505,-46.6333
2026-06-13 08:00:00,2.6,2.7,9.5,15.4,95,14.0,336,929.4,1.6,Brazil,Sao Paulo,-23.5505,-46.6333
2026-06-13 09:00:00,2.3,2.4,9.8,15.5,95,14.7,332,929.9,0.5,Brazil,Sao Paulo,-23.5505,-46.6333
2026-06-13 10:00:00,3.0,3.0,11.3,15.5,95,13.6,330,930.4,0.1,Brazil,Sao Paulo,-23.5505,-46.6333
2026-06-13 11:00:00,4.1,4.2,13.2,16.2,94,14.1,325,931.4,0.0,Brazil,Sao Paulo,-23.5505,-46.6333
2026-06-13 12:00:00,4.8,5.0,12.8,17.4,87,13.6,331,932.8,0.0,Brazil,Sao Paulo,-23.5505,-46.6333
2026-06-13 13:00:00,3.5,3.6,10.7,18.1,84,13.1,327,933.2,0.0,Brazil,Sao Paulo,-23.5505,-46.6333
2026-06-13 14:00:00,3.6,3.7,7.9,19.0,80,16.2,310,932.6,0.0,Brazil,Sao Paulo,-23.5505,-46.6333
2026-06-13 15:00:00,3.4,3.5,6.1,20.1,73,15.8,305,932.1,0.1,Brazil,Sao Paulo,-23.5505,-46.6333
2026-06-13 16:00:00,2.6,2.7,5.3,21.1,66,17.6,299,931.3,0.1,Brazil,Sao Paulo,-23.5505,-46.6333
2026-06-13 17:00:00,2.8,2.9,5.4,22.0,59,18.1,293,930.8,0.3,Brazil,Sao Paulo,-23.5505,-46.6333
2026-06-13 18:00:00,3.3,3.4,8.2,21.4,65,15.5,296,930.7,0.1,Brazil,Sao Paulo,-23.5505,-46.6333
2026-06-13 19:00:00,4.6,4.8,16.1,20.6,68,14.3,291,930.7,0.0,Brazil,Sao Paulo,-23.5505,-46.6333
2026-06-13 20:00:00,7.0,7.3,26.8,19.5,75,12.3,299,931.0,0.0,Brazil,Sao Paulo,-23.5505,-46.6333
2026-06-13 21:00:00,10.4,10.8,34.5,18.3,82,11.4,305,931.3,0.1,Brazil,Sao Paulo,-23.5505,-46.6333
2026-06-13 22:00:00,12.7,13.0,36.8,17.4,88,8.7,302,931.6,0.0,Brazil,Sao Paulo,-23.5505,-46.6333
2026-06-13 23:00:00,11.1,11.5,36.1,17.1,90,8.6,300,932.2,0.0,Brazil,Sao Paulo,-23.5505,-46.6333
2026-06-14 00:00:00,10.9,11.3,23.0,17.0,93,10.5,301,933.1,0.0,Brazil,Sao Paulo,-23.5505,-46.6333
2026-06-14 01:00:00,10.3,10.6,21.6,16.5,95,9.1,300,933.2,0.6,Brazil,Sao Paulo,-23.5505,-46.6333
2026-06-14 02:00:00,8.8,9.0,19.7,16.4,95,8.5,305,932.9,0.4,Brazil,Sao Paulo,-23.5505,-46.6333
2026-06-14 03:00:00,8.4,8.6,18.1,15.8,97,4.7,298,932.3,0.0,Brazil,Sao Paulo,-23.5505,-46.6333
2026-06-14 04:00:00,8.6,8.7,17.2,16.1,97,3.7,284,932.0,0.0,Brazil,Sao Paulo,-23.5505,-46.6333
2026-06-14 05:00:00,9.0,9.1,16.6,16.3,96,4.6,261,931.9,0.0,Brazil,Sao Paulo,-23.5505,-46.6333
2026-06-14 06:00:00,7.5,7.6,16.5,16.9,97,7.2,273,932.3,0.0,Brazil,Sao Paulo,-23.5505,-46.6333
2026-06-14 07:00:00,7.8,7.9,17.3,16.9,97,3.5,285,932.1,0.0,Brazil,Sao Paulo,-23.5505,-46.6333
2026-06-14 08:00:00,7.8,8.0,18.5,16.9,96,4.4,351,932.1,0.1,Brazil,Sao Paulo,-23.5505,-46.6333
2026-06-14 09:00:00,8.8,9.1,19.1,16.8,95,7.9,360,932.3,0.1,Brazil,Sao Paulo,-23.5505,-46.6333
2026-06-14 10:00:00,11.8,12.1,18.6,16.8,95,6.3,360,932.6,0.0,Brazil,Sao Paulo,-23.5505,-46.6333
2026-06-14 11:00:00,14.6,15.1,17.5,17.1,94,9.0,350,933.2,0.1,Brazil,Sao Paulo,-23.5505,-46.6333
2026-06-14 12:00:00,16.9,17.6,15.9,18.5,86,11.8,326,933.9,0.0,Brazil,Sao Paulo,-23.5505,-46.6333
2026-06-14 13:00:00,17.2,17.9,13.6,19.5,80,13.4,321,934.1,0.1,Brazil,Sao Paulo,-23.5505,-46.6333
2026-06-14 14:00:00,14.1,14.6,10.5,20.4,75,14.6,325,933.7,0.1,Brazil,Sao Paulo,-23.5505,-46.6333
2026-06-14 15:00:00,12.1,12.6,8.4,21.3,70,13.3,322,933.0,0.0,Brazil,Sao Paulo,-23.5505,-46.6333
2026-06-14 16:00:00,11.6,11.8,7.9,21.5,68,13.8,317,932.2,0.0,Brazil,Sao Paulo,-23.5505,-46.6333
2026-06-14 17:00:00,10.6,10.8,8.4,21.7,67,15.3,318,931.9,0.0,Brazil,Sao Paulo,-23.5505,-46.6333
2026-06-14 18:00:00,10.2,10.3,9.9,21.2,68,15.4,313,931.7,0.0,Brazil,Sao Paulo,-23.5505,-46.6333
2026-06-14 19:00:00,10.5,10.7,13.1,20.6,71,12.8,310,931.5,0.0,Brazil,Sao Paulo,-23.5505,-46.6333
2026-06-14 20:00:00,10.4,10.6,17.2,20.0,75,9.2,305,931.9,0.0,Brazil,Sao Paulo,-23.5505,-46.6333
2026-06-14 21:00:00,12.3,12.5,20.2,19.6,78,8.8,309,932.3,0.0,Brazil,Sao Paulo,-23.5505,-46.6333
2026-06-14 22:00:00,13.1,13.3,20.8,19.2,83,7.8,304,932.6,0.0,Brazil,Sao Paulo,-23.5505,-46.6333
2026-06-14 23:00:00,14.6,14.7,20.3,18.7,86,6.9,301,932.4,0.0,Brazil,Sao Paulo,-23.5505,-46.6333
2026-06-15 00:00:00,12.0,12.2,19.9,17.1,94,7.3,310,932.8,0.0,Brazil,Sao Paulo,-23.5505,-46.6333
2026-06-15 01:00:00,12.8,13.0,22.9,16.7,96,7.6,262,933.1,0.4,Brazil,Sao Paulo,-23.5505,-46.6333
2026-06-15 02:00:00,12.0,12.2,26.9,16.1,96,4.8,222,932.7,0.3,Brazil,Sao Paulo,-23.5505,-46.6333
2026-06-15 03:00:00,13.6,13.8,29.6,16.3,94,2.7,172,932.6,0.2,Brazil,Sao Paulo,-23.5505,-46.6333
2026-06-15 04:00:00,14.1,14.3,29.7,16.2,95,3.9,193,932.5,1.1,Brazil,Sao Paulo,-23.5505,-46.6333
2026-06-15 05:00:00,14.4,14.6,28.4,16.1,97,5.3,215,932.3,6.9,Brazil,Sao Paulo,-23.5505,-46.6333
2026-06-15 06:00:00,8.0,8.2,26.8,16.3,98,5.7,217,932.1,1.0,Brazil,Sao Paulo,-23.5505,-46.6333
2026-06-15 07:00:00,4.5,4.6,24.9,16.4,99,4.9,231,931.9,0.4,Brazil,Sao Paulo,-23.5505,-46.6333
2026-06-15 08:00:00,2.7,2.7,22.7,16.3,97,5.8,219,932.0,1.6,Brazil,Sao Paulo,-23.5505,-46.6333
2026-06-15 09:00:00,2.7,2.7,21.7,16.0,97,5.6,182,932.1,1.4,Brazil,Sao Paulo,-23.5505,-46.6333
2026-06-15 10:00:00,3.5,3.5,23.2,15.8,97,6.4,164,932.8,0.3,Brazil,Sao Paulo,-23.5505,-46.6333
2026-06-15 11:00:00,4.2,4.3,25.9,15.9,95,7.7,152,933.1,0.2,Brazil,Sao Paulo,-23.5505,-46.6333
2026-06-15 12:00:00,8.5,9.0,27.1,16.2,93,9.2,160,934.2,0.1,Brazil,Sao Paulo,-23.5505,-46.6333
2026-06-15 13:00:00,8.1,8.7,25.3,16.6,90,9.5,159,934.5,0.2,Brazil,Sao Paulo,-23.5505,-46.6333
2026-06-15 14:00:00,7.7,8.3,22.8,16.8,87,8.7,150,934.4,0.2,Brazil,Sao Paulo,-23.5505,-46.6333
2026-06-15 15:00:00,7.2,7.8,20.8,16.3,88,8.4,145,933.8,0.2,Brazil,Sao Paulo,-23.5505,-46.6333
2026-06-15 16:00:00,7.5,8.0,19.3,16.2,87,8.7,143,932.8,0.1,Brazil,Sao Paulo,-23.5505,-46.6333
2026-06-15 17:00:00,7.2,7.8,18.2,16.1,87,8.3,141,932.4,0.1,Brazil,Sao Paulo,-23.5505,-46.6333
2026-06-15 18:00:00,6.0,6.4,19.2,15.7,88,8.9,140,932.3,0.0,Brazil,Sao Paulo,-23.5505,-46.6333
2026-06-15 19:00:00,5.6,6.0,24.0,15.4,90,8.8,141,932.1,1.0,Brazil,Sao Paulo,-23.5505,-46.6333
2026-06-15 20:00:00,6.0,6.5,30.8,15.1,90,8.1,133,932.0,0.2,Brazil,Sao Paulo,-23.5505,-46.6333
2026-06-15 21:00:00,6.3,6.7,35.4,14.8,93,7.4,148,932.2,0.4,Brazil,Sao Paulo,-23.5505,-46.6333
2026-06-15 22:00:00,5.1,5.4,35.9,14.6,95,7.1,146,932.5,0.9,Brazil,Sao Paulo,-23.5505,-46.6333
2026-06-15 23:00:00,5.3,5.5,34.1,14.4,96,7.4,146,933.1,0.3,Brazil,Sao Paulo,-23.5505,-46.6333
2026-06-16 00:00:00,4.5,5.0,27.1,14.3,97,6.4,148,933.4,0.1,Brazil,Sao Paulo,-23.5505,-46.6333
2026-06-16 01:00:00,5.1,5.4,26.5,14.3,96,9.0,157,933.6,0.0,Brazil,Sao Paulo,-23.5505,-46.6333
2026-06-16 02:00:00,4.9,5.1,25.6,14.3,96,7.8,158,933.7,0.1,Brazil,Sao Paulo,-23.5505,-46.6333
2026-06-16 03:00:00,4.7,4.9,24.3,14.2,96,5.9,153,933.3,0.0,Brazil,Sao Paulo,-23.5505,-46.6333
2026-06-16 04:00:00,4.3,4.6,22.2,14.2,96,5.1,153,932.7,0.0,Brazil,Sao Paulo,-23.5505,-46.6333
2026-06-16 05:00:00,4.6,4.9,19.6,14.1,97,5.6,149,932.1,0.0,Brazil,Sao Paulo,-23.5505,-46.6333
2026-06-16 06:00:00,4.8,5.3,18.0,14.1,96,6.8,158,932.5,0.0,Brazil,Sao Paulo,-23.5505,-46.6333
2026-06-16 07:00:00,5.2,5.7,17.6,14.0,96,6.5,161,932.2,0.0,Brazil,Sao Paulo,-23.5505,-46.6333
2026-06-16 08:00:00,5.5,6.1,18.2,14.0,96,6.4,158,932.2,0.0,Brazil,Sao Paulo,-23.5505,-46.6333
2026-06-16 09:00:00,6.1,6.8,19.7,14.1,96,5.3,152,932.2,0.1,Brazil,Sao Paulo,-23.5505,-46.6333
2026-06-16 10:00:00,8.5,9.3,23.5,14.1,96,4.3,158,932.6,0.0,Brazil,Sao Paulo,-23.5505,-46.6333
2026-06-16 11:00:00,10.4,11.4,28.3,14.4,94,4.5,164,933.3,0.0,Brazil,Sao Paulo,-23.5505,-46.6333
2026-06-16 12:00:00,8.2,9.0,24.0,15.4,89,7.5,159,934.1,0.0,Brazil,Sao Paulo,-23.5505,-46.6333
2026-06-16 13:00:00,8.9,9.7,22.6,15.9,86,7.6,172,934.9,0.1,Brazil,Sao Paulo,-23.5505,-46.6333
2026-06-16 14:00:00,10.7,11.6,20.6,16.1,85,7.2,174,934.8,0.2,Brazil,Sao Paulo,-23.5505,-46.6333
2026-06-16 15:00:00,11.6,12.8,18.8,16.2,84,6.2,173,934.1,0.3,Brazil,Sao Paulo,-23.5505,-46.6333
2026-06-16 16:00:00,11.4,12.8,15.5,16.4,82,5.4,186,933.4,0.1,Brazil,Sao Paulo,-23.5505,-46.6333
2026-06-16 17:00:00,11.9,13.4,12.4,17.0,79,5.5,199,933.0,0.2,Brazil,Sao Paulo,-23.5505,-46.6333
2026-06-16 18:00:00,13.0,14.9,14.9,17.6,75,6.3,182,933.1,0.0,Brazil,Sao Paulo,-23.5505,-46.6333
2026-06-16 19:00:00,13.7,15.9,28.5,17.6,75,5.8,164,933.0,0.0,Brazil,Sao Paulo,-23.5505,-46.6333
2026-06-16 20:00:00,15.8,17.9,47.8,16.8,80,6.4,144,932.9,0.0,Brazil,Sao Paulo,-23.5505,-46.6333
2026-06-16 21:00:00,21.0,22.7,61.9,15.3,90,6.8,148,933.0,0.0,Brazil,Sao Paulo,-23.5505,-46.6333
2026-06-16 22:00:00,22.7,24.3,65.8,14.3,95,4.9,152,933.1,0.0,Brazil,Sao Paulo,-23.5505,-46.6333
2026-06-16 23:00:00,25.0,26.8,64.6,13.8,97,5.3,152,933.3,0.0,Brazil,Sao Paulo,-23.5505,-46.6333
2026-06-17 00:00:00,24.8,25.9,63.8,13.9,96,3.3,144,934.0,0.0,Brazil,Sao Paulo,-23.5505,-46.6333
2026-06-17 01:00:00,29.7,30.6,62.4,13.7,95,3.2,137,934.2,0.0,Brazil,Sao Paulo,-23.5505,-46.6333
2026-06-17 02:00:00,30.7,31.3,60.4,13.9,92,2.3,113,934.3,0.0,Brazil,Sao Paulo,-23.5505,-46.6333
2026-06-17 03:00:00,29.3,30.0,58.6,13.7,93,2.2,95,934.1,0.0,Brazil,Sao Paulo,-23.5505,-46.6333
2026-06-17 04:00:00,29.5,30.2,57.3,13.3,96,1.6,90,933.7,0.0,Brazil,Sao Paulo,-23.5505,-46.6333
2026-06-17 05:00:00,29.4,30.2,56.3,13.4,93,1.4,67,933.6,0.0,Brazil,Sao Paulo,-23.5505,-46.6333
2026-06-17 06:00:00,29.3,30.2,55.4,12.4,95,2.2,48,933.7,0.0,Brazil,Sao Paulo,-23.5505,-46.6333
2026-06-17 07:00:00,28.6,29.6,54.7,11.6,98,3.2,52,933.3,0.0,Brazil,Sao Paulo,-23.5505,-46.6333
2026-06-17 08:00:00,28.1,29.3,54.2,10.8,100,3.3,36,933.0,0.0,Brazil,Sao Paulo,-23.5505,-46.6333
2026-06-17 09:00:00,29.1,30.3,53.8,10.4,99,2.2,5,933.4,0.0,Brazil,Sao Paulo,-23.5505,-46.6333
2026-06-17 10:00:00,31.8,32.9,54.8,10.0,99,0.3,225,933.9,0.0,Brazil,Sao Paulo,-23.5505,-46.6333
2026-06-17 11:00:00,35.3,36.2,55.9,10.7,100,0.6,252,934.7,0.0,Brazil,Sao Paulo,-23.5505,-46.6333
2026-06-17 12:00:00,34.3,34.3,47.5,12.2,96,0.7,360,936.2,0.0,Brazil,Sao Paulo,-23.5505,-46.6333
2026-06-17 13:00:00,35.3,35.3,38.1,13.3,88,1.9,49,936.6,0.0,Brazil,Sao Paulo,-23.5505,-46.6333
2026-06-17 14:00:00,29.7,29.7,25.0,15.2,76,1.0,112,936.8,0.0,Brazil,Sao Paulo,-23.5505,-46.6333
2026-06-17 15:00:00,23.4,23.5,14.9,16.6,69,1.3,172,936.3,0.0,Brazil,Sao Paulo,-23.5505,-46.6333
2026-06-17 16:00:00,19.2,19.2,8.5,17.7,57,3.2,199,935.7,0.0,Brazil,Sao Paulo,-23.5505,-46.6333
2026-06-17 17:00:00,16.6,16.7,5.0,18.2,47,4.3,208,935.4,0.0,Brazil,Sao Paulo,-23.5505,-46.6333
2026-06-17 18:00:00,15.6,15.7,9.2,18.9,39,5.3,204,935.6,0.0,Brazil,Sao Paulo,-23.5505,-46.6333
2026-06-17 19:00:00,15.4,15.5,27.0,18.5,42,2.7,212,935.4,0.0,Brazil,Sao Paulo,-23.5505,-46.6333
2026-06-17 20:00:00,18.5,18.6,52.5,17.7,53,0.2,270,935.4,0.0,Brazil,Sao Paulo,-23.5505,-46.6333
2026-06-17 21:00:00,28.2,28.3,72.2,16.3,60,6.1,140,935.4,0.0,Brazil,Sao Paulo,-23.5505,-46.6333
2026-06-17 22:00:00,34.7,34.8,80.6,14.8,89,9.7,153,935.9,0.0,Brazil,Sao Paulo,-23.5505,-46.6333
2026-06-17 23:00:00,37.7,37.7,83.2,13.9,94,6.6,151,936.2,0.0,Brazil,Sao Paulo,-23.5505,-46.6333
2026-06-18 00:00:00,35.0,35.3,83.9,12.9,92,4.8,135,936.6,0.0,Brazil,Sao Paulo,-23.5505,-46.6333
2026-06-18 01:00:00,49.7,49.7,78.8,12.1,91,5.6,135,936.6,0.0,Brazil,Sao Paulo,-23.5505,-46.6333
2026-06-18 02:00:00,48.4,48.4,71.5,11.5,89,5.5,136,936.7,0.0,Brazil,Sao Paulo,-23.5505,-46.6333
2026-06-18 03:00:00,45.8,45.9,64.4,11.1,88,5.0,125,936.5,0.0,Brazil,Sao Paulo,-23.5505,-46.6333
2026-06-18 04:00:00,42.7,42.7,57.8,10.7,89,5.0,109,936.3,0.0,Brazil,Sao Paulo,-23.5505,-46.6333
2026-06-18 05:00:00,39.7,39.8,51.3,10.4,91,5.5,107,936.0,0.0,Brazil,Sao Paulo,-23.5505,-46.6333
2026-06-18 06:00:00,37.3,37.4,46.2,10.2,94,5.5,103,936.5,0.0,Brazil,Sao Paulo,-23.5505,-46.6333
2026-06-18 07:00:00,34.9,35.0,43.5,9.6,99,6.5,96,936.1,0.0,Brazil,Sao Paulo,-23.5505,-46.6333
2026-06-18 08:00:00,33.3,33.6,42.2,9.9,100,7.2,103,936.2,0.0,Brazil,Sao Paulo,-23.5505,-46.6333
2026-06-18 09:00:00,32.2,32.6,40.2,10.3,98,8.0,115,936.7,0.0,Brazil,Sao Paulo,-23.5505,-46.6333
2026-06-18 10:00:00,31.3,32.2,37.0,10.5,94,8.1,114,937.1,0.0,Brazil,Sao Paulo,-23.5505,-46.6333
2026-06-18 11:00:00,22.1,24.3,33.1,10.8,92,8.7,114,937.5,0.0,Brazil,Sao Paulo,-23.5505,-46.6333
2026-06-18 12:00:00,11.2,12.6,20.7,12.7,81,9.1,105,938.5,0.0,Brazil,Sao Paulo,-23.5505,-46.6333
2026-06-18 13:00:00,12.2,14.1,17.2,14.0,71,7.9,106,939.0,0.0,Brazil,Sao Paulo,-23.5505,-46.6333
2026-06-18 14:00:00,11.8,13.8,12.4,15.3,62,8.6,101,939.0,0.0,Brazil,Sao Paulo,-23.5505,-46.6333
2026-06-18 15:00:00,12.0,14.6,8.9,16.5,55,8.9,103,938.4,0.0,Brazil,Sao Paulo,-23.5505,-46.6333
2026-06-18 16:00:00,12.4,15.3,7.0,17.4,49,9.4,107,937.5,0.0,Brazil,Sao Paulo,-23.5505,-46.6333
2026-06-18 17:00:00,13.2,16.3,6.4,17.8,44,9.6,113,936.9,0.0,Brazil,Sao Paulo,-23.5505,-46.6333
2026-06-18 18:00:00,13.7,17.1,9.3,18.2,42,9.3,117,937.1,0.0,Brazil,Sao Paulo,-23.5505,-46.6333
2026-06-18 19:00:00,14.0,17.5,18.5,17.6,45,9.6,130,936.6,0.0,Brazil,Sao Paulo,-23.5505,-46.6333
2026-06-18 20:00:00,14.6,18.0,31.1,15.8,58,11.1,137,936.5,0.0,Brazil,Sao Paulo,-23.5505,-46.6333
2026-06-18 21:00:00,17.0,19.7,41.4,13.8,75,10.6,132,936.2,0.0,Brazil,Sao Paulo,-23.5505,-46.6333
2026-06-18 22:00:00,20.0,22.4,47.0,12.7,82,9.7,118,936.2,0.0,Brazil,Sao Paulo,-23.5505,-46.6333
2026-06-18 23:00:00,22.1,24.4,50.2,12.1,87,8.8,99,936.4,0.0,Brazil,Sao Paulo,-23.5505,-46.6333
2026-06-19 00:00:00,19.0,20.1,50.2,11.6,90,7.9,93,937.3,0.0,Brazil,Sao Paulo,-23.5505,-46.6333
2026-06-19 01:00:00,20.4,21.8,50.3,11.1,93,8.5,89,936.9,0.0,Brazil,Sao Paulo,-23.5505,-46.6333
2026-06-19 02:00:00,20.6,22.2,50.1,10.7,95,9.3,82,936.5,0.0,Brazil,Sao Paulo,-23.5505,-46.6333
2026-06-19 03:00:00,18.4,20.0,47.9,10.6,95,10.1,78,936.0,0.0,Brazil,Sao Paulo,-23.5505,-46.6333
2026-06-19 04:00:00,15.7,17.3,41.6,10.6,92,11.6,71,935.8,0.0,Brazil,Sao Paulo,-23.5505,-46.6333
2026-06-19 05:00:00,13.5,14.9,33.2,10.5,92,12.3,68,935.5,0.0,Brazil,Sao Paulo,-23.5505,-46.6333
2026-06-19 06:00:00,11.8,13.0,27.2,10.1,95,11.2,64,935.5,0.0,Brazil,Sao Paulo,-23.5505,-46.6333
2026-06-19 07:00:00,10.4,11.5,25.4,9.9,97,10.4,60,934.8,0.0,Brazil,Sao Paulo,-23.5505,-46.6333
2026-06-19 08:00:00,9.7,10.7,25.9,9.7,98,9.8,59,934.1,0.0,Brazil,Sao Paulo,-23.5505,-46.6333
2026-06-19 09:00:00,10.3,11.2,27.5,9.8,95,8.8,64,933.7,0.0,Brazil,Sao Paulo,-23.5505,-46.6333
2026-06-19 10:00:00,14.3,15.2,31.5,9.6,94,7.4,67,933.9,0.0,Brazil,Sao Paulo,-23.5505,-46.6333
2026-06-19 11:00:00,20.1,21.1,36.7,10.3,91,5.4,70,934.5,0.0,Brazil,Sao Paulo,-23.5505,-46.6333
2026-06-19 12:00:00,16.9,17.3,36.8,12.0,89,6.4,74,935.2,0.0,Brazil,Sao Paulo,-23.5505,-46.6333
2026-06-19 13:00:00,14.3,14.5,29.3,15.3,75,5.0,77,935.6,0.0,Brazil,Sao Paulo,-23.5505,-46.6333
2026-06-19 14:00:00,12.4,12.4,19.0,18.6,64,3.7,39,935.4,0.0,Brazil,Sao Paulo,-23.5505,-46.6333
2026-06-19 15:00:00,10.4,10.4,11.3,21.6,49,7.8,347,934.8,0.0,Brazil,Sao Paulo,-23.5505,-46.6333
2026-06-19 16:00:00,7.9,7.9,6.7,22.9,45,13.3,339,933.8,0.0,Brazil,Sao Paulo,-23.5505,-46.6333
2026-06-19 17:00:00,6.8,6.9,4.7,23.2,42,14.1,338,933.0,0.0,Brazil,Sao Paulo,-23.5505,-46.6333
2026-06-19 18:00:00,6.4,6.5,8.8,23.3,43,13.3,333,933.1,0.0,Brazil,Sao Paulo,-23.5505,-46.6333
2026-06-19 19:00:00,7.9,7.9,24.4,22.7,47,11.0,336,932.8,0.0,Brazil,Sao Paulo,-23.5505,-46.6333
2026-06-19 20:00:00,12.2,12.2,46.1,21.1,56,7.6,342,932.5,0.0,Brazil,Sao Paulo,-23.5505,-46.6333
2026-06-19 21:00:00,19.7,19.7,61.5,19.1,67,5.9,2,932.2,0.0,Brazil,Sao Paulo,-23.5505,-46.6333
2026-06-19 22:00:00,23.0,23.1,64.8,18.4,69,6.7,9,931.7,0.0,Brazil,Sao Paulo,-23.5505,-46.6333
2026-06-19 23:00:00,22.5,22.6,61.8,18.0,68,7.8,7,931.8,0.0,Brazil,Sao Paulo,-23.5505,-46.6333
2026-06-20 00:00:00,25.1,25.3,76.2,16.6,78,5.2,27,931.7,0.0,Brazil,Sao Paulo,-23.5505,-46.6333
2026-06-20 01:00:00,21.1,21.2,66.3,16.1,77,5.8,9,931.7,0.0,Brazil,Sao Paulo,-23.5505,-46.6333
2026-06-20 02:00:00,17.5,17.6,52.6,15.9,74,5.4,356,931.7,0.0,Brazil,Sao Paulo,-23.5505,-46.6333
2026-06-20 03:00:00,14.9,15.0,41.2,15.6,75,3.8,352,931.5,0.0,Brazil,Sao Paulo,-23.5505,-46.6333
2026-06-20 04:00:00,12.9,13.0,35.0,15.4,76,2.5,360,931.4,0.0,Brazil,Sao Paulo,-23.5505,-46.6333
2026-06-20 05:00:00,11.3,11.4,31.1,14.6,79,2.1,20,930.4,0.0,Brazil,Sao Paulo,-23.5505,-46.6333
2026-06-20 06:00:00,9.6,9.7,27.7,14.3,80,3.1,21,930.7,0.0,Brazil,Sao Paulo,-23.5505,-46.6333
2026-06-20 07:00:00,8.0,8.1,23.5,13.7,82,4.1,29,930.0,0.0,Brazil,Sao Paulo,-23.5505,-46.6333
2026-06-20 08:00:00,6.5,6.6,19.7,13.4,83,5.6,25,929.6,0.0,Brazil,Sao Paulo,-23.5505,-46.6333
2026-06-20 09:00:00,5.9,6.0,18.0,13.5,82,6.2,15,929.5,0.0,Brazil,Sao Paulo,-23.5505,-46.6333
2026-06-20 10:00:00,7.7,7.8,20.7,13.8,79,5.3,8,929.8,0.0,Brazil,Sao Paulo,-23.5505,-46.6333
2026-06-20 11:00:00,11.1,11.3,25.4,15.2,74,6.0,5,930.4,0.0,Brazil,Sao Paulo,-23.5505,-46.6333
2026-06-20 12:00:00,11.2,11.4,28.8,17.8,69,7.1,21,931.7,0.0,Brazil,Sao Paulo,-23.5505,-46.6333
2026-06-20 13:00:00,9.3,9.5,22.6,20.9,59,7.1,353,932.1,0.0,Brazil,Sao Paulo,-23.5505,-46.6333
2026-06-20 14:00:00,7.6,7.6,14.0,22.8,50,12.9,340,931.8,0.0,Brazil,Sao Paulo,-23.5505,-46.6333
2026-06-20 15:00:00,6.7,6.8,7.9,22.5,55,14.1,333,931.1,0.1,Brazil,Sao Paulo,-23.5505,-46.6333
2026-06-20 16:00:00,7.7,7.8,6.1,22.5,54,16.3,325,930.1,0.0,Brazil,Sao Paulo,-23.5505,-46.6333
2026-06-20 17:00:00,9.4,9.5,6.8,22.2,57,16.0,327,929.0,0.0,Brazil,Sao Paulo,-23.5505,-46.6333
2026-06-20 18:00:00,10.5,10.5,9.3,22.5,58,11.6,334,928.3,0.0,Brazil,Sao Paulo,-23.5505,-46.6333
2026-06-20 19:00:00,11.5,11.6,15.1,21.5,64,13.0,326,927.8,0.1,Brazil,Sao Paulo,-23.5505,-46.6333
2026-06-20 20:00:00,12.8,13.0,22.6,20.3,73,10.7,316,927.7,0.3,Brazil,Sao Paulo,-23.5505,-46.6333
2026-06-20 21:00:00,14.9,15.0,26.6,19.2,79,11.8,314,927.7,0.0,Brazil,Sao Paulo,-23.5505,-46.6333
2026-06-20 22:00:00,16.7,16.8,23.5,18.0,86,12.6,313,927.8,0.3,Brazil,Sao Paulo,-23.5505,-46.6333
2026-06-20 23:00:00,11.8,11.9,16.8,16.7,94,15.2,289,928.5,1.5,Brazil,Sao Paulo,-23.5505,-46.6333
2026-06-21 00:00:00,8.1,8.4,14.2,16.8,95,12.7,286,929.4,4.6,Brazil,Sao Paulo,-23.5505,-46.6333
2026-06-21 01:00:00,4.5,4.9,12.3,16.6,91,10.9,290,929.5,0.2,Brazil,Sao Paulo,-23.5505,-46.6333
2026-06-21 02:00:00,3.8,4.4,9.6,15.9,89,10.1,294,929.1,0.0,Brazil,Sao Paulo,-23.5505,-46.6333
2026-06-21 03:00:00,4.2,4.8,7.7,15.8,88,9.1,300,928.9,0.0,Brazil,Sao Paulo,-23.5505,-46.6333
2026-06-21 04:00:00,5.2,5.8,7.1,15.6,90,9.7,292,928.9,0.0,Brazil,Sao Paulo,-23.5505,-46.6333
2026-06-21 05:00:00,6.1,6.6,7.1,15.2,92,10.0,278,928.9,0.0,Brazil,Sao Paulo,-23.5505,-46.6333
2026-06-21 06:00:00,6.4,6.8,7.7,14.2,91,12.4,272,929.8,0.0,Brazil,Sao Paulo,-23.5505,-46.6333
2026-06-21 07:00:00,6.6,7.0,9.0,13.4,92,9.8,283,929.6,0.0,Brazil,Sao Paulo,-23.5505,-46.6333
2026-06-21 08:00:00,7.4,7.8,10.7,12.4,95,7.8,310,929.3,0.0,Brazil,Sao Paulo,-23.5505,-46.6333
2026-06-21 09:00:00,8.5,8.9,12.1,11.8,96,7.5,312,929.4,0.0,Brazil,Sao Paulo,-23.5505,-46.6333
2026-06-21 10:00:00,11.2,11.7,13.1,11.4,96,6.1,265,930.3,0.0,Brazil,Sao Paulo,-23.5505,-46.6333
2026-06-21 11:00:00,12.2,13.1,13.7,12.1,91,7.3,280,931.3,0.0,Brazil,Sao Paulo,-23.5505,-46.6333
2026-06-21 12:00:00,2.6,2.6,10.3,13.9,83,6.5,294,932.7,0.0,Brazil,Sao Paulo,-23.5505,-46.6333
2026-06-21 13:00:00,4.2,4.2,9.0,15.1,76,5.9,293,933.5,0.0,Brazil,Sao Paulo,-23.5505,-46.6333
2026-06-21 14:00:00,6.4,6.4,7.1,16.6,67,5.3,288,933.6,0.0,Brazil,Sao Paulo,-23.5505,-46.6333
2026-06-21 15:00:00,7.9,8.0,5.8,18.1,60,3.4,270,933.1,0.0,Brazil,Sao Paulo,-23.5505,-46.6333
2026-06-21 16:00:00,9.6,9.7,4.2,19.2,56,1.9,221,932.2,0.0,Brazil,Sao Paulo,-23.5505,-46.6333
2026-06-21 17:00:00,11.1,11.1,3.0,19.9,54,1.6,207,931.8,0.0,Brazil,Sao Paulo,-23.5505,-46.6333
2026-06-21 18:00:00,12.3,12.3,5.6,20.4,54,3.1,177,931.7,0.0,Brazil,Sao Paulo,-23.5505,-46.6333
2026-06-21 19:00:00,13.2,13.3,14.6,20.3,55,1.0,211,931.4,0.0,Brazil,Sao Paulo,-23.5505,-46.6333
2026-06-21 20:00:00,16.9,17.0,27.4,19.6,60,2.8,310,931.4,0.0,Brazil,Sao Paulo,-23.5505,-46.6333
2026-06-21 21:00:00,28.6,28.6,39.4,18.0,66,2.4,347,931.4,0.0,Brazil,Sao Paulo,-23.5505,-46.6333
2026-06-21 22:00:00,38.8,38.8,49.5,16.9,67,2.2,42,931.3,0.0,Brazil,Sao Paulo,-23.5505,-46.6333
2026-06-21 23:00:00,45.1,45.2,58.8,15.3,76,3.0,38,930.9,0.0,Brazil,Sao Paulo,-23.5505,-46.6333
2026-06-22 00:00:00,43.4,43.5,61.4,13.8,88,2.2,9,931.2,0.0,Brazil,Sao Paulo,-23.5505,-46.6333
2026-06-22 01:00:00,46.0,46.2,67.2,12.9,90,2.4,17,930.9,0.0,Brazil,Sao Paulo,-23.5505,-46.6333
2026-06-22 02:00:00,45.8,46.0,74.9,12.2,93,2.7,58,930.7,0.0,Brazil,Sao Paulo,-23.5505,-46.6333
2026-06-22 03:00:00,43.4,43.7,78.0,11.5,96,4.6,51,930.4,0.0,Brazil,Sao Paulo,-23.5505,-46.6333
2026-06-22 04:00:00,39.3,39.6,72.4,10.9,97,4.0,30,929.9,0.0,Brazil,Sao Paulo,-23.5505,-46.6333
2026-06-22 05:00:00,34.9,35.3,62.2,11.0,94,4.5,37,930.0,0.0,Brazil,Sao Paulo,-23.5505,-46.6333
2026-06-22 06:00:00,29.9,30.4,53.2,11.2,88,4.1,45,930.6,0.0,Brazil,Sao Paulo,-23.5505,-46.6333
2026-06-22 07:00:00,25.2,25.7,47.0,11.1,87,4.5,50,930.4,0.0,Brazil,Sao Paulo,-23.5505,-46.6333
2026-06-22 08:00:00,21.3,21.8,41.9,11.0,86,3.7,43,930.5,0.0,Brazil,Sao Paulo,-23.5505,-46.6333
2026-06-22 09:00:00,18.7,19.2,39.2,11.1,84,3.5,39,930.7,0.0,Brazil,Sao Paulo,-23.5505,-46.6333
2026-06-22 10:00:00,19.9,20.5,41.7,11.1,83,3.1,13,931.0,0.0,Brazil,Sao Paulo,-23.5505,-46.6333
2026-06-22 11:00:00,23.2,23.9,46.5,13.1,72,5.4,358,932.0,0.0,Brazil,Sao Paulo,-23.5505,-46.6333
2026-06-22 12:00:00,13.4,13.5,37.6,17.3,58,6.3,353,933.9,0.0,Brazil,Sao Paulo,-23.5505,-46.6333
2026-06-22 13:00:00,9.1,9.2,28.6,20.4,54,7.5,343,934.1,0.0,Brazil,Sao Paulo,-23.5505,-46.6333
2026-06-22 14:00:00,6.5,6.5,16.1,22.4,48,11.9,342,933.5,0.0,Brazil,Sao Paulo,-23.5505,-46.6333
2026-06-22 15:00:00,5.0,5.0,7.0,23.5,43,15.3,342,932.3,0.0,Brazil,Sao Paulo,-23.5505,-46.6333
2026-06-22 16:00:00,4.2,4.2,3.4,24.2,40,15.1,342,931.2,0.0,Brazil,Sao Paulo,-23.5505,-46.6333
2026-06-22 17:00:00,4.1,4.1,3.1,24.5,40,15.0,337,930.4,0.0,Brazil,Sao Paulo,-23.5505,-46.6333
2026-06-22 18:00:00,4.7,4.8,6.2,25.1,40,15.0,337,929.7,0.0,Brazil,Sao Paulo,-23.5505,-46.6333
2026-06-22 19:00:00,6.1,6.2,15.1,24.6,45,11.9,340,929.5,0.0,Brazil,Sao Paulo,-23.5505,-46.6333
2026-06-22 20:00:00,8.4,8.4,27.5,22.9,52,8.4,349,929.5,0.0,Brazil,Sao Paulo,-23.5505,-46.6333
2026-06-22 21:00:00,11.6,11.6,36.2,20.7,60,9.0,10,929.1,0.0,Brazil,Sao Paulo,-23.5505,-46.6333
2026-06-22 22:00:00,12.3,12.5,37.8,20.0,60,10.5,355,929.0,0.0,Brazil,Sao Paulo,-23.5505,-46.6333
2026-06-22 23:00:00,11.8,12.2,35.8,19.7,60,11.1,348,929.1,0.0,Brazil,Sao Paulo,-23.5505,-46.6333
2026-06-23 00:00:00,9.6,9.8,32.0,20.0,60,11.8,341,929.5,0.0,Brazil,Sao Paulo,-23.5505,-46.6333
2026-06-23 01:00:00,9.6,9.8,31.2,19.8,59,14.2,334,929.6,0.0,Brazil,Sao Paulo,-23.5505,-46.6333
2026-06-23 02:00:00,10.0,10.2,30.1,19.9,56,15.3,336,929.3,0.0,Brazil,Sao Paulo,-23.5505,-46.6333
2026-06-23 03:00:00,10.6,10.9,28.3,20.0,54,16.4,331,928.9,0.0,Brazil,Sao Paulo,-23.5505,-46.6333
2026-06-23 04:00:00,10.9,11.3,25.6,19.5,56,14.4,316,928.7,0.0,Brazil,Sao Paulo,-23.5505,-46.6333
2026-06-23 05:00:00,10.7,11.1,22.2,18.1,64,12.5,303,928.7,0.4,Brazil,Sao Paulo,-23.5505,-46.6333
2026-06-23 06:00:00,10.3,10.7,19.3,17.0,75,9.0,308,928.8,0.0,Brazil,Sao Paulo,-23.5505,-46.6333
2026-06-23 07:00:00,9.8,10.2,16.3,17.4,76,9.6,323,928.7,0.0,Brazil,Sao Paulo,-23.5505,-46.6333
2026-06-23 08:00:00,9.7,10.0,13.8,17.1,83,11.4,319,928.7,0.0,Brazil,Sao Paulo,-23.5505,-46.6333
2026-06-23 09:00:00,9.9,10.0,13.8,17.1,87,10.9,306,929.2,0.6,Brazil,Sao Paulo,-23.5505,-46.6333
2026-06-23 10:00:00,12.5,12.7,19.1,16.6,93,10.1,327,929.4,0.9,Brazil,Sao Paulo,-23.5505,-46.6333
2026-06-23 11:00:00,16.4,16.7,26.9,17.0,94,12.1,332,929.9,0.8,Brazil,Sao Paulo,-23.5505,-46.6333
2026-06-23 12:00:00,12.9,13.5,26.0,17.5,94,10.2,330,931.6,0.1,Brazil,Sao Paulo,-23.5505,-46.6333
2026-06-23 13:00:00,12.1,12.5,22.7,17.3,94,9.5,328,931.7,1.6,Brazil,Sao Paulo,-23.5505,-46.6333
2026-06-23 14:00:00,13.8,14.1,18.2,17.8,91,6.4,331,931.3,0.3,Brazil,Sao Paulo,-23.5505,-46.6333
2026-06-23 15:00:00,11.8,11.8,15.5,20.0,79,12.4,319,930.9,0.0,Brazil,Sao Paulo,-23.5505,-46.6333
2026-06-23 16:00:00,8.4,8.5,15.4,20.7,74,11.8,320,930.1,0.1,Brazil,Sao Paulo,-23.5505,-46.6333
2026-06-23 17:00:00,9.9,10.3,17.1,20.8,75,11.3,317,929.3,0.1,Brazil,Sao Paulo,-23.5505,-46.6333
2026-06-23 18:00:00,11.6,12.3,21.3,19.2,84,9.8,334,929.5,1.7,Brazil,Sao Paulo,-23.5505,-46.6333
2026-06-23 19:00:00,14.5,15.2,31.0,18.7,86,8.9,332,929.5,0.5,Brazil,Sao Paulo,-23.5505,-46.6333
2026-06-23 20:00:00,15.5,16.1,43.3,18.0,90,6.2,327,929.5,1.0,Brazil,Sao Paulo,-23.5505,-46.6333
2026-06-23 21:00:00,8.7,8.8,49.9,16.7,97,6.0,164,930.0,1.2,Brazil,Sao Paulo,-23.5505,-46.6333
2026-06-23 22:00:00,6.7,6.8,45.6,14.9,96,9.8,166,930.4,5.9,Brazil,Sao Paulo,-23.5505,-46.6333
2026-06-23 23:00:00,4.3,4.4,35.7,13.9,98,7.9,153,930.9,4.0,Brazil,Sao Paulo,-23.5505,-46.6333
2026-06-24 00:00:00,6.3,6.9,39.0,13.6,98,6.1,135,931.4,1.9,Brazil,Sao Paulo,-23.5505,-46.6333
2026-06-24 01:00:00,5.2,5.5,37.3,13.4,97,6.2,159,931.9,3.9,Brazil,Sao Paulo,-23.5505,-46.6333
2026-06-24 02:00:00,4.0,4.1,34.7,13.1,97,4.6,144,931.8,1.3,Brazil,Sao Paulo,-23.5505,-46.6333
2026-06-24 03:00:00,3.7,3.8,31.2,12.8,98,6.5,124,931.0,1.2,Brazil,Sao Paulo,-23.5505,-46.6333
2026-06-24 04:00:00,3.2,3.3,25.9,12.5,98,6.9,131,930.5,0.3,Brazil,Sao Paulo,-23.5505,-46.6333
2026-06-24 05:00:00,2.7,2.8,19.7,12.6,97,6.2,190,930.8,2.6,Brazil,Sao Paulo,-23.5505,-46.6333
2026-06-24 06:00:00,2.5,2.6,15.4,12.4,96,5.7,139,931.0,1.5,Brazil,Sao Paulo,-23.5505,-46.6333
2026-06-24 07:00:00,2.5,2.5,14.1,12.2,98,7.0,148,930.5,1.7,Brazil,Sao Paulo,-23.5505,-46.6333
2026-06-24 08:00:00,3.0,3.2,14.7,12.1,98,7.0,145,930.3,3.0,Brazil,Sao Paulo,-23.5505,-46.6333
2026-06-24 09:00:00,3.7,4.0,16.6,12.1,97,6.9,174,930.5,1.2,Brazil,Sao Paulo,-23.5505,-46.6333
2026-06-24 10:00:00,4.1,4.3,20.5,12.0,97,6.7,149,930.7,1.5,Brazil,Sao Paulo,-23.5505,-46.6333
2026-06-24 11:00:00,4.5,4.6,25.6,12.0,96,6.8,138,931.2,1.8,Brazil,Sao Paulo,-23.5505,-46.6333
2026-06-24 12:00:00,4.9,5.0,29.3,12.3,96,5.8,150,932.4,1.6,Brazil,Sao Paulo,-23.5505,-46.6333
2026-06-24 13:00:00,4.8,5.0,29.7,12.5,96,5.9,130,932.3,2.2,Brazil,Sao Paulo,-23.5505,-46.6333
2026-06-24 14:00:00,5.6,5.7,28.5,12.7,96,6.0,115,932.1,1.8,Brazil,Sao Paulo,-23.5505,-46.6333
2026-06-24 15:00:00,5.3,5.5,28.5,14.5,84,6.3,114,931.8,0.1,Brazil,Sao Paulo,-23.5505,-46.6333
2026-06-24 16:00:00,7.2,7.4,30.3,14.9,82,4.9,126,931.4,0.1,Brazil,Sao Paulo,-23.5505,-46.6333
2026-06-24 17:00:00,8.7,9.0,33.2,14.6,85,4.7,164,931.4,0.5,Brazil,Sao Paulo,-23.5505,-46.6333
2026-06-24 18:00:00,9.6,9.9,37.4,14.1,84,3.1,103,931.3,0.2,Brazil,Sao Paulo,-23.5505,-46.6333
2026-06-24 19:00:00,10.1,10.4,44.2,14.1,84,3.1,190,931.7,0.0,Brazil,Sao Paulo,-23.5505,-46.6333
2026-06-24 20:00:00,11.9,12.3,52.2,13.8,87,3.4,177,931.9,0.0,Brazil,Sao Paulo,-23.5505,-46.6333
2026-06-24 21:00:00,16.0,16.5,57.7,13.4,89,4.3,147,932.3,0.0,Brazil,Sao Paulo,-23.5505,-46.6333
2026-06-24 22:00:00,16.6,17.2,58.6,12.8,93,5.5,142,932.2,0.0,Brazil,Sao Paulo,-23.5505,-46.6333
2026-06-24 23:00:00,17.2,17.9,56.9,12.3,93,5.4,143,932.6,0.0,Brazil,Sao Paulo,-23.5505,-46.6333
2026-06-25 00:00:00,17.0,17.8,54.7,11.9,94,5.2,136,933.7,0.0,Brazil,Sao Paulo,-23.5505,-46.6333
2026-06-25 01:00:00,16.3,17.1,52.8,11.7,95,4.7,118,933.9,0.0,Brazil,Sao Paulo,-23.5505,-46.6333
2026-06-25 02:00:00,14.8,15.5,50.3,11.6,95,5.7,125,934.2,0.0,Brazil,Sao Paulo,-23.5505,-46.6333
2026-06-25 03:00:00,13.0,13.7,47.0,11.2,96,6.5,132,934.2,0.0,Brazil,Sao Paulo,-23.5505,-46.6333
2026-06-25 04:00:00,10.8,11.6,42.3,11.1,95,6.7,121,934.0,0.0,Brazil,Sao Paulo,-23.5505,-46.6333
2026-06-25 05:00:00,9.1,9.7,36.7,11.0,95,6.1,124,933.6,0.0,Brazil,Sao Paulo,-23.5505,-46.6333
2026-06-25 06:00:00,7.5,8.2,32.0,10.7,96,6.2,134,933.9,0.0,Brazil,Sao Paulo,-23.5505,-46.6333
2026-06-25 07:00:00,6.1,6.7,28.5,10.7,97,5.4,130,933.6,0.0,Brazil,Sao Paulo,-23.5505,-46.6333
2026-06-25 08:00:00,5.1,5.6,25.8,10.7,97,6.7,134,933.8,0.0,Brazil,Sao Paulo,-23.5505,-46.6333
2026-06-25 09:00:00,5.1,5.5,24.5,10.8,97,7.4,133,934.5,0.0,Brazil,Sao Paulo,-23.5505,-46.6333
2026-06-25 10:00:00,6.3,6.8,25.6,10.8,97,7.3,130,935.6,0.0,Brazil,Sao Paulo,-23.5505,-46.6333
2026-06-25 11:00:00,7.7,8.2,28.2,11.0,96,7.7,131,936.6,0.0,Brazil,Sao Paulo,-23.5505,-46.6333
2026-06-25 12:00:00,6.6,7.2,25.0,11.7,94,7.8,132,938.1,0.0,Brazil,Sao Paulo,-23.5505,-46.6333
2026-06-25 13:00:00,7.3,8.0,24.1,12.0,94,9.6,133,938.5,0.1,Brazil,Sao Paulo,-23.5505,-46.6333
2026-06-25 14:00:00,7.6,8.3,23.0,12.4,91,10.1,137,938.7,0.1,Brazil,Sao Paulo,-23.5505,-46.6333
2026-06-25 15:00:00,7.8,8.6,23.0,12.6,90,10.2,139,938.5,0.0,Brazil,Sao Paulo,-23.5505,-46.6333
2026-06-25 16:00:00,8.1,9.0,24.4,12.5,89,10.1,136,937.6,0.0,Brazil,Sao Paulo,-23.5505,-46.6333
2026-06-25 17:00:00,9.3,10.2,27.0,12.3,90,9.7,141,937.0,0.0,Brazil,Sao Paulo,-23.5505,-46.6333
2026-06-25 18:00:00,9.8,10.8,30.7,12.2,89,9.3,126,937.4,0.0,Brazil,Sao Paulo,-23.5505,-46.6333
2026-06-25 19:00:00,9.5,10.4,36.9,12.0,91,8.4,127,937.6,0.5,Brazil,Sao Paulo,-23.5505,-46.6333
2026-06-25 20:00:00,11.3,12.1,44.2,11.5,95,8.7,159,937.9,1.5,Brazil,Sao Paulo,-23.5505,-46.6333
2026-06-25 21:00:00,9.3,9.9,49.2,11.3,96,6.9,160,938.2,0.4,Brazil,Sao Paulo,-23.5505,-46.6333
2026-06-25 22:00:00,9.3,10.0,49.9,11.1,98,7.3,150,938.2,0.4,Brazil,Sao Paulo,-23.5505,-46.6333
2026-06-25 23:00:00,9.3,10.0,48.2,11.1,98,7.0,136,938.3,0.1,Brazil,Sao Paulo,-23.5505,-46.6333
2026-06-26 00:00:00,7.3,7.8,42.2,11.1,97,5.5,134,938.8,0.0,Brazil,Sao Paulo,-23.5505,-46.6333
2026-06-26 01:00:00,7.6,8.0,42.9,11.2,98,5.2,117,938.9,0.4,Brazil,Sao Paulo,-23.5505,-46.6333
2026-06-26 02:00:00,8.1,8.5,43.7,11.4,98,7.2,84,937.8,0.3,Brazil,Sao Paulo,-23.5505,-46.6333
2026-06-26 03:00:00,9.5,10.0,43.8,11.6,98,5.1,113,937.2,0.0,Brazil,Sao Paulo,-23.5505,-46.6333
2026-06-26 04:00:00,10.3,10.8,42.5,11.3,99,5.3,98,936.3,0.0,Brazil,Sao Paulo,-23.5505,-46.6333
2026-06-26 05:00:00,11.4,11.8,40.5,11.8,98,7.0,90,936.0,0.0,Brazil,Sao Paulo,-23.5505,-46.6333
2026-06-26 06:00:00,12.6,13.1,39.0,12.0,100,8.3,85,936.1,0.0,Brazil,Sao Paulo,-23.5505,-46.6333
2026-06-26 07:00:00,13.6,14.1,38.4,12.2,99,7.0,91,935.8,0.0,Brazil,Sao Paulo,-23.5505,-46.6333
2026-06-26 08:00:00,14.1,14.6,38.3,12.4,99,6.4,108,935.9,0.0,Brazil,Sao Paulo,-23.5505,-46.6333
2026-06-26 09:00:00,15.3,15.8,39.3,12.6,100,5.2,115,936.4,0.0,Brazil,Sao Paulo,-23.5505,-46.6333
2026-06-26 10:00:00,19.8,20.4,42.9,12.7,100,4.6,99,936.9,0.0,Brazil,Sao Paulo,-23.5505,-46.6333
2026-06-26 11:00:00,22.7,23.6,47.5,13.2,98,6.1,76,937.9,0.0,Brazil,Sao Paulo,-23.5505,-46.6333
2026-06-26 12:00:00,24.3,25.1,48.5,14.0,97,5.4,69,938.6,0.0,Brazil,Sao Paulo,-23.5505,-46.6333
2026-06-26 13:00:00,27.0,27.6,43.4,15.3,92,6.1,60,939.0,0.0,Brazil,Sao Paulo,-23.5505,-46.6333
2026-06-26 14:00:00,26.3,26.7,36.3,16.2,88,3.4,74,938.7,0.0,Brazil,Sao Paulo,-23.5505,-46.6333
2026-06-26 15:00:00,24.9,25.0,30.8,18.0,81,1.4,130,938.4,0.0,Brazil,Sao Paulo,-23.5505,-46.6333
2026-06-26 16:00:00,25.7,25.7,26.1,18.4,80,4.4,145,937.7,0.1,Brazil,Sao Paulo,-23.5505,-46.6333
2026-06-26 17:00:00,25.8,26.0,23.1,19.5,75,2.5,120,937.3,0.3,Brazil,Sao Paulo,-23.5505,-46.6333
2026-06-26 18:00:00,27.5,27.8,27.4,19.5,77,3.2,106,937.2,0.1,Brazil,Sao Paulo,-23.5505,-46.6333
2026-06-26 19:00:00,27.6,28.2,46.0,19.7,76,3.8,85,937.0,0.0,Brazil,Sao Paulo,-23.5505,-46.6333
2026-06-26 20:00:00,29.9,30.6,72.0,18.8,82,6.4,115,937.0,0.0,Brazil,Sao Paulo,-23.5505,-46.6333
2026-06-26 21:00:00,40.3,40.9,90.8,17.6,89,7.3,83,937.1,0.0,Brazil,Sao Paulo,-23.5505,-46.6333
2026-06-26 22:00:00,46.0,46.9,95.5,17.0,90,6.5,90,937.0,0.0,Brazil,Sao Paulo,-23.5505,-46.6333
2026-06-26 23:00:00,45.6,46.9,92.9,16.4,92,6.0,81,937.1,0.0,Brazil,Sao Paulo,-23.5505,-46.6333
2026-06-27 00:00:00,63.1,64.3,93.1,15.6,97,4.5,85,938.0,0.0,Brazil,Sao Paulo,-23.5505,-46.6333
2026-06-27 01:00:00,65.9,66.6,90.4,15.2,99,4.8,103,938.1,0.0,Brazil,Sao Paulo,-23.5505,-46.6333
2026-06-27 02:00:00,68.2,68.7,86.6,15.1,99,5.8,97,938.0,0.0,Brazil,Sao Paulo,-23.5505,-46.6333
2026-06-27 03:00:00,69.6,70.1,82.9,14.8,100,4.8,77,937.8,0.0,Brazil,Sao Paulo,-23.5505,-46.6333
2026-06-27 04:00:00,69.8,70.3,79.8,14.8,99,2.6,115,937.7,0.0,Brazil,Sao Paulo,-23.5505,-46.6333
2026-06-27 05:00:00,69.4,70.1,76.9,14.7,99,3.1,77,937.3,0.0,Brazil,Sao Paulo,-23.5505,-46.6333
2026-06-27 06:00:00,68.7,69.2,74.1,15.0,98,4.2,59,937.4,0.0,Brazil,Sao Paulo,-23.5505,-46.6333
2026-06-27 07:00:00,67.1,67.8,71.5,14.9,98,5.2,59,937.0,0.0,Brazil,Sao Paulo,-23.5505,-46.6333
2026-06-27 08:00:00,65.2,65.9,69.0,14.7,98,4.3,73,936.9,0.0,Brazil,Sao Paulo,-23.5505,-46.6333
2026-06-27 09:00:00,63.8,64.5,66.1,14.6,97,3.7,76,937.1,0.0,Brazil,Sao Paulo,-23.5505,-46.6333
2026-06-27 10:00:00,65.2,65.7,63.6,14.4,98,3.1,69,937.7,0.0,Brazil,Sao Paulo,-23.5505,-46.6333
2026-06-27 11:00:00,65.7,66.4,60.7,14.5,99,3.5,69,938.1,0.0,Brazil,Sao Paulo,-23.5505,-46.6333
2026-06-27 12:00:00,51.8,52.4,49.7,15.5,97,3.8,71,939.0,0.0,Brazil,Sao Paulo,-23.5505,-46.6333
2026-06-27 13:00:00,41.0,41.4,40.6,17.4,87,4.2,50,939.4,0.0,Brazil,Sao Paulo,-23.5505,-46.6333
2026-06-27 14:00:00,29.3,29.6,28.1,19.2,80,2.8,75,939.1,0.0,Brazil,Sao Paulo,-23.5505,-46.6333
2026-06-27 15:00:00,22.4,22.7,18.0,21.3,74,1.5,76,938.6,0.0,Brazil,Sao Paulo,-23.5505,-46.6333
2026-06-27 16:00:00,18.5,18.7,11.0,23.0,67,0.5,315,937.7,0.0,Brazil,Sao Paulo,-23.5505,-46.6333
2026-06-27 17:00:00,17.2,17.5,6.5,23.9,60,1.4,320,937.0,0.0,Brazil,Sao Paulo,-23.5505,-46.6333
2026-06-27 18:00:00,16.6,16.9,9.1,24.2,55,0.4,117,936.8,0.0,Brazil,Sao Paulo,-23.5505,-46.6333
2026-06-27 19:00:00,16.8,17.1,24.1,23.7,58,2.2,132,936.4,0.0,Brazil,Sao Paulo,-23.5505,-46.6333
2026-06-27 20:00:00,21.7,22.0,46.1,22.5,71,4.8,135,936.2,0.0,Brazil,Sao Paulo,-23.5505,-46.6333
2026-06-27 21:00:00,31.2,31.5,64.2,21.1,81,6.3,105,936.0,0.0,Brazil,Sao Paulo,-23.5505,-46.6333
2026-06-27 22:00:00,42.8,43.3,74.3,20.1,86,6.9,97,936.3,0.0,Brazil,Sao Paulo,-23.5505,-46.6333
2026-06-27 23:00:00,51.3,51.9,80.4,19.1,90,7.0,102,936.6,0.0,Brazil,Sao Paulo,-23.5505,-46.6333
2026-06-28 00:00:00,56.6,57.7,69.3,18.2,93,8.6,78,937.0,0.0,Brazil,Sao Paulo,-23.5505,-46.6333
2026-06-28 01:00:00,68.0,68.5,68.7,17.6,94,8.2,67,937.0,0.0,Brazil,Sao Paulo,-23.5505,-46.6333
2026-06-28 02:00:00,71.9,72.4,67.8,17.2,92,7.5,66,936.7,0.0,Brazil,Sao Paulo,-23.5505,-46.6333
2026-06-28 03:00:00,75.7,75.9,66.3,16.8,93,7.1,74,936.4,0.0,Brazil,Sao Paulo,-23.5505,-46.6333
2026-06-28 04:00:00,76.6,76.8,64.3,16.4,95,6.8,68,936.0,0.0,Brazil,Sao Paulo,-23.5505,-46.6333
2026-06-28 05:00:00,71.5,71.9,61.7,15.9,97,6.5,71,935.6,0.0,Brazil,Sao Paulo,-23.5505,-46.6333
2026-06-28 06:00:00,66.1,66.4,58.5,15.5,98,6.3,72,935.1,0.0,Brazil,Sao Paulo,-23.5505,-46.6333
2026-06-28 07:00:00,60.3,60.5,54.8,15.3,98,5.7,72,935.1,0.0,Brazil,Sao Paulo,-23.5505,-46.6333
2026-06-28 08:00:00,54.6,54.8,50.5,15.0,98,5.6,68,934.9,0.0,Brazil,Sao Paulo,-23.5505,-46.6333
2026-06-28 09:00:00,47.0,47.1,45.4,14.8,98,5.2,70,934.8,0.0,Brazil,Sao Paulo,-23.5505,-46.6333
2026-06-28 10:00:00,39.2,39.5,39.2,14.7,98,5.8,74,935.4,0.0,Brazil,Sao Paulo,-23.5505,-46.6333
2026-06-28 11:00:00,31.5,32.0,32.2,15.0,97,4.7,72,936.0,0.0,Brazil,Sao Paulo,-23.5505,-46.6333
2026-06-28 12:00:00,25.5,26.0,25.1,16.8,89,3.6,84,936.7,0.0,Brazil,Sao Paulo,-23.5505,-46.6333
2026-06-28 13:00:00,17.3,19.0,17.2,19.4,78,3.5,78,937.3,0.0,Brazil,Sao Paulo,-23.5505,-46.6333
2026-06-28 14:00:00,13.4,15.7,9.2,21.8,69,4.3,45,937.0,0.0,Brazil,Sao Paulo,-23.5505,-46.6333
2026-06-28 15:00:00,10.4,12.7,3.6,23.9,54,5.9,2,936.2,0.0,Brazil,Sao Paulo,-23.5505,-46.6333
2026-06-28 16:00:00,8.8,10.9,1.0,24.9,48,9.0,338,935.2,0.0,Brazil,Sao Paulo,-23.5505,-46.6333
2026-06-28 17:00:00,7.9,10.0,0.8,25.0,48,10.7,331,934.3,0.0,Brazil,Sao Paulo,-23.5505,-46.6333
2026-06-28 18:00:00,7.7,9.8,3.4,25.1,46,11.9,329,933.9,0.0,Brazil,Sao Paulo,-23.5505,-46.6333
2026-06-28 19:00:00,8.2,10.2,10.3,24.4,49,10.2,330,933.5,0.0,Brazil,Sao Paulo,-23.5505,-46.6333
2026-06-28 20:00:00,11.7,13.6,20.0,23.0,58,7.6,332,933.4,0.0,Brazil,Sao Paulo,-23.5505,-46.6333
2026-06-28 21:00:00,17.9,19.8,28.4,21.0,69,5.4,330,933.2,0.0,Brazil,Sao Paulo,-23.5505,-46.6333
2026-06-28 22:00:00,22.9,24.9,33.8,20.0,75,4.7,351,933.4,0.0,Brazil,Sao Paulo,-23.5505,-46.6333
2026-06-28 23:00:00,25.5,27.3,37.8,19.3,78,5.8,7,933.6,0.0,Brazil,Sao Paulo,-23.5505,-46.6333
2026-06-29 00:00:00,19.6,19.6,38.9,19.2,80,5.1,356,933.7,0.0,Brazil,Sao Paulo,-23.5505,-46.6333
2026-06-29 01:00:00,18.9,19.0,38.7,18.6,81,6.2,352,933.9,0.0,Brazil,Sao Paulo,-23.5505,-46.6333
2026-06-29 02:00:00,17.8,17.9,38.2,18.3,79,7.1,354,934.1,0.0,Brazil,Sao Paulo,-23.5505,-46.6333
2026-06-29 03:00:00,14.9,15.1,36.1,18.0,78,8.1,359,933.8,0.0,Brazil,Sao Paulo,-23.5505,-46.6333
2026-06-29 04:00:00,11.1,11.4,30.9,17.8,77,8.7,347,933.7,0.0,Brazil,Sao Paulo,-23.5505,-46.6333
2026-06-29 05:00:00,9.1,9.5,24.1,17.6,77,7.7,344,933.5,0.0,Brazil,Sao Paulo,-23.5505,-46.6333
2026-06-29 06:00:00,7.9,8.4,19.2,16.9,80,8.8,355,933.3,0.0,Brazil,Sao Paulo,-23.5505,-46.6333
2026-06-29 07:00:00,7.3,7.7,17.7,17.3,76,10.9,353,932.6,0.0,Brazil,Sao Paulo,-23.5505,-46.6333
2026-06-29 08:00:00,6.8,7.3,18.0,17.2,75,8.9,346,932.5,0.0,Brazil,Sao Paulo,-23.5505,-46.6333
2026-06-29 09:00:00,6.9,7.3,19.3,16.8,77,6.3,2,932.5,0.0,Brazil,Sao Paulo,-23.5505,-46.6333
2026-06-29 10:00:00,8.4,8.8,22.5,16.4,78,4.7,23,932.8,0.0,Brazil,Sao Paulo,-23.5505,-46.6333
2026-06-29 11:00:00,11.1,11.4,26.6,17.6,75,5.2,356,933.8,0.0,Brazil,Sao Paulo,-23.5505,-46.6333
2026-06-29 12:00:00,13.0,13.4,27.2,20.4,68,5.0,15,935.1,0.0,Brazil,Sao Paulo,-23.5505,-46.6333
2026-06-29 13:00:00,9.7,10.0,21.7,22.7,60,5.2,344,935.7,0.0,Brazil,Sao Paulo,-23.5505,-46.6333
2026-06-29 14:00:00,8.3,8.3,14.0,24.1,56,8.1,332,935.8,0.0,Brazil,Sao Paulo,-23.5505,-46.6333
2026-06-29 15:00:00,7.3,7.3,8.5,24.7,54,10.0,319,935.4,0.0,Brazil,Sao Paulo,-23.5505,-46.6333
2026-06-29 16:00:00,6.6,6.6,5.0,25.1,52,10.4,314,934.7,0.1,Brazil,Sao Paulo,-23.5505,-46.6333
2026-06-29 17:00:00,6.8,6.8,3.5,25.1,51,9.8,316,934.1,0.0,Brazil,Sao Paulo,-23.5505,-46.6333
2026-06-29 18:00:00,7.7,7.8,8.4,25.5,49,9.1,308,934.0,0.0,Brazil,Sao Paulo,-23.5505,-46.6333
2026-06-29 19:00:00,9.5,9.6,25.1,25.1,50,8.9,306,933.9,0.0,Brazil,Sao Paulo,-23.5505,-46.6333
2026-06-29 20:00:00,16.2,16.4,48.2,24.1,57,4.9,272,933.8,0.0,Brazil,Sao Paulo,-23.5505,-46.6333
2026-06-29 21:00:00,25.1,25.3,65.7,20.9,74,7.3,157,933.9,0.0,Brazil,Sao Paulo,-23.5505,-46.6333
2026-06-29 22:00:00,28.2,28.4,72.2,18.4,91,7.9,129,933.5,0.0,Brazil,Sao Paulo,-23.5505,-46.6333
2026-06-29 23:00:00,32.8,33.1,73.1,17.2,96,6.1,146,934.1,0.0,Brazil,Sao Paulo,-23.5505,-46.6333
2026-06-30 00:00:00,35.2,35.2,52.9,17.2,94,7.0,67,934.5,0.0,Brazil,Sao Paulo,-23.5505,-46.6333
2026-06-30 01:00:00,52.0,52.0,55.0,17.3,95,5.3,45,934.8,0.0,Brazil,Sao Paulo,-23.5505,-46.6333
2026-06-30 02:00:00,54.5,54.5,57.8,17.1,96,7.3,65,934.1,0.0,Brazil,Sao Paulo,-23.5505,-46.6333
2026-06-30 03:00:00,55.6,55.8,59.2,17.0,97,4.5,83,934.1,0.0,Brazil,Sao Paulo,-23.5505,-46.6333
2026-06-30 04:00:00,55.2,55.3,58.3,16.8,96,6.9,49,933.4,0.0,Brazil,Sao Paulo,-23.5505,-46.6333
2026-06-30 05:00:00,53.7,53.8,56.0,16.3,97,5.6,69,933.0,0.0,Brazil,Sao Paulo,-23.5505,-46.6333
2026-06-30 06:00:00,51.3,51.3,53.3,16.2,97,7.7,49,933.0,0.0,Brazil,Sao Paulo,-23.5505,-46.6333
2026-06-30 07:00:00,48.8,48.8,49.6,16.1,96,8.0,38,932.5,0.0,Brazil,Sao Paulo,-23.5505,-46.6333
2026-06-30 08:00:00,44.6,44.6,45.4,16.1,91,6.7,38,932.3,0.0,Brazil,Sao Paulo,-23.5505,-46.6333
2026-06-30 09:00:00,42.8,43.0,43.6,16.1,89,4.2,59,932.7,0.0,Brazil,Sao Paulo,-23.5505,-46.6333
2026-06-30 10:00:00,49.2,49.4,47.7,15.9,86,6.7,36,932.8,0.0,Brazil,Sao Paulo,-23.5505,-46.6333
2026-06-30 11:00:00,54.0,54.1,54.1,17.4,77,4.9,6,933.9,0.0,Brazil,Sao Paulo,-23.5505,-46.6333
2026-06-30 12:00:00,31.4,31.7,41.9,18.4,81,2.7,98,934.8,0.0,Brazil,Sao Paulo,-23.5505,-46.6333
2026-06-30 13:00:00,20.5,20.5,32.6,21.5,67,4.7,9,935.6,0.0,Brazil,Sao Paulo,-23.5505,-46.6333
2026-06-30 14:00:00,13.5,13.6,19.9,23.9,51,9.0,344,935.6,0.0,Brazil,Sao Paulo,-23.5505,-46.6333
2026-06-30 15:00:00,10.4,10.4,10.3,25.0,44,12.7,333,935.2,0.0,Brazil,Sao Paulo,-23.5505,-46.6333
2026-06-30 16:00:00,8.8,8.8,4.8,25.4,45,13.1,331,934.4,0.0,Brazil,Sao Paulo,-23.5505,-46.6333
2026-06-30 17:00:00,8.3,8.3,2.5,25.6,43,12.4,326,933.6,0.0,Brazil,Sao Paulo,-23.5505,-46.6333
2026-06-30 18:00:00,7.9,8.0,7.5,26.0,42,9.9,323,933.7,0.0,Brazil,Sao Paulo,-23.5505,-46.6333
2026-06-30 19:00:00,9.1,9.1,25.3,25.4,44,8.7,326,933.0,0.0,Brazil,Sao Paulo,-23.5505,-46.6333
2026-06-30 20:00:00,14.8,14.8,50.4,24.0,51,7.2,332,932.8,0.0,Brazil,Sao Paulo,-23.5505,-46.6333
2026-06-30 21:00:00,24.8,24.9,70.6,22.2,62,5.9,340,932.5,0.0,Brazil,Sao Paulo,-23.5505,-46.6333
2026-06-30 22:00:00,32.6,32.7,81.8,21.2,68,4.3,343,932.4,0.0,Brazil,Sao Paulo,-23.5505,-46.6333
2026-06-30 23:00:00,38.0,38.2,88.0,20.0,75,4.3,358,932.6,0.0,Brazil,Sao Paulo,-23.5505,-46.6333
2026-07-01 00:00:00,56.7,57.4,98.6,19.2,82,5.1,8,932.8,0.0,Brazil,Sao Paulo,-23.5505,-46.6333
2026-07-01 01:00:00,51.7,52.6,98.1,18.7,81,6.6,351,933.0,0.0,Brazil,Sao Paulo,-23.5505,-46.6333
2026-07-01 02:00:00,43.1,43.9,96.7,18.5,75,7.7,351,933.0,0.0,Brazil,Sao Paulo,-23.5505,-46.6333
2026-07-01 03:00:00,33.8,34.5,89.9,18.4,68,9.0,359,932.7,0.0,Brazil,Sao Paulo,-23.5505,-46.6333
2026-07-01 04:00:00,22.4,22.9,73.1,18.0,67,8.8,2,932.5,0.0,Brazil,Sao Paulo,-23.5505,-46.6333
2026-07-01 05:00:00,13.7,14.1,51.0,17.5,67,9.2,353,931.9,0.0,Brazil,Sao Paulo,-23.5505,-46.6333
2026-07-01 06:00:00,9.3,9.5,33.1,17.4,69,11.4,347,932.4,0.0,Brazil,Sao Paulo,-23.5505,-46.6333
2026-07-01 07:00:00,6.2,6.3,23.0,17.2,71,11.8,339,932.1,0.0,Brazil,Sao Paulo,-23.5505,-46.6333
2026-07-01 08:00:00,4.5,4.6,17.1,17.0,73,11.0,342,931.9,0.0,Brazil,Sao Paulo,-23.5505,-46.6333
2026-07-01 09:00:00,4.3,4.4,14.5,16.8,74,10.4,345,932.2,0.0,Brazil,Sao Paulo,-23.5505,-46.6333
2026-07-01 10:00:00,6.2,6.4,17.1,16.6,74,10.0,340,932.9,0.0,Brazil,Sao Paulo,-23.5505,-46.6333
2026-07-01 11:00:00,9.0,9.3,23.1,17.9,69,10.2,342,933.9,0.0,Brazil,Sao Paulo,-23.5505,-46.6333
2026-07-01 12:00:00,6.9,7.0,22.4,20.4,65,8.3,354,935.3,0.0,Brazil,Sao Paulo,-23.5505,-46.6333
2026-07-01 13:00:00,7.1,7.3,17.8,22.5,60,8.8,332,936.3,0.0,Brazil,Sao Paulo,-23.5505,-46.6333
2026-07-01 14:00:00,6.0,6.1,11.6,24.3,53,11.8,331,936.9,0.0,Brazil,Sao Paulo,-23.5505,-46.6333
2026-07-01 15:00:00,4.8,4.9,7.0,25.1,49,12.6,322,936.8,0.0,Brazil,Sao Paulo,-23.5505,-46.6333
2026-07-01 16:00:00,4.6,4.6,4.1,25.5,48,11.1,321,936.1,0.0,Brazil,Sao Paulo,-23.5505,-46.6333
2026-07-01 17:00:00,5.0,5.0,2.8,25.7,46,11.5,325,935.2,0.0,Brazil,Sao Paulo,-23.5505,-46.6333
2026-07-01 18:00:00,5.5,5.6,6.7,26.2,42,11.3,324,935.2,0.0,Brazil,Sao Paulo,-23.5505,-46.6333
2026-07-01 19:00:00,6.3,6.4,19.9,25.7,46,10.2,329,934.7,0.0,Brazil,Sao Paulo,-23.5505,-46.6333
2026-07-01 20:00:00,8.7,8.8,38.3,24.5,53,7.5,330,934.7,0.0,Brazil,Sao Paulo,-23.5505,-46.6333
2026-07-01 21:00:00,15.1,15.3,52.6,22.7,65,4.7,320,934.6,0.0,Brazil,Sao Paulo,-23.5505,-46.6333
2026-07-01 22:00:00,19.9,20.3,58.8,21.8,69,5.9,322,934.7,0.0,Brazil,Sao Paulo,-23.5505,-46.6333
2026-07-01 23:00:00,23.6,24.2,60.9,20.8,73,5.8,334,934.9,0.0,Brazil,Sao Paulo,-23.5505,-46.6333
2026-07-02 00:00:00,42.6,42.8,82.1,20.0,78,3.7,23,935.0,0.0,Brazil,Sao Paulo,-23.5505,-46.6333
2026-07-02 01:00:00,40.7,41.0,81.3,19.0,82,3.5,15,935.1,0.0,Brazil,Sao Paulo,-23.5505,-46.6333
2026-07-02 02:00:00,37.0,37.4,79.8,18.3,84,4.3,345,935.2,0.0,Brazil,Sao Paulo,-23.5505,-46.6333
2026-07-02 03:00:00,31.7,32.0,75.3,17.5,85,4.6,334,935.2,0.0,Brazil,Sao Paulo,-23.5505,-46.6333
2026-07-02 04:00:00,25.7,26.1,64.9,17.0,84,5.8,4,934.7,0.0,Brazil,Sao Paulo,-23.5505,-46.6333
2026-07-02 05:00:00,20.7,21.3,51.4,16.2,85,5.1,4,934.4,0.0,Brazil,Sao Paulo,-23.5505,-46.6333
2026-07-02 06:00:00,17.3,18.1,41.3,16.3,81,5.1,343,934.6,0.0,Brazil,Sao Paulo,-23.5505,-46.6333
2026-07-02 07:00:00,15.6,16.4,37.4,15.4,84,5.8,346,934.0,0.0,Brazil,Sao Paulo,-23.5505,-46.6333
2026-07-02 08:00:00,14.9,15.7,36.7,15.6,79,7.4,346,933.9,0.0,Brazil,Sao Paulo,-23.5505,-46.6333
2026-07-02 09:00:00,15.1,15.9,37.0,15.7,77,7.0,347,934.2,0.0,Brazil,Sao Paulo,-23.5505,-46.6333
2026-07-02 10:00:00,18.6,19.4,39.1,15.5,79,4.1,331,934.9,0.0,Brazil,Sao Paulo,-23.5505,-46.6333
2026-07-02 11:00:00,22.1,22.8,42.1,17.1,73,5.0,314,936.2,0.0,Brazil,Sao Paulo,-23.5505,-46.6333
2026-07-02 12:00:00,15.9,16.2,42.2,18.8,74,4.0,10,937.5,0.0,Brazil,Sao Paulo,-23.5505,-46.6333
2026-07-02 13:00:00,7.3,7.4,31.7,22.2,60,7.1,344,938.1,0.0,Brazil,Sao Paulo,-23.5505,-46.6333
2026-07-02 14:00:00,5.8,5.8,17.2,24.0,51,10.6,326,937.9,0.0,Brazil,Sao Paulo,-23.5505,-46.6333
2026-07-02 15:00:00,4.5,4.5,6.6,24.6,48,11.2,315,937.5,0.0,Brazil,Sao Paulo,-23.5505,-46.6333
2026-07-02 16:00:00,4.2,4.2,2.2,25.1,46,10.6,310,936.7,0.0,Brazil,Sao Paulo,-23.5505,-46.6333
2026-07-02 17:00:00,4.6,4.6,1.8,25.3,44,10.6,310,936.0,0.0,Brazil,Sao Paulo,-23.5505,-46.6333
2026-07-02 18:00:00,5.2,5.2,6.5,25.7,42,9.0,313,935.5,0.0,Brazil,Sao Paulo,-23.5505,-46.6333
2026-07-02 19:00:00,6.1,6.1,19.8,25.3,43,8.8,314,935.4,0.0,Brazil,Sao Paulo,-23.5505,-46.6333
2026-07-02 20:00:00,8.7,8.7,38.1,24.1,46,7.7,323,935.3,0.0,Brazil,Sao Paulo,-23.5505,-46.6333
2026-07-02 21:00:00,14.8,14.8,52.4,22.3,55,6.4,333,935.3,0.0,Brazil,Sao Paulo,-23.5505,-46.6333
2026-07-02 22:00:00,18.6,18.8,58.6,21.2,61,6.1,346,934.9,0.0,Brazil,Sao Paulo,-23.5505,-46.6333
2026-07-02 23:00:00,20.0,20.2,60.6,20.3,65,6.2,330,934.9,0.0,Brazil,Sao Paulo,-23.5505,-46.6333
2026-07-03 00:00:00,31.1,31.2,79.3,19.2,74,3.3,324,935.4,0.0,Brazil,Sao Paulo,-23.5505,-46.6333
2026-07-03 01:00:00,25.7,26.0,72.4,18.2,78,3.9,326,934.9,0.0,Brazil,Sao Paulo,-23.5505,-46.6333
2026-07-03 02:00:00,21.1,21.3,62.6,17.4,82,3.7,321,934.7,0.0,Brazil,Sao Paulo,-23.5505,-46.6333
2026-07-03 03:00:00,18.7,19.0,53.6,16.7,84,5.1,309,934.2,0.0,Brazil,Sao Paulo,-23.5505,-46.6333
2026-07-03 04:00:00,16.6,16.9,46.4,16.2,82,6.2,314,933.5,0.0,Brazil,Sao Paulo,-23.5505,-46.6333
2026-07-03 05:00:00,14.5,14.9,40.1,15.7,81,6.5,314,933.2,0.0,Brazil,Sao Paulo,-23.5505,-46.6333
2026-07-03 06:00:00,12.7,13.0,35.2,15.0,86,4.9,298,933.2,0.0,Brazil,Sao Paulo,-23.5505,-46.6333
2026-07-03 07:00:00,11.4,11.7,31.6,14.4,87,6.1,294,933.0,0.0,Brazil,Sao Paulo,-23.5505,-46.6333
2026-07-03 08:00:00,10.6,10.9,29.4,14.0,89,6.2,287,932.8,0.0,Brazil,Sao Paulo,-23.5505,-46.6333
2026-07-03 09:00:00,11.5,11.8,29.7,13.8,89,6.5,300,933.4,0.0,Brazil,Sao Paulo,-23.5505,-46.6333
2026-07-03 10:00:00,15.5,15.9,35.6,13.7,89,6.6,315,933.8,0.0,Brazil,Sao Paulo,-23.5505,-46.6333
2026-07-03 11:00:00,21.1,21.6,44.1,15.6,81,6.4,322,934.7,0.0,Brazil,Sao Paulo,-23.5505,-46.6333
2026-07-03 12:00:00,18.9,19.3,48.5,19.3,69,4.6,329,936.3,0.0,Brazil,Sao Paulo,-23.5505,-46.6333
2026-07-03 13:00:00,11.8,12.2,37.8,21.9,58,4.7,302,937.1,0.0,Brazil,Sao Paulo,-23.5505,-46.6333
2026-07-03 14:00:00,12.5,12.8,23.0,23.3,50,5.5,289,936.9,0.0,Brazil,Sao Paulo,-23.5505,-46.6333
2026-07-03 15:00:00,13.6,14.0,12.2,24.2,45,6.9,287,936.2,0.0,Brazil,Sao Paulo,-23.5505,-46.6333
2026-07-03 16:00:00,13.6,14.3,7.6,24.6,45,7.1,279,935.4,0.0,Brazil,Sao Paulo,-23.5505,-46.6333
2026-07-03 17:00:00,13.0,13.9,6.9,25.0,46,7.0,273,934.8,0.0,Brazil,Sao Paulo,-23.5505,-46.6333
2026-07-03 18:00:00,12.0,13.1,11.1,25.4,44,5.3,252,934.4,0.0,Brazil,Sao Paulo,-23.5505,-46.6333
2026-07-03 19:00:00,12.3,13.2,23.4,22.2,59,8.0,172,934.0,0.0,Brazil,Sao Paulo,-23.5505,-46.6333
2026-07-03 20:00:00,16.0,17.7,40.4,17.8,88,12.8,158,934.1,0.0,Brazil,Sao Paulo,-23.5505,-46.6333
2026-07-03 21:00:00,20.8,22.8,53.4,16.4,92,6.8,151,934.5,0.0,Brazil,Sao Paulo,-23.5505,-46.6333
2026-07-03 22:00:00,21.9,23.6,58.7,16.4,91,7.8,146,934.5,0.0,Brazil,Sao Paulo,-23.5505,-46.6333
2026-07-03 23:00:00,22.2,24.0,59.9,15.7,93,7.0,148,935.1,0.0,Brazil,Sao Paulo,-23.5505,-46.6333
2026-07-04 00:00:00,19.0,20.2,56.2,15.9,91,8.2,154,935.8,0.0,Brazil,Sao Paulo,-23.5505,-46.6333
2026-07-04 01:00:00,20.6,21.0,51.3,15.6,92,8.6,150,936.1,0.0,Brazil,Sao Paulo,-23.5505,-46.6333
2026-07-04 02:00:00,16.1,16.9,44.4,15.5,92,8.8,134,935.9,0.1,Brazil,Sao Paulo,-23.5505,-46.6333
2026-07-04 03:00:00,13.2,13.7,38.3,15.5,91,8.0,126,935.5,0.0,Brazil,Sao Paulo,-23.5505,-46.6333
2026-07-04 04:00:00,11.4,11.9,34.2,15.6,89,7.7,127,935.6,0.0,Brazil,Sao Paulo,-23.5505,-46.6333
2026-07-04 05:00:00,9.9,10.4,31.0,15.5,88,8.1,129,935.1,0.0,Brazil,Sao Paulo,-23.5505,-46.6333
2026-07-04 06:00:00,8.1,8.6,28.2,15.3,89,7.8,143,935.2,0.0,Brazil,Sao Paulo,-23.5505,-46.6333
2026-07-04 07:00:00,6.7,7.2,25.5,14.9,90,7.4,148,935.0,0.0,Brazil,Sao Paulo,-23.5505,-46.6333
2026-07-04 08:00:00,5.8,6.3,23.3,14.7,90,7.8,143,935.0,0.0,Brazil,Sao Paulo,-23.5505,-46.6333
2026-07-04 09:00:00,5.2,5.6,22.1,14.5,91,8.0,138,934.8,0.0,Brazil,Sao Paulo,-23.5505,-46.6333
2026-07-04 10:00:00,5.8,6.3,22.9,14.4,91,7.6,128,935.1,0.0,Brazil,Sao Paulo,-23.5505,-46.6333
2026-07-04 11:00:00,7.2,7.8,24.7,14.6,89,6.8,115,935.5,0.0,Brazil,Sao Paulo,-23.5505,-46.6333
2026-07-04 12:00:00,6.8,7.3,22.8,15.5,86,8.4,145,936.5,0.0,Brazil,Sao Paulo,-23.5505,-46.6333
2026-07-04 13:00:00,8.2,8.9,21.1,16.0,82,8.7,150,937.2,0.0,Brazil,Sao Paulo,-23.5505,-46.6333
2026-07-04 14:00:00,9.0,9.7,18.8,15.9,82,6.7,146,936.7,0.0,Brazil,Sao Paulo,-23.5505,-46.6333
2026-07-04 15:00:00,10.4,11.3,17.2,16.6,78,5.4,138,936.3,0.0,Brazil,Sao Paulo,-23.5505,-46.6333
2026-07-04 16:00:00,11.5,12.6,16.4,17.9,72,3.3,112,935.8,0.0,Brazil,Sao Paulo,-23.5505,-46.6333
2026-07-04 17:00:00,12.6,14.1,16.4,18.7,69,2.5,120,935.0,0.0,Brazil,Sao Paulo,-23.5505,-46.6333
2026-07-04 18:00:00,13.0,14.6,18.4,18.9,68,3.4,164,935.1,0.0,Brazil,Sao Paulo,-23.5505,-46.6333
2026-07-04 19:00:00,13.1,14.7,24.1,18.0,74,7.9,153,934.3,0.0,Brazil,Sao Paulo,-23.5505,-46.6333
2026-07-04 20:00:00,14.9,16.4,31.8,16.2,83,8.6,147,934.6,0.0,Brazil,Sao Paulo,-23.5505,-46.6333
2026-07-04 21:00:00,16.1,17.6,37.4,14.7,88,10.1,151,935.0,0.0,Brazil,Sao Paulo,-23.5505,-46.6333
2026-07-04 22:00:00,15.8,17.6,38.9,13.5,91,9.1,146,935.3,0.0,Brazil,Sao Paulo,-23.5505,-46.6333
2026-07-04 23:00:00,14.0,15.8,38.2,13.0,92,7.8,148,935.7,0.0,Brazil,Sao Paulo,-23.5505,-46.6333
2026-07-05 00:00:00,10.2,11.2,34.7,12.7,91,6.0,123,935.8,0.0,Brazil,Sao Paulo,-23.5505,-46.6333
2026-07-05 01:00:00,10.2,11.2,33.9,12.7,91,4.9,114,935.9,0.0,Brazil,Sao Paulo,-23.5505,-46.6333
2026-07-05 02:00:00,10.6,11.6,32.7,12.8,91,5.4,124,935.8,0.0,Brazil,Sao Paulo,-23.5505,-46.6333
2026-07-05 03:00:00,11.1,12.3,31.6,12.9,90,5.5,131,935.7,0.0,Brazil,Sao Paulo,-23.5505,-46.6333
2026-07-05 04:00:00,11.5,12.8,30.9,12.9,91,4.7,130,935.5,0.0,Brazil,Sao Paulo,-23.5505,-46.6333
2026-07-05 05:00:00,11.8,13.2,30.4,12.9,91,4.5,146,935.1,0.0,Brazil,Sao Paulo,-23.5505,-46.6333
2026-07-05 06:00:00,12.1,13.6,29.6,13.0,91,6.1,150,935.5,0.0,Brazil,Sao Paulo,-23.5505,-46.6333
2026-07-05 07:00:00,12.3,13.8,28.5,12.8,92,6.6,135,935.0,0.0,Brazil,Sao Paulo,-23.5505,-46.6333
2026-07-05 08:00:00,12.0,13.4,27.2,12.6,92,6.8,132,934.5,0.0,Brazil,Sao Paulo,-23.5505,-46.6333
2026-07-05 09:00:00,10.7,12.0,25.9,12.6,91,7.2,129,934.9,0.0,Brazil,Sao Paulo,-23.5505,-46.6333
2026-07-05 10:00:00,10.0,11.1,24.6,12.5,91,7.2,125,935.5,0.0,Brazil,Sao Paulo,-23.5505,-46.6333
2026-07-05 11:00:00,10.6,11.8,23.3,12.8,90,6.8,117,935.8,0.0,Brazil,Sao Paulo,-23.5505,-46.6333
2026-07-05 12:00:00,11.3,12.2,20.3,13.5,86,7.4,89,936.2,0.0,Brazil,Sao Paulo,-23.5505,-46.6333
2026-07-05 13:00:00,16.2,16.8,17.6,14.5,81,7.1,99,936.6,0.0,Brazil,Sao Paulo,-23.5505,-46.6333
2026-07-05 14:00:00,17.9,18.2,13.9,15.6,76,6.7,90,936.3,0.0,Brazil,Sao Paulo,-23.5505,-46.6333
2026-07-05 15:00:00,18.2,18.7,11.2,17.5,69,3.4,96,935.8,0.0,Brazil,Sao Paulo,-23.5505,-46.6333
2026-07-05 16:00:00,18.3,19.2,9.9,19.1,63,3.6,147,935.0,0.0,Brazil,Sao Paulo,-23.5505,-46.6333
2026-07-05 17:00:00,18.3,19.4,9.5,20.1,59,5.1,174,934.6,0.0,Brazil,Sao Paulo,-23.5505,-46.6333
2026-07-05 18:00:00,18.9,20.3,10.8,20.5,59,7.9,159,934.6,0.0,Brazil,Sao Paulo,-23.5505,-46.6333
2026-07-05 19:00:00,19.4,21.1,14.9,17.5,76,9.5,155,934.2,0.0,Brazil,Sao Paulo,-23.5505,-46.6333
2026-07-05 20:00:00,19.9,21.8,20.8,15.9,83,6.9,147,934.1,0.0,Brazil,Sao Paulo,-23.5505,-46.6333
2026-07-05 21:00:00,21.0,22.8,25.7,15.0,87,7.6,135,934.1,0.0,Brazil,Sao Paulo,-23.5505,-46.6333
2026-07-05 22:00:00,21.7,23.3,28.3,14.2,90,8.1,137,934.4,0.0,Brazil,Sao Paulo,-23.5505,-46.6333
2026-07-05 23:00:00,22.8,24.9,30.0,13.7,92,6.2,131,934.8,0.0,Brazil,Sao Paulo,-23.5505,-46.6333
2026-07-06 00:00:00,22.8,24.7,34.6,14.0,91,6.0,134,935.3,0.0,Brazil,Sao Paulo,-23.5505,-46.6333
2026-07-06 01:00:00,27.0,28.8,38.2,13.8,92,5.5,113,935.3,0.0,Brazil,Sao Paulo,-23.5505,-46.6333
2026-07-06 02:00:00,28.7,30.7,43.1,13.8,91,5.6,83,935.2,0.0,Brazil,Sao Paulo,-23.5505,-46.6333
2026-07-06 03:00:00,28.5,30.9,46.5,13.8,92,6.9,62,935.0,0.0,Brazil,Sao Paulo,-23.5505,-46.6333
2026-07-06 04:00:00,27.6,29.5,47.0,13.8,92,7.7,54,934.7,0.0,Brazil,Sao Paulo,-23.5505,-46.6333
2026-07-06 05:00:00,28.3,29.6,46.0,13.4,94,5.6,73,933.8,0.0,Brazil,Sao Paulo,-23.5505,-46.6333
2026-07-06 06:00:00,28.3,29.2,45.0,13.2,97,6.1,95,933.8,0.0,Brazil,Sao Paulo,-23.5505,-46.6333
2026-07-06 07:00:00,27.3,28.1,44.1,12.9,99,6.4,68,933.5,0.0,Brazil,Sao Paulo,-23.5505,-46.6333
2026-07-06 08:00:00,26.1,27.0,43.2,12.8,98,5.2,65,933.5,0.0,Brazil,Sao Paulo,-23.5505,-46.6333
2026-07-06 09:00:00,26.0,26.9,42.8,12.6,99,5.0,90,933.5,0.0,Brazil,Sao Paulo,-23.5505,-46.6333
2026-07-06 10:00:00,27.8,28.6,44.5,12.6,98,5.8,74,933.6,0.0,Brazil,Sao Paulo,-23.5505,-46.6333
2026-07-06 11:00:00,31.5,32.2,46.8,12.8,97,5.0,71,933.8,0.0,Brazil,Sao Paulo,-23.5505,-46.6333
2026-07-06 12:00:00,35.7,35.7,40.6,13.9,94,5.2,65,935.0,0.0,Brazil,Sao Paulo,-23.5505,-46.6333
2026-07-06 13:00:00,46.7,46.7,34.4,15.9,81,3.6,70,935.4,0.0,Brazil,Sao Paulo,-23.5505,-46.6333
2026-07-06 14:00:00,42.6,42.6,25.7,18.2,71,2.6,102,935.5,0.0,Brazil,Sao Paulo,-23.5505,-46.6333
2026-07-06 15:00:00,32.4,32.5,18.3,20.6,63,1.2,129,934.9,0.0,Brazil,Sao Paulo,-23.5505,-46.6333
2026-07-06 16:00:00,23.3,23.4,11.5,22.6,50,2.9,270,933.9,0.0,Brazil,Sao Paulo,-23.5505,-46.6333
2026-07-06 17:00:00,16.5,16.5,5.9,23.8,40,9.0,283,933.0,0.0,Brazil,Sao Paulo,-23.5505,-46.6333
2026-07-06 18:00:00,12.6,12.7,7.8,23.9,37,12.0,278,933.3,0.0,Brazil,Sao Paulo,-23.5505,-46.6333
2026-07-06 19:00:00,12.0,12.0,23.0,23.0,37,12.6,274,933.1,0.0,Brazil,Sao Paulo,-23.5505,-46.6333
2026-07-06 20:00:00,14.9,15.1,45.5,21.8,43,11.9,272,933.3,0.0,Brazil,Sao Paulo,-23.5505,-46.6333
2026-07-06 21:00:00,25.8,26.0,63.7,20.4,52,9.0,290,933.2,0.0,Brazil,Sao Paulo,-23.5505,-46.6333
2026-07-06 22:00:00,38.0,38.1,73.0,19.5,59,7.0,302,933.0,0.0,Brazil,Sao Paulo,-23.5505,-46.6333
2026-07-06 23:00:00,45.5,45.6,78.0,18.6,66,6.2,303,932.9,0.0,Brazil,Sao Paulo,-23.5505,-46.6333
2026-07-07 00:00:00,52.7,52.9,81.7,18.1,71,3.9,298,933.3,0.0,Brazil,Sao Paulo,-23.5505,-46.6333
2026-07-07 01:00:00,50.9,51.0,81.8,17.4,74,5.1,315,932.9,0.0,Brazil,Sao Paulo,-23.5505,-46.6333
2026-07-07 02:00:00,46.3,46.4,81.5,16.7,77,4.8,312,932.5,0.0,Brazil,Sao Paulo,-23.5505,-46.6333
2026-07-07 03:00:00,41.6,41.6,77.8,16.0,80,5.4,320,932.2,0.0,Brazil,Sao Paulo,-23.5505,-46.6333
2026-07-07 04:00:00,37.5,37.5,68.0,15.4,81,6.3,340,931.9,0.0,Brazil,Sao Paulo,-23.5505,-46.6333
2026-07-07 05:00:00,33.5,33.5,54.9,14.8,83,5.4,345,930.7,0.0,Brazil,Sao Paulo,-23.5505,-46.6333
2026-07-07 06:00:00,29.7,29.7,44.1,14.1,86,4.3,332,930.9,0.0,Brazil,Sao Paulo,-23.5505,-46.6333
2026-07-07 07:00:00,26.4,26.4,37.7,13.6,87,5.2,329,930.2,0.0,Brazil,Sao Paulo,-23.5505,-46.6333
2026-07-07 08:00:00,24.1,24.1,33.5,13.5,86,5.4,307,930.3,0.0,Brazil,Sao Paulo,-23.5505,-46.6333
2026-07-07 09:00:00,22.5,22.5,31.0,13.5,85,6.0,299,930.8,0.0,Brazil,Sao Paulo,-23.5505,-46.6333
2026-07-07 10:00:00,24.0,24.0,31.2,13.4,87,5.1,297,931.6,0.0,Brazil,Sao Paulo,-23.5505,-46.6333
2026-07-07 11:00:00,25.7,25.7,33.1,15.1,79,6.0,291,932.1,0.0,Brazil,Sao Paulo,-23.5505,-46.6333
2026-07-07 12:00:00,14.7,14.8,29.3,16.9,74,7.5,290,933.9,0.0,Brazil,Sao Paulo,-23.5505,-46.6333
2026-07-07 13:00:00,12.6,12.9,23.5,18.1,70,11.2,266,934.5,0.0,Brazil,Sao Paulo,-23.5505,-46.6333
2026-07-07 14:00:00,9.6,9.8,15.5,19.0,68,13.2,238,934.5,0.2,Brazil,Sao Paulo,-23.5505,-46.6333
2026-07-07 15:00:00,8.0,8.4,9.9,19.0,68,10.7,225,933.8,0.2,Brazil,Sao Paulo,-23.5505,-46.6333
2026-07-07 16:00:00,7.3,7.8,8.0,19.6,65,9.7,219,933.3,0.1,Brazil,Sao Paulo,-23.5505,-46.6333
2026-07-07 17:00:00,6.6,7.1,8.6,19.5,65,8.6,219,933.0,0.3,Brazil,Sao Paulo,-23.5505,-46.6333
2026-07-07 18:00:00,6.2,6.7,12.2,19.3,66,8.1,212,933.2,0.2,Brazil,Sao Paulo,-23.5505,-46.6333
2026-07-07 19:00:00,7.2,7.8,21.0,18.3,72,8.2,189,933.0,0.2,Brazil,Sao Paulo,-23.5505,-46.6333
2026-07-07 20:00:00,8.8,9.5,32.8,16.4,81,9.6,159,933.2,0.1,Brazil,Sao Paulo,-23.5505,-46.6333
2026-07-07 21:00:00,11.1,11.9,42.0,15.5,84,7.4,158,933.5,0.0,Brazil,Sao Paulo,-23.5505,-46.6333
2026-07-07 22:00:00,11.6,12.5,46.2,15.0,87,6.0,141,933.5,0.0,Brazil,Sao Paulo,-23.5505,-46.6333
2026-07-07 23:00:00,12.4,13.3,47.7,14.5,89,6.5,132,933.7,0.0,Brazil,Sao Paulo,-23.5505,-46.6333
2026-07-08 00:00:00,16.9,18.0,49.4,14.1,89,6.4,135,934.4,0.0,Brazil,Sao Paulo,-23.5505,-46.6333
2026-07-08 01:00:00,18.0,19.2,49.6,14.0,90,5.6,119,934.4,0.0,Brazil,Sao Paulo,-23.5505,-46.6333
2026-07-08 02:00:00,18.6,19.6,50.0,14.0,89,4.9,94,934.4,0.0,Brazil,Sao Paulo,-23.5505,-46.6333
2026-07-08 03:00:00,18.7,19.6,50.2,13.8,90,4.0,93,934.1,0.0,Brazil,Sao Paulo,-23.5505,-46.6333
2026-07-08 04:00:00,18.3,19.3,50.4,13.8,90,3.3,99,933.8,0.0,Brazil,Sao Paulo,-23.5505,-46.6333
2026-07-08 05:00:00,18.0,18.9,50.5,13.7,89,3.1,103,933.4,0.0,Brazil,Sao Paulo,-23.5505,-46.6333
2026-07-08 06:00:00,17.7,18.6,50.3,13.4,90,3.4,96,933.6,0.0,Brazil,Sao Paulo,-23.5505,-46.6333
2026-07-08 07:00:00,17.0,17.9,49.9,13.4,89,3.3,119,933.3,0.0,Brazil,Sao Paulo,-23.5505,-46.6333
2026-07-08 08:00:00,16.4,17.3,49.2,13.3,89,3.6,117,933.3,0.0,Brazil,Sao Paulo,-23.5505,-46.6333
2026-07-08 09:00:00,16.0,17.1,48.0,13.1,88,3.6,99,933.7,0.0,Brazil,Sao Paulo,-23.5505,-46.6333
2026-07-08 10:00:00,18.0,19.0,46.4,13.0,88,4.0,108,934.0,0.0,Brazil,Sao Paulo,-23.5505,-46.6333
2026-07-08 11:00:00,18.9,20.0,44.2,13.2,85,3.7,101,934.7,0.0,Brazil,Sao Paulo,-23.5505,-46.6333
2026-07-08 12:00:00,16.8,16.9,38.1,14.3,79,3.6,70,936.0,0.0,Brazil,Sao Paulo,-23.5505,-46.6333
2026-07-08 13:00:00,19.4,19.4,32.4,15.9,70,3.7,14,936.8,0.0,Brazil,Sao Paulo,-23.5505,-46.6333
2026-07-08 14:00:00,22.7,22.7,24.5,17.9,60,4.8,333,936.5,0.0,Brazil,Sao Paulo,-23.5505,-46.6333
2026-07-08 15:00:00,23.8,23.8,18.1,19.3,53,3.6,303,936.0,0.0,Brazil,Sao Paulo,-23.5505,-46.6333
2026-07-08 16:00:00,23.6,23.6,12.7,20.3,47,3.5,261,935.1,0.0,Brazil,Sao Paulo,-23.5505,-46.6333
2026-07-08 17:00:00,24.9,24.9,8.8,20.9,43,4.6,259,934.6,0.0,Brazil,Sao Paulo,-23.5505,-46.6333
2026-07-08 18:00:00,24.7,24.9,12.1,21.4,41,5.8,250,934.3,0.0,Brazil,Sao Paulo,-23.5505,-46.6333
2026-07-08 19:00:00,25.3,25.6,28.0,21.2,42,6.1,258,934.0,0.0,Brazil,Sao Paulo,-23.5505,-46.6333
2026-07-08 20:00:00,27.8,28.2,51.1,20.6,46,5.4,262,933.8,0.0,Brazil,Sao Paulo,-23.5505,-46.6333
2026-07-08 21:00:00,36.3,36.9,70.6,18.7,56,3.8,205,933.8,0.0,Brazil,Sao Paulo,-23.5505,-46.6333
2026-07-08 22:00:00,42.7,43.7,83.2,16.6,69,5.4,159,934.0,0.0,Brazil,Sao Paulo,-23.5505,-46.6333
2026-07-08 23:00:00,46.4,48.1,92.1,15.1,83,4.7,133,934.1,0.0,Brazil,Sao Paulo,-23.5505,-46.6333
2026-07-09 00:00:00,50.9,53.4,86.7,14.0,88,3.9,124,934.9,0.0,Brazil,Sao Paulo,-23.5505,-46.6333
2026-07-09 01:00:00,61.5,63.3,85.2,13.5,90,2.5,120,934.9,0.0,Brazil,Sao Paulo,-23.5505,-46.6333
2026-07-09 02:00:00,69.6,70.3,83.0,13.0,92,2.4,107,934.7,0.0,Brazil,Sao Paulo,-23.5505,-46.6333
2026-07-09 03:00:00,72.2,72.9,80.9,13.0,91,2.2,104,934.6,0.0,Brazil,Sao Paulo,-23.5505,-46.6333
2026-07-09 04:00:00,72.9,73.6,79.1,12.7,91,2.6,115,934.5,0.0,Brazil,Sao Paulo,-23.5505,-46.6333
2026-07-09 05:00:00,74.7,75.4,77.3,12.5,90,3.1,126,934.3,0.0,Brazil,Sao Paulo,-23.5505,-46.6333
2026-07-09 06:00:00,76.8,77.3,75.8,12.3,89,2.7,118,934.6,0.0,Brazil,Sao Paulo,-23.5505,-46.6333
2026-07-09 07:00:00,78.9,79.6,74.8,12.1,88,1.9,73,934.2,0.0,Brazil,Sao Paulo,-23.5505,-46.6333
2026-07-09 08:00:00,80.1,80.8,74.0,11.8,89,3.0,52,934.0,0.0,Brazil,Sao Paulo,-23.5505,-46.6333
2026-07-09 09:00:00,81.0,81.5,72.7,11.5,91,3.7,55,933.9,0.0,Brazil,Sao Paulo,-23.5505,-46.6333
2026-07-09 10:00:00,84.5,84.8,71.9,11.4,91,4.1,45,933.8,0.0,Brazil,Sao Paulo,-23.5505,-46.6333
2026-07-09 11:00:00,86.8,87.1,70.7,12.0,86,3.8,45,934.2,0.0,Brazil,Sao Paulo,-23.5505,-46.6333
2026-07-09 12:00:00,82.9,83.1,70.8,13.4,77,3.3,61,935.2,0.0,Brazil,Sao Paulo,-23.5505,-46.6333
2026-07-09 13:00:00,71.2,71.5,55.4,15.9,66,2.4,77,935.9,0.0,Brazil,Sao Paulo,-23.5505,-46.6333
2026-07-09 14:00:00,49.7,49.8,34.1,18.8,56,1.4,67,935.9,0.0,Brazil,Sao Paulo,-23.5505,-46.6333
2026-07-09 15:00:00,40.2,40.3,18.1,20.9,47,0.5,90,935.4,0.0,Brazil,Sao Paulo,-23.5505,-46.6333
2026-07-09 16:00:00,35.3,35.3,9.2,22.2,41,1.0,158,934.5,0.0,Brazil,Sao Paulo,-23.5505,-46.6333
2026-07-09 17:00:00,33.1,33.2,5.6,23.0,37,2.3,180,933.9,0.0,Brazil,Sao Paulo,-23.5505,-46.6333
2026-07-09 18:00:00,33.8,34.0,12.7,23.2,37,3.4,180,933.4,0.0,Brazil,Sao Paulo,-23.5505,-46.6333
2026-07-09 19:00:00,35.6,35.9,37.0,23.0,38,2.9,184,933.0,0.0,Brazil,Sao Paulo,-23.5505,-46.6333
2026-07-09 20:00:00,42.0,42.3,72.0,22.3,40,2.2,194,932.9,0.0,Brazil,Sao Paulo,-23.5505,-46.6333
2026-07-09 21:00:00,60.8,61.0,103.6,20.7,48,1.9,107,932.9,0.0,Brazil,Sao Paulo,-23.5505,-46.6333
2026-07-09 22:00:00,80.3,80.6,128.8,19.3,56,4.3,68,932.9,0.0,Brazil,Sao Paulo,-23.5505,-46.6333
2026-07-09 23:00:00,93.6,93.8,150.7,17.8,67,4.1,41,932.7,0.0,Brazil,Sao Paulo,-23.5505,-46.6333
2026-07-10 00:00:00,87.5,87.5,172.2,16.8,71,4.6,48,932.9,0.0,Brazil,Sao Paulo,-23.5505,-46.6333
2026-07-10 01:00:00,88.5,88.5,162.5,15.3,80,3.8,11,932.6,0.0,Brazil,Sao Paulo,-23.5505,-46.6333
2026-07-10 02:00:00,87.1,87.1,148.6,14.4,83,3.5,348,932.2,0.0,Brazil,Sao Paulo,-23.5505,-46.6333
2026-07-10 03:00:00,82.7,82.9,134.0,13.5,85,3.4,335,931.8,0.0,Brazil,Sao Paulo,-23.5505,-46.6333
2026-07-10 04:00:00,77.1,77.3,119.7,12.4,87,4.1,319,931.0,0.0,Brazil,Sao Paulo,-23.5505,-46.6333
2026-07-10 05:00:00,71.0,71.0,104.7,11.2,91,4.9,327,930.3,0.0,Brazil,Sao Paulo,-23.5505,-46.6333
2026-07-10 06:00:00,63.8,63.8,90.0,11.5,86,4.8,331,930.7,0.0,Brazil,Sao Paulo,-23.5505,-46.6333
2026-07-10 07:00:00,56.2,56.3,74.8,12.0,82,4.6,318,930.6,0.0,Brazil,Sao Paulo,-23.5505,-46.6333
2026-07-10 08:00:00,48.5,48.7,60.0,12.6,77,5.7,307,930.5,0.0,Brazil,Sao Paulo,-23.5505,-46.6333
2026-07-10 09:00:00,41.2,41.3,48.7,12.3,76,7.8,314,930.3,0.0,Brazil,Sao Paulo,-23.5505,-46.6333
2026-07-10 10:00:00,36.9,37.1,44.0,12.6,73,8.6,319,930.4,0.0,Brazil,Sao Paulo,-23.5505,-46.6333
2026-07-10 11:00:00,34.3,34.6,43.0,14.8,61,8.8,316,931.4,0.0,Brazil,Sao Paulo,-23.5505,-46.6333
2026-07-10 12:00:00,24.4,24.9,39.8,17.9,52,7.1,326,932.6,0.0,Brazil,Sao Paulo,-23.5505,-46.6333
2026-07-10 13:00:00,17.9,18.0,31.8,20.3,47,10.7,327,932.8,0.0,Brazil,Sao Paulo,-23.5505,-46.6333
2026-07-10 14:00:00,12.9,12.9,20.7,22.4,40,12.2,323,932.7,0.0,Brazil,Sao Paulo,-23.5505,-46.6333
2026-07-10 15:00:00,11.0,11.0,12.4,23.7,36,12.5,310,932.3,0.0,Brazil,Sao Paulo,-23.5505,-46.6333
2026-07-10 16:00:00,10.9,10.9,7.1,24.7,33,12.6,306,931.4,0.0,Brazil,Sao Paulo,-23.5505,-46.6333
2026-07-10 17:00:00,11.4,11.4,4.6,25.1,31,11.4,308,930.4,0.0,Brazil,Sao Paulo,-23.5505,-46.6333
2026-07-10 18:00:00,12.4,12.4,10.1,25.6,29,10.6,305,930.5,0.0,Brazil,Sao Paulo,-23.5505,-46.6333
2026-07-10 19:00:00,14.1,14.1,29.3,25.2,29,10.0,300,930.2,0.0,Brazil,Sao Paulo,-23.5505,-46.6333
2026-07-10 20:00:00,19.7,19.7,56.6,24.1,32,8.7,297,930.6,0.0,Brazil,Sao Paulo,-23.5505,-46.6333
2026-07-10 21:00:00,31.1,31.1,80.4,22.2,39,6.3,275,930.6,0.0,Brazil,Sao Paulo,-23.5505,-46.6333
2026-07-10 22:00:00,44.9,44.9,97.2,21.3,44,5.5,247,931.0,0.0,Brazil,Sao Paulo,-23.5505,-46.6333
2026-07-10 23:00:00,57.3,57.3,110.6,20.7,48,7.0,203,931.4,0.0,Brazil,Sao Paulo,-23.5505,-46.6333
2026-07-11 00:00:00,71.5,71.5,141.5,18.6,62,5.4,160,931.7,0.0,Brazil,Sao Paulo,-23.5505,-46.6333
2026-07-11 01:00:00,77.8,78.0,142.3,17.4,70,2.4,103,931.3,0.0,Brazil,Sao Paulo,-23.5505,-46.6333
2026-07-11 02:00:00,83.8,84.1,143.2,16.8,73,1.8,135,931.0,0.0,Brazil,Sao Paulo,-23.5505,-46.6333
2026-07-11 03:00:00,87.5,88.0,142.7,16.1,76,2.8,105,930.8,0.0,Brazil,Sao Paulo,-23.5505,-46.6333
2026-07-11 04:00:00,86.4,86.8,140.1,15.1,81,4.0,27,929.9,0.0,Brazil,Sao Paulo,-23.5505,-46.6333
2026-07-11 05:00:00,84.8,85.2,136.1,14.7,82,3.1,3,928.9,0.0,Brazil,Sao Paulo,-23.5505,-46.6333
2026-07-11 06:00:00,83.8,84.3,130.6,14.4,86,2.5,176,930.3,0.0,Brazil,Sao Paulo,-23.5505,-46.6333
2026-07-11 07:00:00,82.7,83.1,124.0,13.9,87,2.0,27,930.1,0.0,Brazil,Sao Paulo,-23.5505,-46.6333
2026-07-11 08:00:00,80.8,81.5,116.0,13.4,89,5.7,24,929.4,0.0,Brazil,Sao Paulo,-23.5505,-46.6333
2026-07-11 09:00:00,78.0,78.7,105.9,12.5,93,5.7,41,928.8,0.0,Brazil,Sao Paulo,-23.5505,-46.6333
2026-07-11 10:00:00,76.8,77.5,93.2,11.9,95,4.8,31,928.8,0.0,Brazil,Sao Paulo,-23.5505,-46.6333
2026-07-11 11:00:00,72.6,73.3,78.4,14.0,80,3.8,17,929.6,0.0,Brazil,Sao Paulo,-23.5505,-46.6333
2026-07-11 12:00:00,43.5,44.0,57.5,18.0,60,3.9,28,931.0,0.0,Brazil,Sao Paulo,-23.5505,-46.6333
2026-07-11 13:00:00,21.9,22.1,42.7,22.3,43,7.6,346,931.9,0.0,Brazil,Sao Paulo,-23.5505,-46.6333
2026-07-11 14:00:00,9.1,9.1,22.4,24.2,36,12.6,335,931.4,0.0,Brazil,Sao Paulo,-23.5505,-46.6333
2026-07-11 15:00:00,6.6,6.6,7.4,25.3,35,14.8,327,930.7,0.0,Brazil,Sao Paulo,-23.5505,-46.6333
2026-07-11 16:00:00,5.6,5.6,2.4,26.3,32,17.3,321,929.9,0.0,Brazil,Sao Paulo,-23.5505,-46.6333
2026-07-11 17:00:00,5.9,6.0,2.7,26.7,29,17.5,320,929.1,0.0,Brazil,Sao Paulo,-23.5505,-46.6333
2026-07-11 18:00:00,7.1,7.2,5.1,27.1,29,17.5,312,928.8,0.0,Brazil,Sao Paulo,-23.5505,-46.6333
2026-07-11 19:00:00,9.9,9.9,9.5,26.6,32,16.7,305,928.9,0.0,Brazil,Sao Paulo,-23.5505,-46.6333
2026-07-11 20:00:00,11.0,11.1,16.1,25.4,37,13.2,317,928.7,0.0,Brazil,Sao Paulo,-23.5505,-46.6333
2026-07-11 21:00:00,13.2,13.3,21.4,23.9,42,12.6,317,928.5,0.0,Brazil,Sao Paulo,-23.5505,-46.6333
2026-07-11 22:00:00,14.5,14.6,24.5,22.9,47,11.9,311,928.7,0.0,Brazil,Sao Paulo,-23.5505,-46.6333
2026-07-11 23:00:00,14.7,14.9,26.3,21.7,54,9.5,302,929.2,0.0,Brazil,Sao Paulo,-23.5505,-46.6333
2026-07-12 00:00:00,12.1,12.7,28.4,22.0,53,4.9,231,929.2,0.0,Brazil,Sao Paulo,-23.5505,-46.6333
2026-07-12 01:00:00,13.6,14.0,30.6,18.4,74,8.3,156,929.0,0.1,Brazil,Sao Paulo,-23.5505,-46.6333
2026-07-12 02:00:00,18.6,19.0,33.4,17.1,84,6.0,217,930.0,0.2,Brazil,Sao Paulo,-23.5505,-46.6333
2026-07-12 03:00:00,19.6,20.1,33.1,16.9,88,4.2,348,929.7,1.0,Brazil,Sao Paulo,-23.5505,-46.6333
2026-07-12 04:00:00,14.9,15.3,26.9,16.3,91,10.7,343,928.8,1.9,Brazil,Sao Paulo,-23.5505,-46.6333
2026-07-12 05:00:00,9.9,10.2,17.8,16.5,88,15.1,305,927.4,1.6,Brazil,Sao Paulo,-23.5505,-46.6333
2026-07-12 06:00:00,5.6,5.8,10.7,16.1,90,9.4,288,928.9,0.3,Brazil,Sao Paulo,-23.5505,-46.6333
2026-07-12 07:00:00,4.0,4.2,7.9,15.8,93,13.3,312,927.9,0.5,Brazil,Sao Paulo,-23.5505,-46.6333
2026-07-12 08:00:00,3.7,3.9,7.1,15.6,92,11.4,311,927.4,0.1,Brazil,Sao Paulo,-23.5505,-46.6333
2026-07-12 09:00:00,4.5,4.7,7.0,15.6,91,13.3,312,927.5,0.0,Brazil,Sao Paulo,-23.5505,-46.6333
2026-07-12 10:00:00,5.8,6.1,7.5,15.7,90,11.8,309,928.3,0.0,Brazil,Sao Paulo,-23.5505,-46.6333
2026-07-12 11:00:00,6.7,7.0,8.5,16.2,89,10.2,314,928.8,0.0,Brazil,Sao Paulo,-23.5505,-46.6333
2026-07-12 12:00:00,6.1,6.2,12.2,17.6,82,11.8,322,929.8,0.0,Brazil,Sao Paulo,-23.5505,-46.6333
2026-07-12 13:00:00,5.4,5.6,10.1,18.4,78,18.0,314,930.0,0.1,Brazil,Sao Paulo,-23.5505,-46.6333
2026-07-12 14:00:00,5.0,5.2,7.2,19.7,70,19.1,301,930.5,0.0,Brazil,Sao Paulo,-23.5505,-46.6333
2026-07-12 15:00:00,5.8,6.0,5.1,20.4,66,18.3,295,929.9,0.0,Brazil,Sao Paulo,-23.5505,-46.6333
2026-07-12 16:00:00,6.5,6.8,4.2,21.4,61,19.0,288,929.2,0.0,Brazil,Sao Paulo,-23.5505,-46.6333
2026-07-12 17:00:00,7.0,7.3,4.2,21.7,60,17.5,280,928.9,0.0,Brazil,Sao Paulo,-23.5505,-46.6333
2026-07-12 18:00:00,7.6,8.0,5.0,22.4,58,14.3,276,928.9,0.0,Brazil,Sao Paulo,-23.5505,-46.6333
2026-07-12 19:00:00,7.8,8.4,7.4,19.6,72,12.2,213,928.8,0.7,Brazil,Sao Paulo,-23.5505,-46.6333
2026-07-12 20:00:00,8.4,9.1,10.8,17.0,84,11.7,165,929.6,0.4,Brazil,Sao Paulo,-23.5505,-46.6333
2026-07-12 21:00:00,9.4,10.3,13.0,15.5,85,10.9,172,930.3,0.1,Brazil,Sao Paulo,-23.5505,-46.6333
2026-07-12 22:00:00,9.6,10.6,13.0,14.5,85,10.3,174,930.8,0.1,Brazil,Sao Paulo,-23.5505,-46.6333
2026-07-12 23:00:00,7.2,8.0,12.0,14.3,85,10.1,175,930.9,0.0,Brazil,Sao Paulo,-23.5505,-46.6333
2026-07-13 00:00:00,4.9,5.7,12.9,14.1,79,11.3,163,932.0,0.0,Brazil,Sao Paulo,-23.5505,-46.6333
2026-07-13 01:00:00,5.3,6.0,13.6,13.9,79,11.2,162,932.3,0.2,Brazil,Sao Paulo,-23.5505,-46.6333
2026-07-13 02:00:00,5.6,6.3,14.6,13.3,85,9.7,158,932.2,0.5,Brazil,Sao Paulo,-23.5505,-46.6333
2026-07-13 03:00:00,6.0,6.9,15.0,13.1,86,8.4,157,931.8,0.3,Brazil,Sao Paulo,-23.5505,-46.6333
2026-07-13 04:00:00,6.1,6.9,14.3,12.9,84,7.7,152,931.4,0.0,Brazil,Sao Paulo,-23.5505,-46.6333
2026-07-13 05:00:00,6.3,7.3,13.0,12.6,81,7.0,148,931.0,0.0,Brazil,Sao Paulo,-23.5505,-46.6333
2026-07-13 06:00:00,6.4,7.6,12.2,12.3,81,7.3,155,931.3,0.0,Brazil,Sao Paulo,-23.5505,-46.6333
2026-07-13 07:00:00,7.2,8.5,12.2,12.2,81,7.9,150,931.0,0.0,Brazil,Sao Paulo,-23.5505,-46.6333
2026-07-13 08:00:00,8.3,9.7,12.7,12.1,84,8.4,155,930.8,0.0,Brazil,Sao Paulo,-23.5505,-46.6333
2026-07-13 09:00:00,8.5,10.1,13.7,12.3,82,8.8,154,931.1,0.1,Brazil,Sao Paulo,-23.5505,-46.6333
2026-07-13 10:00:00,9.7,11.4,16.0,12.1,82,7.6,158,931.7,0.0,Brazil,Sao Paulo,-23.5505,-46.6333
2026-07-13 11:00:00,10.4,12.0,18.9,12.4,81,8.3,164,932.3,0.0,Brazil,Sao Paulo,-23.5505,-46.6333
2026-07-13 12:00:00,4.5,5.1,13.2,12.7,79,8.7,156,933.2,0.0,Brazil,Sao Paulo,-23.5505,-46.6333
2026-07-13 13:00:00,6.1,6.6,11.8,14.1,71,8.4,155,933.6,0.1,Brazil,Sao Paulo,-23.5505,-46.6333
2026-07-13 14:00:00,6.3,7.1,9.8,15.4,62,8.2,161,933.6,0.1,Brazil,Sao Paulo,-23.5505,-46.6333
2026-07-13 15:00:00,6.7,7.7,8.4,16.3,56,8.5,176,933.3,0.0,Brazil,Sao Paulo,-23.5505,-46.6333
2026-07-13 16:00:00,7.3,8.6,7.5,16.7,52,8.8,185,932.6,0.0,Brazil,Sao Paulo,-23.5505,-46.6333
2026-07-13 17:00:00,7.7,9.3,7.1,17.1,50,9.5,179,932.4,0.0,Brazil,Sao Paulo,-23.5505,-46.6333
2026-07-13 18:00:00,8.1,9.9,8.2,16.3,54,11.5,178,932.9,0.0,Brazil,Sao Paulo,-23.5505,-46.6333
2026-07-13 19:00:00,8.4,10.3,12.1,15.2,61,11.8,173,932.9,0.0,Brazil,Sao Paulo,-23.5505,-46.6333
2026-07-13 20:00:00,8.1,9.8,17.6,14.0,70,11.4,173,933.2,0.0,Brazil,Sao Paulo,-23.5505,-46.6333
2026-07-13 21:00:00,9.3,10.9,21.2,13.0,75,11.1,173,933.6,0.0,Brazil,Sao Paulo,-23.5505,-46.6333
2026-07-13 22:00:00,9.9,11.6,21.2,12.1,79,11.1,173,934.4,0.0,Brazil,Sao Paulo,-23.5505,-46.6333
2026-07-13 23:00:00,9.8,11.2,19.3,11.7,78,11.3,181,935.2,0.0,Brazil,Sao Paulo,-23.5505,-46.6333
2026-07-14 00:00:00,10.9,13.3,18.6,10.9,76,9.2,160,935.8,0.0,Brazil,Sao Paulo,-23.5505,-46.6333
2026-07-14 01:00:00,11.6,13.7,20.3,10.2,78,6.9,163,936.0,0.0,Brazil,Sao Paulo,-23.5505,-46.6333
2026-07-14 02:00:00,12.3,14.6,22.6,9.8,82,6.1,168,936.0,0.0,Brazil,Sao Paulo,-23.5505,-46.6333
2026-07-14 03:00:00,12.8,14.9,23.8,9.3,86,4.5,173,935.6,0.0,Brazil,Sao Paulo,-23.5505,-46.6333
2026-07-14 04:00:00,12.7,14.9,22.7,9.1,88,4.4,173,935.3,0.0,Brazil,Sao Paulo,-23.5505,-46.6333
2026-07-14 05:00:00,12.7,14.8,20.4,9.2,89,4.4,173,935.0,0.0,Brazil,Sao Paulo,-23.5505,-46.6333
2026-07-14 06:00:00,12.2,14.3,19.1,9.8,85,4.5,175,935.4,0.0,Brazil,Sao Paulo,-23.5505,-46.6333
2026-07-14 07:00:00,11.6,13.7,19.6,10.1,83,3.4,174,935.2,0.0,Brazil,Sao Paulo,-23.5505,-46.6333
2026-07-14 08:00:00,10.8,12.7,21.0,10.4,83,4.6,149,934.9,0.0,Brazil,Sao Paulo,-23.5505,-46.6333
2026-07-14 09:00:00,10.9,12.5,22.5,10.6,84,5.7,134,934.9,0.0,Brazil,Sao Paulo,-23.5505,-46.6333
2026-07-14 10:00:00,12.7,14.2,24.4,10.9,86,6.8,122,935.6,0.0,Brazil,Sao Paulo,-23.5505,-46.6333
2026-07-14 11:00:00,13.8,15.3,26.4,11.2,87,7.9,117,936.3,0.0,Brazil,Sao Paulo,-23.5505,-46.6333
2026-07-14 12:00:00,10.0,11.3,26.8,11.8,85,11.4,103,937.5,0.0,Brazil,Sao Paulo,-23.5505,-46.6333
2026-07-14 13:00:00,8.8,9.9,22.3,12.9,79,11.8,96,937.9,0.0,Brazil,Sao Paulo,-23.5505,-46.6333
2026-07-14 14:00:00,9.2,10.6,16.1,14.7,68,12.7,96,937.6,0.1,Brazil,Sao Paulo,-23.5505,-46.6333
2026-07-14 15:00:00,8.2,9.8,11.5,15.6,63,13.3,93,937.1,0.0,Brazil,Sao Paulo,-23.5505,-46.6333
2026-07-14 16:00:00,8.1,9.7,9.0,16.3,61,12.1,91,936.2,0.0,Brazil,Sao Paulo,-23.5505,-46.6333
2026-07-14 17:00:00,7.8,9.3,8.0,17.1,58,12.1,86,935.7,0.0,Brazil,Sao Paulo,-23.5505,-46.6333
2026-07-14 18:00:00,8.1,9.8,10.2,17.8,54,11.5,88,935.7,0.0,Brazil,Sao Paulo,-23.5505,-46.6333
2026-07-14 19:00:00,8.9,10.6,17.7,18.0,53,11.1,106,935.4,0.0,Brazil,Sao Paulo,-23.5505,-46.6333
2026-07-14 20:00:00,9.7,11.4,28.3,16.2,67,12.8,128,935.5,0.0,Brazil,Sao Paulo,-23.5505,-46.6333
2026-07-14 21:00:00,12.7,14.0,37.2,14.1,82,12.0,131,935.4,0.0,Brazil,Sao Paulo,-23.5505,-46.6333
2026-07-14 22:00:00,15.7,16.9,42.8,13.1,88,10.6,125,935.5,0.0,Brazil,Sao Paulo,-23.5505,-46.6333
2026-07-14 23:00:00,17.6,18.8,46.8,12.2,93,8.8,107,935.9,0.0,Brazil,Sao Paulo,-23.5505,-46.6333
2026-07-15 00:00:00,17.5,19.3,46.1,11.8,95,8.7,103,936.6,0.0,Brazil,Sao Paulo,-23.5505,-46.6333
2026-07-15 01:00:00,17.3,18.9,45.2,11.6,95,8.7,94,936.5,0.0,Brazil,Sao Paulo,-23.5505,-46.6333
2026-07-15 02:00:00,18.1,19.8,43.8,11.5,94,9.0,78,936.3,0.0,Brazil,Sao Paulo,-23.5505,-46.6333
2026-07-15 03:00:00,18.4,20.1,42.1,11.0,94,9.1,76,936.1,0.0,Brazil,Sao Paulo,-23.5505,-46.6333
2026-07-15 04:00:00,18.5,20.4,39.9,10.7,95,10.3,75,935.7,0.0,Brazil,Sao Paulo,-23.5505,-46.6333
2026-07-15 05:00:00,18.3,20.3,37.3,10.6,97,10.9,73,935.5,0.0,Brazil,Sao Paulo,-23.5505,-46.6333
2026-07-15 06:00:00,17.9,19.9,35.2,10.6,95,12.0,69,935.7,0.0,Brazil,Sao Paulo,-23.5505,-46.6333
2026-07-15 07:00:00,17.3,19.3,33.8,10.7,93,11.6,68,935.3,0.0,Brazil,Sao Paulo,-23.5505,-46.6333
2026-07-15 08:00:00,15.9,18.1,32.9,10.3,93,10.1,68,935.0,0.0,Brazil,Sao Paulo,-23.5505,-46.6333
2026-07-15 09:00:00,16.8,19.0,32.2,10.0,94,8.1,72,935.2,0.0,Brazil,Sao Paulo,-23.5505,-46.6333
2026-07-15 10:00:00,20.2,22.4,32.3,9.6,97,8.0,80,935.8,0.0,Brazil,Sao Paulo,-23.5505,-46.6333
2026-07-15 11:00:00,22.7,25.0,32.7,10.0,93,8.6,78,936.4,0.0,Brazil,Sao Paulo,-23.5505,-46.6333
2026-07-15 12:00:00,21.4,22.5,32.7,11.2,90,9.5,71,937.8,0.0,Brazil,Sao Paulo,-23.5505,-46.6333
2026-07-15 13:00:00,25.0,25.4,27.4,13.3,76,9.0,70,938.4,0.0,Brazil,Sao Paulo,-23.5505,-46.6333
2026-07-15 14:00:00,22.1,22.2,20.0,15.5,65,7.4,77,938.3,0.0,Brazil,Sao Paulo,-23.5505,-46.6333
2026-07-15 15:00:00,19.2,19.2,14.2,17.7,53,6.6,79,937.8,0.0,Brazil,Sao Paulo,-23.5505,-46.6333
2026-07-15 16:00:00,16.6,16.7,8.5,19.5,43,5.7,77,937.1,0.0,Brazil,Sao Paulo,-23.5505,-46.6333
2026-07-15 17:00:00,15.3,15.3,4.4,20.6,40,5.2,74,936.3,0.0,Brazil,Sao Paulo,-23.5505,-46.6333
2026-07-15 18:00:00,15.0,15.0,10.4,21.6,37,5.2,70,935.9,0.0,Brazil,Sao Paulo,-23.5505,-46.6333
2026-07-15 19:00:00,15.4,15.4,35.2,21.6,36,5.2,49,935.3,0.0,Brazil,Sao Paulo,-23.5505,-46.6333
2026-07-15 20:00:00,21.8,21.9,70.0,20.9,37,4.6,51,935.1,0.0,Brazil,Sao Paulo,-23.5505,-46.6333
2026-07-15 21:00:00,36.6,36.6,96.7,18.7,49,5.4,76,934.8,0.0,Brazil,Sao Paulo,-23.5505,-46.6333
2026-07-15 22:00:00,49.1,49.4,107.1,17.4,58,7.6,78,935.3,0.0,Brazil,Sao Paulo,-23.5505,-46.6333
2026-07-15 23:00:00,58.8,59.1,109.4,16.2,67,7.6,62,935.5,0.0,Brazil,Sao Paulo,-23.5505,-46.6333
2026-07-16 00:00:00,61.5,61.5,111.8,15.1,72,7.0,67,935.7,0.0,Brazil,Sao Paulo,-23.5505,-46.6333
2026-07-16 01:00:00,65.9,66.1,108.1,14.1,77,7.7,66,935.7,0.0,Brazil,Sao Paulo,-23.5505,-46.6333
2026-07-16 02:00:00,65.0,65.0,102.7,13.4,79,7.1,71,935.7,0.0,Brazil,Sao Paulo,-23.5505,-46.6333
2026-07-16 03:00:00,60.5,60.5,96.0,12.3,84,5.5,67,935.6,0.0,Brazil,Sao Paulo,-23.5505,-46.6333
2026-07-16 04:00:00,53.0,53.1,87.2,11.4,88,5.4,76,935.4,0.0,Brazil,Sao Paulo,-23.5505,-46.6333
2026-07-16 05:00:00,43.0,43.1,77.1,10.7,90,5.7,81,934.9,0.0,Brazil,Sao Paulo,-23.5505,-46.6333
2026-07-16 06:00:00,35.4,35.5,68.4,10.2,94,4.9,73,935.0,0.0,Brazil,Sao Paulo,-23.5505,-46.6333
2026-07-16 07:00:00,29.9,29.9,62.1,9.6,95,6.9,73,934.5,0.0,Brazil,Sao Paulo,-23.5505,-46.6333
2026-07-16 08:00:00,25.4,25.6,57.2,9.4,93,6.9,70,934.3,0.0,Brazil,Sao Paulo,-23.5505,-46.6333
2026-07-16 09:00:00,23.0,23.4,53.8,9.2,91,6.4,68,934.3,0.0,Brazil,Sao Paulo,-23.5505,-46.6333
2026-07-16 10:00:00,22.6,23.4,54.0,8.9,91,6.7,66,934.8,0.0,Brazil,Sao Paulo,-23.5505,-46.6333
2026-07-16 11:00:00,23.6,24.5,55.6,10.4,83,6.0,63,935.8,0.0,Brazil,Sao Paulo,-23.5505,-46.6333
2026-07-16 12:00:00,17.6,17.9,53.4,13.1,74,3.6,63,937.2,0.0,Brazil,Sao Paulo,-23.5505,-46.6333
2026-07-16 13:00:00,12.5,12.9,40.9,17.0,58,2.4,81,938.1,0.0,Brazil,Sao Paulo,-23.5505,-46.6333
2026-07-16 14:00:00,11.0,11.5,23.6,20.5,45,4.0,8,938.3,0.0,Brazil,Sao Paulo,-23.5505,-46.6333
2026-07-16 15:00:00,10.0,10.2,10.8,23.0,34,7.0,337,938.0,0.0,Brazil,Sao Paulo,-23.5505,-46.6333
2026-07-16 16:00:00,9.1,9.3,3.5,24.0,32,9.1,324,937.4,0.0,Brazil,Sao Paulo,-23.5505,-46.6333
2026-07-16 17:00:00,8.5,8.7,0.6,24.3,34,8.6,319,936.5,0.0,Brazil,Sao Paulo,-23.5505,-46.6333
2026-07-16 18:00:00,8.6,8.7,8.1,24.9,33,7.1,317,936.4,0.0,Brazil,Sao Paulo,-23.5505,-46.6333
2026-07-16 19:00:00,9.6,9.7,34.5,24.6,33,7.3,332,935.8,0.0,Brazil,Sao Paulo,-23.5505,-46.6333
2026-07-16 20:00:00,17.6,17.8,71.3,23.3,37,8.7,346,935.4,0.0,Brazil,Sao Paulo,-23.5505,-46.6333
2026-07-16 21:00:00,34.6,34.8,98.8,21.5,43,8.3,354,935.2,0.0,Brazil,Sao Paulo,-23.5505,-46.6333
2026-07-16 22:00:00,46.4,46.8,109.0,20.1,48,6.2,12,934.8,0.0,Brazil,Sao Paulo,-23.5505,-46.6333
2026-07-16 23:00:00,51.3,51.8,110.0,18.8,55,7.5,48,935.0,0.0,Brazil,Sao Paulo,-23.5505,-46.6333
2026-07-17 00:00:00,40.4,40.5,109.9,17.4,65,6.7,44,935.3,0.0,Brazil,Sao Paulo,-23.5505,-46.6333
2026-07-17 01:00:00,36.9,37.5,98.8,16.2,64,7.5,30,934.8,0.0,Brazil,Sao Paulo,-23.5505,-46.6333
2026-07-17 02:00:00,29.7,30.3,82.8,15.5,61,7.7,30,934.5,0.0,Brazil,Sao Paulo,-23.5505,-46.6333
2026-07-17 03:00:00,21.3,21.7,66.6,14.6,61,7.6,14,934.0,0.0,Brazil,Sao Paulo,-23.5505,-46.6333
2026-07-17 04:00:00,14.3,14.6,50.1,14.2,63,7.5,349,934.1,0.0,Brazil,Sao Paulo,-23.5505,-46.6333
2026-07-17 05:00:00,9.7,9.8,33.3,13.7,65,9.2,349,933.9,0.0,Brazil,Sao Paulo,-23.5505,-46.6333
2026-07-17 06:00:00,6.4,6.5,20.8,13.6,65,9.5,358,934.0,0.0,Brazil,Sao Paulo,-23.5505,-46.6333
2026-07-17 07:00:00,4.6,4.6,15.1,13.2,65,10.0,353,933.6,0.0,Brazil,Sao Paulo,-23.5505,-46.6333
2026-07-17 08:00:00,4.3,4.4,13.7,13.0,63,10.1,4,933.5,0.0,Brazil,Sao Paulo,-23.5505,-46.6333
2026-07-17 09:00:00,5.3,5.4,14.2,12.6,63,10.5,7,933.6,0.0,Brazil,Sao Paulo,-23.5505,-46.6333
2026-07-17 10:00:00,8.6,9.0,17.3,12.1,65,10.0,8,934.0,0.0,Brazil,Sao Paulo,-23.5505,-46.6333
2026-07-17 11:00:00,12.6,13.4,22.3,13.5,58,8.3,6,935.2,0.0,Brazil,Sao Paulo,-23.5505,-46.6333
2026-07-17 12:00:00,10.9,11.7,23.3,16.2,53,7.2,360,937.0,0.0,Brazil,Sao Paulo,-23.5505,-46.6333
2026-07-17 13:00:00,10.8,11.7,18.9,18.6,47,7.6,348,937.8,0.0,Brazil,Sao Paulo,-23.5505,-46.6333
2026-07-17 14:00:00,9.5,10.4,12.8,21.3,36,10.3,356,937.8,0.0,Brazil,Sao Paulo,-23.5505,-46.6333
2026-07-17 15:00:00,7.4,8.2,8.2,22.5,33,12.6,355,937.4,0.0,Brazil,Sao Paulo,-23.5505,-46.6333
2026-07-17 16:00:00,6.2,6.9,5.2,23.0,34,12.1,357,936.2,0.0,Brazil,Sao Paulo,-23.5505,-46.6333
2026-07-17 17:00:00,6.0,6.7,3.7,23.5,33,11.6,356,935.4,0.0,Brazil,Sao Paulo,-23.5505,-46.6333
2026-07-17 18:00:00,6.3,7.0,7.1,24.4,30,10.8,358,935.0,0.0,Brazil,Sao Paulo,-23.5505,-46.6333
2026-07-17 19:00:00,7.0,7.9,19.6,23.9,31,10.6,358,934.2,0.0,Brazil,Sao Paulo,-23.5505,-46.6333
2026-07-17 20:00:00,9.9,11.0,37.0,22.5,36,9.9,2,933.9,0.0,Brazil,Sao Paulo,-23.5505,-46.6333
2026-07-17 21:00:00,15.5,16.6,49.2,20.1,46,8.7,14,933.5,0.0,Brazil,Sao Paulo,-23.5505,-46.6333
2026-07-17 22:00:00,18.5,19.7,52.1,18.5,53,8.7,22,933.6,0.0,Brazil,Sao Paulo,-23.5505,-46.6333
2026-07-17 23:00:00,18.2,19.5,49.9,17.3,56,9.9,9,933.8,0.0,Brazil,Sao Paulo,-23.5505,-46.6333
2026-07-18 00:00:00,13.0,13.4,42.7,16.6,57,9.1,353,933.7,0.0,Brazil,Sao Paulo,-23.5505,-46.6333
2026-07-18 01:00:00,10.1,10.8,34.4,16.0,54,11.2,348,933.6,0.0,Brazil,Sao Paulo,-23.5505,-46.6333
2026-07-18 02:00:00,8.1,9.0,23.0,15.4,54,11.8,347,933.7,0.0,Brazil,Sao Paulo,-23.5505,-46.6333
2026-07-18 03:00:00,6.9,7.8,14.1,15.0,55,12.1,343,933.6,0.0,Brazil,Sao Paulo,-23.5505,-46.6333
2026-07-18 04:00:00,6.0,6.9,10.4,14.7,56,11.6,345,933.4,0.0,Brazil,Sao Paulo,-23.5505,-46.6333
2026-07-18 05:00:00,5.1,6.0,9.2,14.3,58,11.0,342,933.2,0.0,Brazil,Sao Paulo,-23.5505,-46.6333
2026-07-18 06:00:00,4.5,5.2,8.7,13.8,61,10.9,343,933.5,0.0,Brazil,Sao Paulo,-23.5505,-46.6333
2026-07-18 07:00:00,4.0,4.7,8.3,13.7,62,12.1,345,933.2,0.0,Brazil,Sao Paulo,-23.5505,-46.6333
2026-07-18 08:00:00,4.0,4.6,8.7,13.7,62,12.4,347,933.1,0.0,Brazil,Sao Paulo,-23.5505,-46.6333
2026-07-18 09:00:00,4.4,5.1,9.3,13.4,63,12.5,353,933.2,0.0,Brazil,Sao Paulo,-23.5505,-46.6333
2026-07-18 10:00:00,5.7,6.5,10.7,13.0,66,12.1,354,933.6,0.0,Brazil,Sao Paulo,-23.5505,-46.6333
2026-07-18 11:00:00,7.3,8.4,12.4,14.3,64,10.4,351,934.7,0.0,Brazil,Sao Paulo,-23.5505,-46.6333
2026-07-18 12:00:00,8.1,9.5,12.3,16.9,58,11.0,345,935.7,0.0,Brazil,Sao Paulo,-23.5505,-46.6333
2026-07-18 13:00:00,8.4,10.1,9.8,19.3,50,13.2,343,936.3,0.0,Brazil,Sao Paulo,-23.5505,-46.6333
2026-07-18 14:00:00,7.3,9.1,6.4,21.2,42,16.3,341,935.9,0.0,Brazil,Sao Paulo,-23.5505,-46.6333
2026-07-18 15:00:00,6.9,8.7,4.0,22.3,37,17.9,341,934.9,0.0,Brazil,Sao Paulo,-23.5505,-46.6333
2026-07-18 16:00:00,7.0,8.8,2.8,22.9,34,18.8,340,933.5,0.0,Brazil,Sao Paulo,-23.5505,-46.6333
2026-07-18 17:00:00,7.3,9.2,2.6,23.1,34,18.0,338,932.8,0.0,Brazil,Sao Paulo,-23.5505,-46.6333
2026-07-18 18:00:00,7.6,9.5,4.4,23.7,36,16.5,340,932.8,0.0,Brazil,Sao Paulo,-23.5505,-46.6333
2026-07-18 19:00:00,8.1,10.0,9.6,23.2,38,15.2,344,932.1,0.0,Brazil,Sao Paulo,-23.5505,-46.6333
2026-07-18 20:00:00,9.1,10.9,16.9,22.3,40,13.3,347,931.9,0.0,Brazil,Sao Paulo,-23.5505,-46.6333
2026-07-18 21:00:00,11.7,13.4,22.7,20.6,45,9.6,347,931.8,0.0,Brazil,Sao Paulo,-23.5505,-46.6333
2026-07-18 22:00:00,14.0,15.7,26.4,19.4,48,9.3,345,931.7,0.0,Brazil,Sao Paulo,-23.5505,-46.6333
2026-07-18 23:00:00,14.3,16.0,28.7,18.6,51,8.8,351,931.9,0.0,Brazil,Sao Paulo,-23.5505,-46.6333
2026-07-19 00:00:00,11.6,12.3,30.2,17.8,55,7.4,4,932.4,0.0,Brazil,Sao Paulo,-23.5505,-46.6333
2026-07-19 01:00:00,9.5,10.2,25.0,16.8,59,9.7,4,932.4,0.0,Brazil,Sao Paulo,-23.5505,-46.6333
2026-07-19 02:00:00,7.8,8.6,17.9,16.1,59,11.2,360,932.3,0.0,Brazil,Sao Paulo,-23.5505,-46.6333
2026-07-19 03:00:00,6.6,7.6,12.2,15.6,58,11.1,353,932.3,0.0,Brazil,Sao Paulo,-23.5505,-46.6333
2026-07-19 04:00:00,5.8,6.7,9.5,15.3,58,10.7,352,932.3,0.0,Brazil,Sao Paulo,-23.5505,-46.6333
2026-07-19 05:00:00,4.9,5.7,8.3,15.1,60,10.9,348,932.1,0.0,Brazil,Sao Paulo,-23.5505,-46.6333
2026-07-19 06:00:00,4.2,4.8,7.6,15.2,60,11.5,346,932.5,0.0,Brazil,Sao Paulo,-23.5505,-46.6333
2026-07-19 07:00:00,3.7,4.2,7.3,14.7,63,11.5,343,931.9,0.0,Brazil,Sao Paulo,-23.5505,-46.6333
2026-07-19 08:00:00,3.4,3.9,7.6,14.4,64,12.0,343,931.6,0.0,Brazil,Sao Paulo,-23.5505,-46.6333
2026-07-19 09:00:00,3.4,3.8,8.0,14.4,62,12.2,346,931.4,0.0,Brazil,Sao Paulo,-23.5505,-46.6333
2026-07-19 10:00:00,4.2,4.5,8.7,14.2,62,10.7,346,931.6,0.0,Brazil,Sao Paulo,-23.5505,-46.6333
2026-07-19 11:00:00,5.2,5.6,9.5,15.7,57,10.8,349,932.5,0.0,Brazil,Sao Paulo,-23.5505,-46.6333
2026-07-19 12:00:00,5.7,6.3,9.1,18.5,53,11.7,347,933.4,0.0,Brazil,Sao Paulo,-23.5505,-46.6333
2026-07-19 13:00:00,4.9,5.3,7.3,20.9,46,14.6,344,933.9,0.0,Brazil,Sao Paulo,-23.5505,-46.6333
2026-07-19 14:00:00,3.6,3.7,4.8,22.7,39,18.5,335,933.6,0.0,Brazil,Sao Paulo,-23.5505,-46.6333
2026-07-19 15:00:00,3.0,3.1,3.0,23.5,37,19.7,336,933.2,0.0,Brazil,Sao Paulo,-23.5505,-46.6333
2026-07-19 16:00:00,3.1,3.1,2.1,24.1,35,18.0,339,932.7,0.0,Brazil,Sao Paulo,-23.5505,-46.6333
2026-07-19 17:00:00,3.5,3.5,1.9,24.4,35,17.4,346,931.8,0.0,Brazil,Sao Paulo,-23.5505,-46.6333
2026-07-19 18:00:00,3.9,3.9,3.3,25.1,35,15.0,346,931.4,0.0,Brazil,Sao Paulo,-23.5505,-46.6333
2026-07-19 19:00:00,4.3,4.3,7.5,24.8,34,14.4,350,931.1,0.0,Brazil,Sao Paulo,-23.5505,-46.6333
2026-07-19 20:00:00,5.5,5.5,13.3,24.0,32,12.5,348,931.0,0.0,Brazil,Sao Paulo,-23.5505,-46.6333
2026-07-19 21:00:00,9.3,9.3,18.4,22.1,37,8.9,347,930.9,0.0,Brazil,Sao Paulo,-23.5505,-46.6333
2026-07-19 22:00:00,13.2,13.4,22.4,21.0,40,9.3,345,931.2,0.0,Brazil,Sao Paulo,-23.5505,-46.6333
2026-07-19 23:00:00,14.4,14.7,25.7,20.0,44,8.8,1,931.2,0.0,Brazil,Sao Paulo,-23.5505,-46.6333
2026-07-20 00:00:00,16.2,16.3,32.8,19.0,52,7.6,7,931.6,0.0,Brazil,Sao Paulo,-23.5505,-46.6333
2026-07-20 01:00:00,15.8,15.9,31.5,18.4,55,10.1,12,931.9,0.0,Brazil,Sao Paulo,-23.5505,-46.6333
2026-07-20 02:00:00,12.8,13.0,29.5,17.9,57,12.1,6,931.3,0.0,Brazil,Sao Paulo,-23.5505,-46.6333
2026-07-20 03:00:00,9.7,9.9,26.6,17.7,55,11.9,356,931.0,0.0,Brazil,Sao Paulo,-23.5505,-46.6333
2026-07-20 04:00:00,7.2,7.4,21.9,17.3,56,11.9,355,930.8,0.0,Brazil,Sao Paulo,-23.5505,-46.6333
2026-07-20 05:00:00,5.6,5.8,16.4,17.1,58,11.7,351,930.4,0.0,Brazil,Sao Paulo,-23.5505,-46.6333
2026-07-20 06:00:00,4.8,5.1,12.5,16.7,61,11.0,356,931.2,0.0,Brazil,Sao Paulo,-23.5505,-46.6333
2026-07-20 07:00:00,4.5,4.7,11.6,16.3,63,11.4,355,931.1,0.0,Brazil,Sao Paulo,-23.5505,-46.6333
2026-07-20 08:00:00,4.4,4.6,12.5,16.2,64,12.3,353,931.0,0.0,Brazil,Sao Paulo,-23.5505,-46.6333
2026-07-20 09:00:00,4.6,4.7,13.6,16.0,64,12.1,353,931.1,0.0,Brazil,Sao Paulo,-23.5505,-46.6333
2026-07-20 10:00:00,5.6,5.8,15.3,15.7,65,10.9,353,931.4,0.0,Brazil,Sao Paulo,-23.5505,-46.6333
2026-07-20 11:00:00,6.8,7.0,17.3,16.9,60,7.6,352,932.3,0.0,Brazil,Sao Paulo,-23.5505,-46.6333
2026-07-20 12:00:00,7.6,7.8,17.8,19.6,53,9.3,8,933.6,0.0,Brazil,Sao Paulo,-23.5505,-46.6333
2026-07-20 13:00:00,7.2,7.4,13.8,22.2,47,12.1,348,933.8,0.0,Brazil,Sao Paulo,-23.5505,-46.6333
2026-07-20 14:00:00,5.3,5.5,8.3,24.1,37,17.5,331,933.5,0.0,Brazil,Sao Paulo,-23.5505,-46.6333
2026-07-20 15:00:00,4.1,4.3,4.4,24.9,34,16.1,329,933.1,0.0,Brazil,Sao Paulo,-23.5505,-46.6333
2026-07-20 16:00:00,4.2,4.3,2.6,25.5,33,15.0,331,932.2,0.0,Brazil,Sao Paulo,-23.5505,-46.6333
2026-07-20 17:00:00,4.9,5.1,2.4,25.9,31,14.2,330,931.5,0.0,Brazil,Sao Paulo,-23.5505,-46.6333
2026-07-20 18:00:00,5.8,6.0,5.2,26.3,30,12.1,330,931.4,0.0,Brazil,Sao Paulo,-23.5505,-46.6333
2026-07-20 19:00:00,6.6,6.9,13.2,25.9,30,10.8,334,931.3,0.0,Brazil,Sao Paulo,-23.5505,-46.6333
2026-07-20 20:00:00,8.3,8.7,24.1,24.9,32,10.3,347,931.1,0.0,Brazil,Sao Paulo,-23.5505,-46.6333
2026-07-20 21:00:00,12.5,13.2,33.0,23.1,39,8.3,359,930.9,0.0,Brazil,Sao Paulo,-23.5505,-46.6333
2026-07-20 22:00:00,15.5,16.2,38.1,21.9,46,8.5,353,930.9,0.0,Brazil,Sao Paulo,-23.5505,-46.6333
2026-07-20 23:00:00,16.1,16.8,41.1,21.0,46,9.2,337,931.0,0.0,Brazil,Sao Paulo,-23.5505,-46.6333
2026-07-21 00:00:00,12.4,12.7,41.5,20.5,43,8.5,339,931.1,0.0,Brazil,Sao Paulo,-23.5505,-46.6333
2026-07-21 01:00:00,12.2,12.4,39.0,19.6,45,9.2,344,931.1,0.0,Brazil,Sao Paulo,-23.5505,-46.6333
2026-07-21 02:00:00,11.2,11.5,35.4,18.6,50,8.8,349,931.0,0.0,Brazil,Sao Paulo,-23.5505,-46.6333
2026-07-21 03:00:00,10.1,10.3,31.5,18.1,56,9.4,348,931.1,0.0,Brazil,Sao Paulo,-23.5505,-46.6333
2026-07-21 04:00:00,9.1,9.5,27.1,17.7,61,9.1,345,931.1,0.0,Brazil,Sao Paulo,-23.5505,-46.6333
2026-07-21 05:00:00,8.5,8.8,22.4,17.3,63,8.9,342,930.8,0.0,Brazil,Sao Paulo,-23.5505,-46.6333
2026-07-21 06:00:00,7.7,8.1,19.1,17.0,63,8.7,347,931.0,0.0,Brazil,Sao Paulo,-23.5505,-46.6333
2026-07-21 07:00:00,7.2,7.6,18.2,16.6,62,8.8,343,930.7,0.0,Brazil,Sao Paulo,-23.5505,-46.6333
2026-07-21 08:00:00,6.9,7.3,18.7,16.3,62,8.3,344,930.0,0.0,Brazil,Sao Paulo,-23.5505,-46.6333
2026-07-21 09:00:00,7.1,7.5,19.7,16.1,60,7.5,343,930.2,0.0,Brazil,Sao Paulo,-23.5505,-46.6333
2026-07-21 10:00:00,9.1,9.5,21.9,15.9,60,6.5,358,930.5,0.0,Brazil,Sao Paulo,-23.5505,-46.6333
2026-07-21 11:00:00,11.9,12.4,24.6,17.6,54,5.6,22,931.5,0.0,Brazil,Sao Paulo,-23.5505,-46.6333
2026-07-21 12:00:00,11.3,12.3,21.5,20.9,45,5.6,22,932.3,0.0,Brazil,Sao Paulo,-23.5505,-46.6333
2026-07-21 13:00:00,10.4,11.5,17.1,23.4,40,9.3,350,932.7,0.0,Brazil,Sao Paulo,-23.5505,-46.6333
2026-07-21 14:00:00,8.1,9.1,11.0,25.0,35,13.0,336,932.4,0.0,Brazil,Sao Paulo,-23.5505,-46.6333
2026-07-21 15:00:00,7.0,7.8,6.5,26.0,34,12.9,330,931.8,0.0,Brazil,Sao Paulo,-23.5505,-46.6333
2026-07-21 16:00:00,6.7,7.3,3.8,26.6,33,13.4,328,931.2,0.0,Brazil,Sao Paulo,-23.5505,-46.6333
2026-07-21 17:00:00,6.9,7.4,2.7,26.7,32,13.6,326,930.7,0.0,Brazil,Sao Paulo,-23.5505,-46.6333
2026-07-21 18:00:00,7.3,7.8,5.9,27.2,32,12.8,336,930.0,0.0,Brazil,Sao Paulo,-23.5505,-46.6333
2026-07-21 19:00:00,7.8,8.4,16.9,26.7,33,12.6,340,929.5,0.0,Brazil,Sao Paulo,-23.5505,-46.6333
2026-07-21 20:00:00,9.3,9.9,32.1,25.9,34,11.9,342,929.2,0.0,Brazil,Sao Paulo,-23.5505,-46.6333
2026-07-21 21:00:00,15.1,15.8,43.5,24.1,40,9.3,352,928.8,0.0,Brazil,Sao Paulo,-23.5505,-46.6333
2026-07-21 22:00:00,19.6,20.5,48.1,22.9,44,9.0,348,929.2,0.0,Brazil,Sao Paulo,-23.5505,-46.6333
2026-07-21 23:00:00,19.6,20.4,49.0,21.9,46,9.4,343,929.6,0.0,Brazil,Sao Paulo,-23.5505,-46.6333
2026-07-22 00:00:00,14.5,14.7,46.6,20.5,47,10.0,342,929.8,0.0,Brazil,Sao Paulo,-23.5505,-46.6333
2026-07-22 01:00:00,10.3,10.4,39.9,19.7,47,11.9,354,929.7,0.0,Brazil,Sao Paulo,-23.5505,-46.6333
2026-07-22 02:00:00,8.3,8.4,30.6,19.2,49,12.5,354,929.3,0.0,Brazil,Sao Paulo,-23.5505,-46.6333
2026-07-22 03:00:00,7.3,7.4,22.9,18.8,50,11.5,343,929.6,0.0,Brazil,Sao Paulo,-23.5505,-46.6333
2026-07-22 04:00:00,6.6,6.7,18.6,18.5,50,12.1,342,929.2,0.0,Brazil,Sao Paulo,-23.5505,-46.6333
2026-07-22 05:00:00,5.8,5.9,15.9,18.3,50,11.9,337,928.6,0.0,Brazil,Sao Paulo,-23.5505,-46.6333
2026-07-22 06:00:00,5.2,5.3,14.4,17.9,50,9.4,329,929.9,0.0,Brazil,Sao Paulo,-23.5505,-46.6333
2026-07-22 07:00:00,4.8,4.9,13.8,17.3,53,9.9,345,929.6,0.0,Brazil,Sao Paulo,-23.5505,-46.6333
2026-07-22 08:00:00,4.8,4.9,14.4,17.4,55,9.6,339,929.5,0.0,Brazil,Sao Paulo,-23.5505,-46.6333
2026-07-22 09:00:00,5.4,5.6,16.0,17.6,55,9.0,350,929.5,0.0,Brazil,Sao Paulo,-23.5505,-46.6333
2026-07-22 10:00:00,7.7,8.0,20.2,17.3,57,7.4,347,930.0,0.0,Brazil,Sao Paulo,-23.5505,-46.6333
2026-07-22 11:00:00,10.3,10.6,25.4,18.9,51,7.7,335,930.9,0.0,Brazil,Sao Paulo,-23.5505,-46.6333
2026-07-22 12:00:00,20.3,21.2,35.7,20.6,46,4.1,358,932.0,0.0,Brazil,Sao Paulo,-23.5505,-46.6333
2026-07-22 13:00:00,13.8,14.7,28.0,23.5,39,3.2,297,932.7,0.0,Brazil,Sao Paulo,-23.5505,-46.6333
2026-07-22 14:00:00,10.3,10.9,17.4,25.3,34,9.4,315,932.6,0.0,Brazil,Sao Paulo,-23.5505,-46.6333
2026-07-22 15:00:00,8.0,8.2,9.4,26.2,32,10.3,311,931.5,0.0,Brazil,Sao Paulo,-23.5505,-46.6333
2026-07-22 16:00:00,7.1,7.2,4.4,27.0,31,11.8,310,931.1,0.0,Brazil,Sao Paulo,-23.5505,-46.6333
2026-07-22 17:00:00,6.9,7.0,1.9,26.8,31,12.1,327,930.2,0.0,Brazil,Sao Paulo,-23.5505,-46.6333
2026-07-22 18:00:00,6.7,6.9,6.3,26.6,32,9.6,317,930.2,0.0,Brazil,Sao Paulo,-23.5505,-46.6333
2026-07-22 19:00:00,6.9,7.0,22.7,26.6,32,9.9,315,929.9,0.0,Brazil,Sao Paulo,-23.5505,-46.6333
2026-07-22 20:00:00,10.2,10.6,46.0,25.9,32,4.7,272,930.4,0.0,Brazil,Sao Paulo,-23.5505,-46.6333
2026-07-22 21:00:00,21.5,22.5,64.6,21.3,58,12.2,160,930.6,0.0,Brazil,Sao Paulo,-23.5505,-46.6333
2026-07-22 22:00:00,29.8,31.2,74.4,18.3,80,7.3,163,930.7,0.0,Brazil,Sao Paulo,-23.5505,-46.6333
2026-07-22 23:00:00,32.0,34.0,79.7,18.1,81,3.9,133,930.9,0.0,Brazil,Sao Paulo,-23.5505,-46.6333
2026-07-23 00:00:00,13.5,14.5,40.5,17.5,72,5.6,75,930.5,0.0,Brazil,Sao Paulo,-23.5505,-46.6333
2026-07-23 01:00:00,16.8,17.8,43.6,17.4,74,3.5,81,930.6,0.0,Brazil,Sao Paulo,-23.5505,-46.6333
2026-07-23 02:00:00,17.5,18.6,47.8,17.3,76,2.7,70,930.5,0.0,Brazil,Sao Paulo,-23.5505,-46.6333
2026-07-23 03:00:00,18.2,19.3,50.1,17.8,76,5.4,42,929.9,0.0,Brazil,Sao Paulo,-23.5505,-46.6333
2026-07-23 04:00:00,18.5,19.7,48.2,18.2,76,2.8,305,929.7,0.0,Brazil,Sao Paulo,-23.5505,-46.6333
2026-07-23 05:00:00,18.5,19.7,44.3,18.5,74,5.6,243,930.0,0.0,Brazil,Sao Paulo,-23.5505,-46.6333
2026-07-23 06:00:00,18.5,19.5,42.4,18.2,73,9.2,250,931.5,0.0,Brazil,Sao Paulo,-23.5505,-46.6333
2026-07-23 07:00:00,18.5,19.5,44.7,17.5,73,7.0,274,931.3,0.3,Brazil,Sao Paulo,-23.5505,-46.6333
2026-07-23 08:00:00,19.7,20.8,49.0,16.7,77,7.3,290,930.7,0.3,Brazil,Sao Paulo,-23.5505,-46.6333
2026-07-23 09:00:00,22.2,23.3,52.6,16.3,77,6.8,357,930.3,0.0,Brazil,Sao Paulo,-23.5505,-46.6333
2026-07-23 10:00:00,28.5,29.7,55.8,16.3,77,11.0,355,929.5,0.0,Brazil,Sao Paulo,-23.5505,-46.6333
2026-07-23 11:00:00,33.9,35.2,58.3,17.3,73,7.6,329,930.7,0.0,Brazil,Sao Paulo,-23.5505,-46.6333
2026-07-23 12:00:00,22.8,23.5,40.6,19.5,65,3.0,295,932.2,0.0,Brazil,Sao Paulo,-23.5505,-46.6333
2026-07-23 13:00:00,16.0,16.5,32.3,21.5,60,4.9,268,932.8,0.0,Brazil,Sao Paulo,-23.5505,-46.6333
2026-07-23 14:00:00,10.5,10.7,20.8,22.6,56,7.1,240,932.8,0.0,Brazil,Sao Paulo,-23.5505,-46.6333
2026-07-23 15:00:00,7.2,7.3,12.5,23.0,55,8.6,234,932.6,0.0,Brazil,Sao Paulo,-23.5505,-46.6333
2026-07-23 16:00:00,6.2,6.3,9.8,22.6,57,9.3,241,931.8,0.0,Brazil,Sao Paulo,-23.5505,-46.6333
2026-07-23 17:00:00,6.0,6.1,10.2,22.2,59,8.8,223,931.5,0.0,Brazil,Sao Paulo,-23.5505,-46.6333
2026-07-23 18:00:00,6.4,6.5,12.7,21.9,60,7.6,198,931.4,0.0,Brazil,Sao Paulo,-23.5505,-46.6333
2026-07-23 19:00:00,6.9,7.1,18.8,19.9,71,11.0,177,931.6,0.1,Brazil,Sao Paulo,-23.5505,-46.6333
2026-07-23 20:00:00,8.4,8.9,27.0,18.4,76,10.7,168,931.8,0.2,Brazil,Sao Paulo,-23.5505,-46.6333
2026-07-23 21:00:00,10.4,11.1,32.0,16.9,81,11.8,167,931.8,0.0,Brazil,Sao Paulo,-23.5505,-46.6333
2026-07-23 22:00:00,10.3,11.3,30.8,16.0,83,9.7,169,931.9,0.0,Brazil,Sao Paulo,-23.5505,-46.6333
2026-07-23 23:00:00,9.1,9.9,26.3,15.8,82,8.8,154,932.2,0.0,Brazil,Sao Paulo,-23.5505,-46.6333
2026-07-24 00:00:00,10.9,12.5,24.5,15.5,84,7.9,145,933.2,0.0,Brazil,Sao Paulo,-23.5505,-46.6333
2026-07-24 01:00:00,10.5,12.1,22.7,15.2,86,8.0,153,933.6,0.0,Brazil,Sao Paulo,-23.5505,-46.6333
2026-07-24 02:00:00,10.1,11.8,20.2,15.1,88,8.1,174,933.8,0.0,Brazil,Sao Paulo,-23.5505,-46.6333
2026-07-24 03:00:00,9.2,10.9,18.0,15.1,87,8.7,167,933.5,0.1,Brazil,Sao Paulo,-23.5505,-46.6333
2026-07-24 04:00:00,8.9,10.7,16.2,15.0,85,8.8,161,933.2,0.0,Brazil,Sao Paulo,-23.5505,-46.6333
2026-07-24 05:00:00,8.4,10.2,14.8,14.5,82,6.3,141,932.7,0.0,Brazil,Sao Paulo,-23.5505,-46.6333
2026-07-24 06:00:00,8.9,10.7,14.6,14.2,82,6.7,149,933.2,0.0,Brazil,Sao Paulo,-23.5505,-46.6333
2026-07-24 07:00:00,9.3,11.1,16.1,13.9,83,5.1,132,932.3,0.3,Brazil,Sao Paulo,-23.5505,-46.6333
2026-07-24 08:00:00,9.4,11.1,18.7,13.4,89,6.3,70,931.9,1.4,Brazil,Sao Paulo,-23.5505,-46.6333
2026-07-24 09:00:00,8.6,9.9,21.7,13.2,93,7.5,110,931.9,1.0,Brazil,Sao Paulo,-23.5505,-46.6333
2026-07-24 10:00:00,8.8,9.9,25.7,13.3,95,5.3,145,932.7,0.6,Brazil,Sao Paulo,-23.5505,-46.6333
2026-07-24 11:00:00,8.3,9.0,30.1,13.3,95,9.8,114,932.5,1.0,Brazil,Sao Paulo,-23.5505,-46.6333
2026-07-24 12:00:00,10.5,11.5,33.6,14.6,90,9.0,113,933.8,0.1,Brazil,Sao Paulo,-23.5505,-46.6333
2026-07-24 13:00:00,12.2,13.1,30.6,15.6,85,6.6,127,934.8,0.1,Brazil,Sao Paulo,-23.5505,-46.6333
2026-07-24 14:00:00,12.9,13.8,26.7,16.0,83,4.8,112,934.8,0.0,Brazil,Sao Paulo,-23.5505,-46.6333
2026-07-24 15:00:00,13.1,14.2,24.7,16.7,81,3.6,127,934.3,0.9,Brazil,Sao Paulo,-23.5505,-46.6333
2026-07-24 16:00:00,14.2,15.3,25.4,16.8,81,3.0,123,933.9,1.2,Brazil,Sao Paulo,-23.5505,-46.6333
2026-07-24 17:00:00,15.6,16.7,28.1,17.2,79,2.4,117,933.3,0.4,Brazil,Sao Paulo,-23.5505,-46.6333
2026-07-24 18:00:00,17.6,18.6,33.8,16.8,79,4.0,262,933.6,0.2,Brazil,Sao Paulo,-23.5505,-46.6333
2026-07-24 19:00:00,19.7,20.8,45.2,16.8,79,2.4,297,933.4,0.2,Brazil,Sao Paulo,-23.5505,-46.6333
2026-07-24 20:00:00,20.8,21.8,59.5,16.6,83,4.8,340,933.2,0.0,Brazil,Sao Paulo,-23.5505,-46.6333
2026-07-24 21:00:00,23.2,24.2,69.3,16.1,88,4.0,342,933.4,0.0,Brazil,Sao Paulo,-23.5505,-46.6333
2026-07-24 22:00:00,21.3,22.4,70.8,15.6,90,2.3,321,933.2,0.0,Brazil,Sao Paulo,-23.5505,-46.6333
2026-07-24 23:00:00,19.8,21.0,67.9,15.1,92,0.6,124,933.3,0.0,Brazil,Sao Paulo,-23.5505,-46.6333
2026-07-25 00:00:00,37.6,38.2,74.3,14.6,96,5.3,123,933.6,0.0,Brazil,Sao Paulo,-23.5505,-46.6333
2026-07-25 01:00:00,36.6,36.8,73.2,14.9,92,3.3,131,934.2,0.0,Brazil,Sao Paulo,-23.5505,-46.6333
2026-07-25 02:00:00,34.5,35.2,71.7,14.8,93,3.1,140,934.4,0.0,Brazil,Sao Paulo,-23.5505,-46.6333
2026-07-25 03:00:00,34.0,34.7,70.7,14.8,93,2.3,119,934.3,0.0,Brazil,Sao Paulo,-23.5505,-46.6333
2026-07-25 04:00:00,31.8,32.5,70.8,14.7,93,2.7,98,933.6,0.0,Brazil,Sao Paulo,-23.5505,-46.6333
2026-07-25 05:00:00,31.8,32.6,71.4,14.7,92,2.3,122,933.3,0.0,Brazil,Sao Paulo,-23.5505,-46.6333
2026-07-25 06:00:00,29.2,29.6,71.6,14.8,97,4.0,32,932.9,1.0,Brazil,Sao Paulo,-23.5505,-46.6333
2026-07-25 07:00:00,31.2,31.5,71.4,14.5,98,6.2,44,931.9,0.1,Brazil,Sao Paulo,-23.5505,-46.6333
2026-07-25 08:00:00,34.0,34.3,70.8,14.3,98,4.4,9,931.8,0.0,Brazil,Sao Paulo,-23.5505,-46.6333
2026-07-25 09:00:00,35.9,36.0,69.4,14.2,96,3.6,333,932.1,0.0,Brazil,Sao Paulo,-23.5505,-46.6333
2026-07-25 10:00:00,39.2,39.5,67.5,13.9,97,2.4,197,932.7,0.0,Brazil,Sao Paulo,-23.5505,-46.6333
2026-07-25 11:00:00,43.1,43.2,64.8,14.7,92,1.4,230,933.3,0.0,Brazil,Sao Paulo,-23.5505,-46.6333
2026-07-25 12:00:00,28.5,28.8,45.0,14.8,92,2.2,346,933.6,0.0,Brazil,Sao Paulo,-23.5505,-46.6333
2026-07-25 13:00:00,27.9,28.2,37.9,16.5,84,5.2,311,934.0,0.0,Brazil,Sao Paulo,-23.5505,-46.6333
2026-07-25 14:00:00,22.6,23.1,27.9,17.6,78,6.3,290,934.4,0.0,Brazil,Sao Paulo,-23.5505,-46.6333
2026-07-25 15:00:00,21.4,21.9,20.1,18.7,73,8.3,254,934.7,0.0,Brazil,Sao Paulo,-23.5505,-46.6333
2026-07-25 16:00:00,19.9,20.4,15.4,19.1,72,10.8,265,934.6,0.0,Brazil,Sao Paulo,-23.5505,-46.6333
2026-07-25 17:00:00,21.8,22.4,12.8,19.3,70,10.4,272,934.1,0.0,Brazil,Sao Paulo,-23.5505,-46.6333
2026-07-25 18:00:00,18.6,19.1,13.9,19.3,68,8.2,289,933.6,0.0,Brazil,Sao Paulo,-23.5505,-46.6333
2026-07-25 19:00:00,18.6,19.1,20.8,19.3,68,7.9,273,933.8,0.0,Brazil,Sao Paulo,-23.5505,-46.6333
2026-07-25 20:00:00,19.7,20.2,31.4,18.8,72,8.1,257,934.0,0.0,Brazil,Sao Paulo,-23.5505,-46.6333
2026-07-25 21:00:00,25.0,25.4,40.6,17.5,80,8.3,266,934.4,0.0,Brazil,Sao Paulo,-23.5505,-46.6333
2026-07-25 22:00:00,31.2,31.4,46.7,16.8,83,9.2,286,934.5,0.0,Brazil,Sao Paulo,-23.5505,-46.6333
2026-07-25 23:00:00,34.6,34.8,51.5,16.3,86,7.6,282,934.9,0.0,Brazil,Sao Paulo,-23.5505,-46.6333
2026-07-26 00:00:00,35.4,36.3,50.3,15.8,91,4.1,180,935.8,0.0,Brazil,Sao Paulo,-23.5505,-46.6333
2026-07-26 01:00:00,36.6,36.8,49.9,15.1,95,5.1,135,936.1,0.0,Brazil,Sao Paulo,-23.5505,-46.6333
2026-07-26 02:00:00,36.1,36.3,49.3,14.7,97,4.2,130,935.9,0.0,Brazil,Sao Paulo,-23.5505,-46.6333
2026-07-26 03:00:00,34.8,35.0,48.6,14.4,97,3.8,149,935.5,0.0,Brazil,Sao Paulo,-23.5505,-46.6333
2026-07-26 04:00:00,34.7,34.9,47.6,14.4,96,3.6,150,935.2,0.0,Brazil,Sao Paulo,-23.5505,-46.6333
2026-07-26 05:00:00,35.5,35.7,46.6,14.3,94,2.3,135,934.8,0.0,Brazil,Sao Paulo,-23.5505,-46.6333
2026-07-26 06:00:00,37.3,37.5,46.2,14.1,93,2.5,82,934.5,0.0,Brazil,Sao Paulo,-23.5505,-46.6333
2026-07-26 07:00:00,39.6,39.8,47.7,12.4,100,4.8,37,933.5,0.0,Brazil,Sao Paulo,-23.5505,-46.6333
2026-07-26 08:00:00,41.8,42.0,49.9,12.0,100,4.7,28,933.1,0.0,Brazil,Sao Paulo,-23.5505,-46.6333
2026-07-26 09:00:00,43.9,44.1,49.4,12.5,99,5.2,44,933.6,0.0,Brazil,Sao Paulo,-23.5505,-46.6333
2026-07-26 10:00:00,46.7,46.9,44.3,12.5,95,5.4,40,933.8,0.0,Brazil,Sao Paulo,-23.5505,-46.6333
2026-07-26 11:00:00,47.3,47.5,36.5,13.1,90,4.1,29,934.3,0.0,Brazil,Sao Paulo,-23.5505,-46.6333
2026-07-26 12:00:00,30.4,30.4,27.8,14.5,88,5.1,54,935.6,0.0,Brazil,Sao Paulo,-23.5505,-46.6333
2026-07-26 13:00:00,32.5,32.5,21.7,16.2,77,3.0,52,936.1,0.0,Brazil,Sao Paulo,-23.5505,-46.6333
2026-07-26 14:00:00,29.9,30.0,13.3,18.0,71,1.3,74,935.9,0.0,Brazil,Sao Paulo,-23.5505,-46.6333
2026-07-26 15:00:00,25.7,25.8,7.0,19.8,67,0.3,135,935.2,0.0,Brazil,Sao Paulo,-23.5505,-46.6333
2026-07-26 16:00:00,23.1,23.2,4.1,21.4,62,1.3,254,934.5,0.0,Brazil,Sao Paulo,-23.5505,-46.6333
2026-07-26 17:00:00,21.4,21.5,3.3,22.7,53,3.2,286,933.6,0.0,Brazil,Sao Paulo,-23.5505,-46.6333
2026-07-26 18:00:00,20.2,20.3,5.6,23.6,42,4.2,265,933.4,0.0,Brazil,Sao Paulo,-23.5505,-46.6333
2026-07-26 19:00:00,19.6,19.7,12.3,23.5,43,5.2,274,933.2,0.0,Brazil,Sao Paulo,-23.5505,-46.6333
2026-07-26 20:00:00,21.7,21.8,21.9,22.3,53,5.4,284,933.0,0.0,Brazil,Sao Paulo,-23.5505,-46.6333
2026-07-26 21:00:00,30.7,30.9,31.6,20.1,67,6.2,296,933.0,0.0,Brazil,Sao Paulo,-23.5505,-46.6333
2026-07-26 22:00:00,41.1,41.2,40.6,18.9,75,5.3,308,932.8,0.0,Brazil,Sao Paulo,-23.5505,-46.6333
2026-07-26 23:00:00,50.5,50.6,49.6,17.9,80,4.5,313,932.9,0.0,Brazil,Sao Paulo,-23.5505,-46.6333
2026-07-27 00:00:00,55.2,55.2,65.3,17.3,85,3.1,336,933.0,0.0,Brazil,Sao Paulo,-23.5505,-46.6333
2026-07-27 01:00:00,58.0,58.0,67.7,16.3,88,5.2,344,932.8,0.0,Brazil,Sao Paulo,-23.5505,-46.6333
2026-07-27 02:00:00,53.1,53.1,70.7,15.6,89,5.0,345,932.5,0.0,Brazil,Sao Paulo,-23.5505,-46.6333
2026-07-27 03:00:00,49.8,49.8,70.9,15.0,91,4.0,342,932.0,0.0,Brazil,Sao Paulo,-23.5505,-46.6333
2026-07-27 04:00:00,49.2,49.2,65.7,14.5,92,4.4,353,931.5,0.0,Brazil,Sao Paulo,-23.5505,-46.6333
2026-07-27 05:00:00,49.2,49.2,57.6,14.1,92,2.9,338,931.0,0.0,Brazil,Sao Paulo,-23.5505,-46.6333
2026-07-27 06:00:00,49.0,49.0,51.2,13.1,97,2.8,333,931.4,0.0,Brazil,Sao Paulo,-23.5505,-46.6333
2026-07-27 07:00:00,48.7,48.7,48.2,12.1,99,4.7,313,931.0,0.0,Brazil,Sao Paulo,-23.5505,-46.6333
2026-07-27 08:00:00,48.7,48.7,46.9,11.3,100,4.4,308,930.7,0.0,Brazil,Sao Paulo,-23.5505,-46.6333
2026-07-27 09:00:00,49.5,49.5,46.3,11.3,100,3.7,349,930.7,0.0,Brazil,Sao Paulo,-23.5505,-46.6333
2026-07-27 10:00:00,54.5,54.5,48.1,11.1,100,3.0,25,931.1,0.0,Brazil,Sao Paulo,-23.5505,-46.6333
2026-07-27 11:00:00,61.5,61.5,50.8,12.3,96,3.1,40,931.9,0.0,Brazil,Sao Paulo,-23.5505,-46.6333
2026-07-27 12:00:00,29.2,29.3,42.9,15.0,86,2.3,58,933.6,0.0,Brazil,Sao Paulo,-23.5505,-46.6333
2026-07-27 13:00:00,17.3,17.5,32.8,19.0,72,1.9,61,934.8,0.0,Brazil,Sao Paulo,-23.5505,-46.6333
2026-07-27 14:00:00,13.0,13.0,19.0,22.2,59,1.5,45,934.5,0.0,Brazil,Sao Paulo,-23.5505,-46.6333
2026-07-27 15:00:00,10.9,10.9,8.7,24.2,50,1.5,291,933.9,0.0,Brazil,Sao Paulo,-23.5505,-46.6333
2026-07-27 16:00:00,10.0,10.0,3.1,25.6,43,2.3,302,933.0,0.0,Brazil,Sao Paulo,-23.5505,-46.6333
2026-07-27 17:00:00,10.0,10.0,1.1,26.3,40,3.0,308,932.1,0.0,Brazil,Sao Paulo,-23.5505,-46.6333
2026-07-27 18:00:00,10.1,10.1,6.8,26.7,36,0.4,270,931.8,0.0,Brazil,Sao Paulo,-23.5505,-46.6333
2026-07-27 19:00:00,11.1,11.1,25.3,26.7,36,1.0,315,931.6,0.0,Brazil,Sao Paulo,-23.5505,-46.6333
2026-07-27 20:00:00,15.4,15.4,51.6,25.7,43,3.3,354,931.3,0.0,Brazil,Sao Paulo,-23.5505,-46.6333
2026-07-27 21:00:00,28.9,29.0,74.8,23.6,50,6.7,9,931.3,0.0,Brazil,Sao Paulo,-23.5505,-46.6333
2026-07-27 22:00:00,42.7,42.7,91.9,22.2,59,3.5,348,931.3,0.0,Brazil,Sao Paulo,-23.5505,-46.6333
2026-07-27 23:00:00,51.5,51.6,106.0,21.1,67,1.1,288,931.8,0.0,Brazil,Sao Paulo,-23.5505,-46.6333
2026-07-28 00:00:00,61.2,61.5,123.9,19.9,74,0.5,45,931.9,0.0,Brazil,Sao Paulo,-23.5505,-46.6333
2026-07-28 01:00:00,69.2,69.2,123.9,18.9,78,0.0,270,932.1,0.0,Brazil,Sao Paulo,-23.5505,-46.6333
2026-07-28 02:00:00,75.4,75.4,123.8,17.9,80,1.5,21,931.8,0.0,Brazil,Sao Paulo,-23.5505,-46.6333
2026-07-28 03:00:00,78.7,78.7,123.5,16.8,85,3.5,15,931.5,0.0,Brazil,Sao Paulo,-23.5505,-46.6333
2026-07-28 04:00:00,78.9,79.2,123.7,16.3,86,4.1,23,931.2,0.0,Brazil,Sao Paulo,-23.5505,-46.6333
2026-07-28 05:00:00,75.7,75.9,123.7,15.9,85,5.2,29,930.7,0.0,Brazil,Sao Paulo,-23.5505,-46.6333
2026-07-28 06:00:00,68.9,69.2,120.4,15.4,84,4.6,39,930.8,0.0,Brazil,Sao Paulo,-23.5505,-46.6333
2026-07-28 07:00:00,63.3,63.3,112.3,14.6,85,5.7,41,929.8,0.0,Brazil,Sao Paulo,-23.5505,-46.6333
2026-07-28 08:00:00,58.6,58.6,101.0,14.2,84,4.0,32,929.4,0.0,Brazil,Sao Paulo,-23.5505,-46.6333
2026-07-28 09:00:00,52.2,52.2,88.2,13.9,85,3.1,24,929.6,0.0,Brazil,Sao Paulo,-23.5505,-46.6333
2026-07-28 10:00:00,47.3,47.3,73.7,13.8,83,3.3,6,930.2,0.0,Brazil,Sao Paulo,-23.5505,-46.6333
2026-07-28 11:00:00,42.5,42.6,57.6,16.5,71,5.6,343,931.8,0.0,Brazil,Sao Paulo,-23.5505,-46.6333
2026-07-28 12:00:00,16.1,16.4,42.3,20.6,58,7.4,346,933.5,0.0,Brazil,Sao Paulo,-23.5505,-46.6333
2026-07-28 13:00:00,11.2,11.4,31.9,22.8,51,9.7,332,934.3,0.0,Brazil,Sao Paulo,-23.5505,-46.6333
2026-07-28 14:00:00,9.9,10.0,17.7,24.3,46,11.7,331,934.1,0.0,Brazil,Sao Paulo,-23.5505,-46.6333
2026-07-28 15:00:00,8.9,9.0,7.3,25.4,43,13.1,322,933.3,0.0,Brazil,Sao Paulo,-23.5505,-46.6333
2026-07-28 16:00:00,8.8,8.8,2.7,26.3,40,12.3,314,932.4,0.0,Brazil,Sao Paulo,-23.5505,-46.6333
2026-07-28 17:00:00,9.5,9.5,2.0,26.8,36,11.2,312,931.5,0.0,Brazil,Sao Paulo,-23.5505,-46.6333
2026-07-28 18:00:00,10.4,10.5,7.2,27.5,32,8.8,309,931.3,0.0,Brazil,Sao Paulo,-23.5505,-46.6333
2026-07-28 19:00:00,11.5,11.7,22.2,27.4,32,8.4,323,930.8,0.0,Brazil,Sao Paulo,-23.5505,-46.6333
2026-07-28 20:00:00,15.3,15.4,43.2,26.1,37,7.5,333,930.6,0.0,Brazil,Sao Paulo,-23.5505,-46.6333
2026-07-28 21:00:00,23.0,23.1,60.8,23.6,48,6.7,340,930.5,0.0,Brazil,Sao Paulo,-23.5505,-46.6333
2026-07-28 22:00:00,28.6,28.8,72.2,22.5,53,6.6,351,930.4,0.0,Brazil,Sao Paulo,-23.5505,-46.6333
2026-07-28 23:00:00,33.1,33.2,80.3,21.4,58,5.9,349,930.5,0.0,Brazil,Sao Paulo,-23.5505,-46.6333
2026-07-29 00:00:00,27.5,27.7,87.9,20.2,65,5.9,342,930.8,0.0,Brazil,Sao Paulo,-23.5505,-46.6333
2026-07-29 01:00:00,29.1,29.5,84.9,20.2,62,7.8,337,931.0,0.0,Brazil,Sao Paulo,-23.5505,-46.6333
2026-07-29 02:00:00,28.5,28.9,80.4,20.0,59,8.0,329,930.9,0.0,Brazil,Sao Paulo,-23.5505,-46.6333
2026-07-29 03:00:00,24.5,25.0,74.6,19.9,56,9.1,333,930.7,0.0,Brazil,Sao Paulo,-23.5505,-46.6333
2026-07-29 04:00:00,21.2,21.6,66.7,19.7,54,8.1,335,930.5,0.0,Brazil,Sao Paulo,-23.5505,-46.6333
2026-07-29 05:00:00,19.8,20.2,57.4,19.1,55,7.4,331,930.2,0.0,Brazil,Sao Paulo,-23.5505,-46.6333
2026-07-29 06:00:00,18.3,18.7,49.5,18.6,59,9.0,334,930.3,0.0,Brazil,Sao Paulo,-23.5505,-46.6333
2026-07-29 07:00:00,15.9,16.3,43.9,18.4,59,10.9,333,929.8,0.0,Brazil,Sao Paulo,-23.5505,-46.6333
2026-07-29 08:00:00,13.4,13.8,39.7,18.3,59,10.9,338,929.9,0.0,Brazil,Sao Paulo,-23.5505,-46.6333
2026-07-29 09:00:00,11.7,12.0,36.3,17.9,61,10.0,346,929.7,0.0,Brazil,Sao Paulo,-23.5505,-46.6333
2026-07-29 10:00:00,12.0,12.2,34.7,17.8,63,9.9,3,930.0,0.0,Brazil,Sao Paulo,-23.5505,-46.6333
2026-07-29 11:00:00,12.5,12.7,34.0,19.7,58,11.3,18,930.6,0.0,Brazil,Sao Paulo,-23.5505,-46.6333
2026-07-29 12:00:00,5.3,5.4,28.1,22.7,53,9.3,18,930.6,0.0,Brazil,Sao Paulo,-23.5505,-46.6333
2026-07-29 13:00:00,6.8,6.9,21.7,25.7,43,11.8,352,931.1,0.0,Brazil,Sao Paulo,-23.5505,-46.6333
2026-07-29 14:00:00,6.5,6.5,12.9,27.8,33,12.1,345,932.1,0.0,Brazil,Sao Paulo,-23.5505,-46.6333
2026-07-29 15:00:00,4.8,4.8,6.7,28.6,31,15.6,333,932.2,0.0,Brazil,Sao Paulo,-23.5505,-46.6333
2026-07-29 16:00:00,4.0,4.0,4.5,29.2,29,17.4,324,931.3,0.0,Brazil,Sao Paulo,-23.5505,-46.6333
2026-07-29 17:00:00,4.4,4.4,4.9,28.9,27,16.6,300,931.2,0.0,Brazil,Sao Paulo,-23.5505,-46.6333
2026-07-29 18:00:00,6.1,6.3,8.2,18.8,67,20.2,191,933.0,0.0,Brazil,Sao Paulo,-23.5505,-46.6333
2026-07-29 19:00:00,7.5,7.6,16.2,18.9,66,12.5,191,933.7,0.1,Brazil,Sao Paulo,-23.5505,-46.6333
2026-07-29 20:00:00,9.1,9.2,27.1,18.2,68,11.7,209,934.4,0.9,Brazil,Sao Paulo,-23.5505,-46.6333
2026-07-29 21:00:00,11.4,11.5,35.8,16.5,80,11.7,201,934.8,3.6,Brazil,Sao Paulo,-23.5505,-46.6333
2026-07-29 22:00:00,12.9,13.0,39.8,16.8,81,3.6,20,934.1,0.3,Brazil,Sao Paulo,-23.5505,-46.6333
2026-07-29 23:00:00,13.8,14.0,41.5,15.6,93,12.2,8,932.5,2.0,Brazil,Sao Paulo,-23.5505,-46.6333
2026-07-30 00:00:00,19.7,20.1,49.0,17.4,73,9.1,342,931.6,0.0,Brazil,Sao Paulo,-23.5505,-46.6333
2026-07-30 01:00:00,22.2,22.5,51.2,17.5,67,6.0,273,932.7,0.0,Brazil,Sao Paulo,-23.5505,-46.6333
2026-07-30 02:00:00,24.4,24.8,53.9,16.6,72,5.6,331,932.6,0.0,Brazil,Sao Paulo,-23.5505,-46.6333
2026-07-30 03:00:00,25.0,25.4,54.4,15.8,76,7.3,298,932.7,0.0,Brazil,Sao Paulo,-23.5505,-46.6333
2026-07-30 04:00:00,24.7,25.2,50.7,16.0,74,7.2,252,933.0,0.0,Brazil,Sao Paulo,-23.5505,-46.6333
2026-07-30 05:00:00,23.3,23.9,44.7,15.7,74,6.2,263,932.7,0.0,Brazil,Sao Paulo,-23.5505,-46.6333
2026-07-30 06:00:00,20.3,20.9,39.5,16.0,76,7.3,234,933.9,0.0,Brazil,Sao Paulo,-23.5505,-46.6333
2026-07-30 07:00:00,17.6,18.5,36.0,15.5,77,9.5,205,933.6,0.0,Brazil,Sao Paulo,-23.5505,-46.6333
2026-07-30 08:00:00,16.4,17.5,33.3,14.6,84,5.8,219,933.3,0.0,Brazil,Sao Paulo,-23.5505,-46.6333
2026-07-30 09:00:00,17.2,18.7,31.1,13.9,88,3.5,195,933.1,0.0,Brazil,Sao Paulo,-23.5505,-46.6333
2026-07-30 10:00:00,21.2,22.9,30.2,13.5,91,4.2,170,933.8,0.0,Brazil,Sao Paulo,-23.5505,-46.6333
2026-07-30 11:00:00,21.6,23.6,29.8,14.8,85,5.8,112,935.3,0.0,Brazil,Sao Paulo,-23.5505,-46.6333
2026-07-30 12:00:00,6.9,7.9,20.2,15.6,82,10.8,127,937.0,0.0,Brazil,Sao Paulo,-23.5505,-46.6333
2026-07-30 13:00:00,8.1,9.2,17.4,16.1,79,9.4,128,937.9,0.0,Brazil,Sao Paulo,-23.5505,-46.6333
2026-07-30 14:00:00,8.8,10.4,13.7,17.4,71,8.5,125,938.0,0.0,Brazil,Sao Paulo,-23.5505,-46.6333
2026-07-30 15:00:00,10.0,12.1,11.0,18.5,67,8.2,130,937.5,0.0,Brazil,Sao Paulo,-23.5505,-46.6333
2026-07-30 16:00:00,11.6,14.0,9.7,19.8,61,8.1,141,937.2,0.0,Brazil,Sao Paulo,-23.5505,-46.6333
2026-07-30 17:00:00,13.1,15.8,9.6,20.2,60,8.7,146,936.7,0.0,Brazil,Sao Paulo,-23.5505,-46.6333
2026-07-30 18:00:00,14.6,17.6,11.8,20.9,58,8.7,159,936.4,0.0,Brazil,Sao Paulo,-23.5505,-46.6333
2026-07-30 19:00:00,15.8,19.0,17.8,20.0,61,8.4,157,936.4,0.0,Brazil,Sao Paulo,-23.5505,-46.6333
2026-07-30 20:00:00,17.3,20.5,26.2,18.6,68,9.1,141,935.8,0.0,Brazil,Sao Paulo,-23.5505,-46.6333
2026-07-30 21:00:00,18.4,21.1,33.9,17.3,75,9.7,140,935.8,0.0,Brazil,Sao Paulo,-23.5505,-46.6333
2026-07-30 22:00:00,20.1,22.5,41.0,16.1,84,8.4,138,935.6,0.0,Brazil,Sao Paulo,-23.5505,-46.6333
2026-07-30 23:00:00,22.0,24.4,47.3,15.4,89,8.8,145,936.5,0.0,Brazil,Sao Paulo,-23.5505,-46.6333
2026-07-31 00:00:00,19.4,22.7,33.4,15.5,89,8.7,137,937.4,0.0,Brazil,Sao Paulo,-23.5505,-46.6333
2026-07-31 01:00:00,19.0,22.1,31.3,14.8,93,8.7,137,937.9,0.0,Brazil,Sao Paulo,-23.5505,-46.6333
2026-07-31 02:00:00,17.4,19.8,28.4,15.3,91,10.1,129,938.2,0.0,Brazil,Sao Paulo,-23.5505,-46.6333
2026-07-31 03:00:00,14.8,17.2,25.4,15.5,90,10.4,124,938.0,0.0,Brazil,Sao Paulo,-23.5505,-46.6333
2026-07-31 04:00:00,13.3,15.3,22.4,15.2,91,9.2,111,937.4,0.0,Brazil,Sao Paulo,-23.5505,-46.6333
2026-07-31 05:00:00,12.0,13.9,19.4,15.0,89,9.3,106,937.1,0.0,Brazil,Sao Paulo,-23.5505,-46.6333
2026-07-31 06:00:00,11.6,13.4,17.5,14.4,91,9.6,99,937.2,0.0,Brazil,Sao Paulo,-23.5505,-46.6333
2026-07-31 07:00:00,12.1,14.3,17.4,13.7,93,9.9,88,936.4,0.0,Brazil,Sao Paulo,-23.5505,-46.6333
2026-07-31 08:00:00,12.3,14.1,18.4,13.3,96,9.0,92,936.2,0.0,Brazil,Sao Paulo,-23.5505,-46.6333
2026-07-31 09:00:00,12.7,14.3,19.9,13.2,98,8.9,96,936.4,0.0,Brazil,Sao Paulo,-23.5505,-46.6333
2026-07-31 10:00:00,15.7,16.9,22.7,13.4,95,11.5,86,937.0,0.0,Brazil,Sao Paulo,-23.5505,-46.6333
2026-07-31 11:00:00,18.0,19.3,26.1,14.1,88,12.3,84,937.9,0.0,Brazil,Sao Paulo,-23.5505,-46.6333
2026-07-31 12:00:00,14.1,14.4,22.9,15.7,81,14.2,89,938.7,0.0,Brazil,Sao Paulo,-23.5505,-46.6333
2026-07-31 13:00:00,14.1,14.3,19.3,17.8,66,12.1,93,939.5,0.0,Brazil,Sao Paulo,-23.5505,-46.6333
2026-07-31 14:00:00,13.9,14.0,14.3,19.6,58,10.1,93,939.6,0.0,Brazil,Sao Paulo,-23.5505,-46.6333
2026-07-31 15:00:00,14.0,14.2,10.6,21.4,50,9.5,91,938.9,0.0,Brazil,Sao Paulo,-23.5505,-46.6333
2026-07-31 16:00:00,13.6,13.9,8.4,22.8,42,9.4,91,938.3,0.0,Brazil,Sao Paulo,-23.5505,-46.6333
2026-07-31 17:00:00,14.4,14.8,7.5,23.7,37,8.8,91,937.7,0.0,Brazil,Sao Paulo,-23.5505,-46.6333
2026-07-31 18:00:00,15.1,15.8,9.4,24.4,35,9.8,96,937.2,0.0,Brazil,Sao Paulo,-23.5505,-46.6333
2026-07-31 19:00:00,16.0,16.9,15.6,24.2,36,9.6,103,936.9,0.0,Brazil,Sao Paulo,-23.5505,-46.6333
2026-07-31 20:00:00,16.1,17.5,24.7,22.5,44,10.1,121,936.6,0.0,Brazil,Sao Paulo,-23.5505,-46.6333
2026-07-31 21:00:00,17.2,18.7,33.4,19.4,69,10.0,141,936.5,0.0,Brazil,Sao Paulo,-23.5505,-46.6333
2026-07-31 22:00:00,19.6,21.1,41.5,17.7,83,7.8,130,936.4,0.0,Brazil,Sao Paulo,-23.5505,-46.6333
2026-07-31 23:00:00,23.0,24.3,49.3,16.7,88,6.4,115,937.0,0.0,Brazil,Sao Paulo,-23.5505,-46.6333
2026-08-01 00:00:00,20.5,21.8,51.2,16.3,91,6.0,107,937.4,0.0,Brazil,Sao Paulo,-23.5505,-46.6333
2026-08-01 01:00:00,21.8,23.1,51.7,15.7,93,7.2,86,937.2,0.0,Brazil,Sao Paulo,-23.5505,-46.6333
2026-08-01 02:00:00,25.0,26.4,52.1,15.3,93,9.1,76,937.1,0.0,Brazil,Sao Paulo,-23.5505,-46.6333
2026-08-01 03:00:00,26.4,27.8,50.8,14.6,95,10.3,67,936.7,0.0,Brazil,Sao Paulo,-23.5505,-46.6333
2026-08-01 04:00:00,27.4,28.2,46.1,14.2,97,10.2,64,936.0,0.0,Brazil,Sao Paulo,-23.5505,-46.6333
2026-08-01 05:00:00,27.4,27.8,39.5,14.1,96,9.2,62,935.7,0.0,Brazil,Sao Paulo,-23.5505,-46.6333
2026-08-01 06:00:00,27.5,27.8,34.2,14.1,95,6.3,63,935.7,0.0,Brazil,Sao Paulo,-23.5505,-46.6333
2026-08-01 07:00:00,27.1,27.5,31.5,13.7,96,5.9,55,934.8,0.0,Brazil,Sao Paulo,-23.5505,-46.6333
2026-08-01 08:00:00,26.2,26.5,30.1,13.4,95,5.6,57,934.6,0.0,Brazil,Sao Paulo,-23.5505,-46.6333
2026-08-01 09:00:00,25.6,25.8,28.5,13.3,89,5.3,38,934.8,0.0,Brazil,Sao Paulo,-23.5505,-46.6333
2026-08-01 10:00:00,27.3,27.5,26.8,13.2,84,5.5,38,935.1,0.0,Brazil,Sao Paulo,-23.5505,-46.6333
2026-08-01 11:00:00,27.0,27.3,24.9,14.1,77,4.2,54,935.9,0.0,Brazil,Sao Paulo,-23.5505,-46.6333
2026-08-01 12:00:00,12.2,12.7,17.8,16.4,71,4.5,67,937.2,0.0,Brazil,Sao Paulo,-23.5505,-46.6333
2026-08-01 13:00:00,11.4,12.1,14.0,19.5,60,5.1,51,937.6,0.0,Brazil,Sao Paulo,-23.5505,-46.6333
2026-08-01 14:00:00,11.7,12.4,8.7,22.2,50,5.2,31,937.6,0.0,Brazil,Sao Paulo,-23.5505,-46.6333
2026-08-01 15:00:00,11.6,12.2,4.8,24.6,39,6.8,12,937.3,0.0,Brazil,Sao Paulo,-23.5505,-46.6333
2026-08-01 16:00:00,11.3,11.9,2.2,25.9,33,6.9,355,936.3,0.0,Brazil,Sao Paulo,-23.5505,-46.6333
2026-08-01 17:00:00,10.9,11.5,1.0,26.6,32,7.2,335,935.7,0.0,Brazil,Sao Paulo,-23.5505,-46.6333
2026-08-01 18:00:00,10.8,11.4,4.6,26.6,32,8.5,328,935.4,0.0,Brazil,Sao Paulo,-23.5505,-46.6333
2026-08-01 19:00:00,11.0,11.6,15.6,25.7,32,9.5,331,934.8,0.0,Brazil,Sao Paulo,-23.5505,-46.6333
2026-08-01 20:00:00,13.3,13.9,31.3,24.6,35,10.4,334,934.7,0.0,Brazil,Sao Paulo,-23.5505,-46.6333
2026-08-01 21:00:00,22.5,23.1,47.1,22.6,45,9.4,349,934.3,0.0,Brazil,Sao Paulo,-23.5505,-46.6333
2026-08-01 22:00:00,33.8,34.5,63.8,21.8,50,9.0,358,934.1,0.0,Brazil,Sao Paulo,-23.5505,-46.6333
2026-08-01 23:00:00,44.4,45.2,80.7,20.9,55,8.4,19,934.1,0.0,Brazil,Sao Paulo,-23.5505,-46.6333
